date,value,cpi_mom_pct,cpi_yoy_pct,series_id,label,name,units
1999-01-01,164.7,0.18248175182480342,1.6666666666666607,CPIAUCSL,CPI,Consumer Price Index for All Urban Consumers: All Items in U.S. City Average,"index 1982-1984=100, seasonally adjusted"
1999-02-01,164.7,0.0,1.6666666666666607,CPIAUCSL,CPI,Consumer Price Index for All Urban Consumers: All Items in U.S. City Average,"index 1982-1984=100, seasonally adjusted"
1999-03-01,164.8,0.06071645415908211,1.7283950617283939,CPIAUCSL,CPI,Consumer Price Index for All Urban Consumers: All Items in U.S. City Average,"index 1982-1984=100, seasonally adjusted"
1999-04-01,165.9,0.6674757281553312,2.281134401972884,CPIAUCSL,CPI,Consumer Price Index for All Urban Consumers: All Items in U.S. City Average,"index 1982-1984=100, seasonally adjusted"
1999-05-01,166.0,0.06027727546713546,2.091020910209096,CPIAUCSL,CPI,Consumer Price Index for All Urban Consumers: All Items in U.S. City Average,"index 1982-1984=100, seasonally adjusted"
1999-06-01,166.0,0.0,1.9656019656019597,CPIAUCSL,CPI,Consumer Price Index for All Urban Consumers: All Items in U.S. City Average,"index 1982-1984=100, seasonally adjusted"
1999-07-01,166.7,0.42168674698794817,2.1446078431372584,CPIAUCSL,CPI,Consumer Price Index for All Urban Consumers: All Items in U.S. City Average,"index 1982-1984=100, seasonally adjusted"
1999-08-01,167.1,0.23995200959807672,2.2643818849449104,CPIAUCSL,CPI,Consumer Price Index for All Urban Consumers: All Items in U.S. City Average,"index 1982-1984=100, seasonally adjusted"
1999-09-01,167.8,0.418910831837227,2.629969418960254,CPIAUCSL,CPI,Consumer Price Index for All Urban Consumers: All Items in U.S. City Average,"index 1982-1984=100, seasonally adjusted"
1999-10-01,168.1,0.17878426698449967,2.56253813300793,CPIAUCSL,CPI,Consumer Price Index for All Urban Consumers: All Items in U.S. City Average,"index 1982-1984=100, seasonally adjusted"
1999-11-01,168.4,0.17846519928614857,2.6203534430225606,CPIAUCSL,CPI,Consumer Price Index for All Urban Consumers: All Items in U.S. City Average,"index 1982-1984=100, seasonally adjusted"
1999-12-01,168.8,0.23752969121140222,2.676399026763998,CPIAUCSL,CPI,Consumer Price Index for All Urban Consumers: All Items in U.S. City Average,"index 1982-1984=100, seasonally adjusted"
2000-01-01,169.3,0.2962085308056972,2.792956891317555,CPIAUCSL,CPI,Consumer Price Index for All Urban Consumers: All Items in U.S. City Average,"index 1982-1984=100, seasonally adjusted"
2000-02-01,170.0,0.41346721795627595,3.2179720704310855,CPIAUCSL,CPI,Consumer Price Index for All Urban Consumers: All Items in U.S. City Average,"index 1982-1984=100, seasonally adjusted"
2000-03-01,171.0,0.588235294117645,3.762135922330101,CPIAUCSL,CPI,Consumer Price Index for All Urban Consumers: All Items in U.S. City Average,"index 1982-1984=100, seasonally adjusted"
2000-04-01,170.9,-0.05847953216373547,3.013863773357439,CPIAUCSL,CPI,Consumer Price Index for All Urban Consumers: All Items in U.S. City Average,"index 1982-1984=100, seasonally adjusted"
2000-05-01,171.2,0.17554125219425565,3.1325301204819134,CPIAUCSL,CPI,Consumer Price Index for All Urban Consumers: All Items in U.S. City Average,"index 1982-1984=100, seasonally adjusted"
2000-06-01,172.2,0.5841121495327117,3.7349397590361377,CPIAUCSL,CPI,Consumer Price Index for All Urban Consumers: All Items in U.S. City Average,"index 1982-1984=100, seasonally adjusted"
2000-07-01,172.7,0.29036004645761615,3.5992801439711952,CPIAUCSL,CPI,Consumer Price Index for All Urban Consumers: All Items in U.S. City Average,"index 1982-1984=100, seasonally adjusted"
2000-08-01,172.7,0.0,3.3512866546977715,CPIAUCSL,CPI,Consumer Price Index for All Urban Consumers: All Items in U.S. City Average,"index 1982-1984=100, seasonally adjusted"
2000-09-01,173.6,0.5211349160393786,3.45649582836709,CPIAUCSL,CPI,Consumer Price Index for All Urban Consumers: All Items in U.S. City Average,"index 1982-1984=100, seasonally adjusted"
2000-10-01,173.9,0.1728110599078514,3.4503271861986873,CPIAUCSL,CPI,Consumer Price Index for All Urban Consumers: All Items in U.S. City Average,"index 1982-1984=100, seasonally adjusted"
2000-11-01,174.2,0.17251293847038163,3.444180522565321,CPIAUCSL,CPI,Consumer Price Index for All Urban Consumers: All Items in U.S. City Average,"index 1982-1984=100, seasonally adjusted"
2000-12-01,174.6,0.22962112514350874,3.4360189573459543,CPIAUCSL,CPI,Consumer Price Index for All Urban Consumers: All Items in U.S. City Average,"index 1982-1984=100, seasonally adjusted"
2001-01-01,175.6,0.572737686139746,3.7212049616065945,CPIAUCSL,CPI,Consumer Price Index for All Urban Consumers: All Items in U.S. City Average,"index 1982-1984=100, seasonally adjusted"
2001-02-01,176.0,0.2277904328018332,3.529411764705892,CPIAUCSL,CPI,Consumer Price Index for All Urban Consumers: All Items in U.S. City Average,"index 1982-1984=100, seasonally adjusted"
2001-03-01,176.1,0.05681818181817455,2.9824561403508643,CPIAUCSL,CPI,Consumer Price Index for All Urban Consumers: All Items in U.S. City Average,"index 1982-1984=100, seasonally adjusted"
2001-04-01,176.4,0.17035775127769437,3.2182562902282053,CPIAUCSL,CPI,Consumer Price Index for All Urban Consumers: All Items in U.S. City Average,"index 1982-1984=100, seasonally adjusted"
2001-05-01,177.3,0.5102040816326481,3.5630841121495394,CPIAUCSL,CPI,Consumer Price Index for All Urban Consumers: All Items in U.S. City Average,"index 1982-1984=100, seasonally adjusted"
2001-06-01,177.7,0.2256063169768563,3.193960511033689,CPIAUCSL,CPI,Consumer Price Index for All Urban Consumers: All Items in U.S. City Average,"index 1982-1984=100, seasonally adjusted"
2001-07-01,177.4,-0.16882386043892694,2.7214823393167498,CPIAUCSL,CPI,Consumer Price Index for All Urban Consumers: All Items in U.S. City Average,"index 1982-1984=100, seasonally adjusted"
2001-08-01,177.4,0.0,2.7214823393167498,CPIAUCSL,CPI,Consumer Price Index for All Urban Consumers: All Items in U.S. City Average,"index 1982-1984=100, seasonally adjusted"
2001-09-01,178.1,0.3945885005636862,2.5921658986175045,CPIAUCSL,CPI,Consumer Price Index for All Urban Consumers: All Items in U.S. City Average,"index 1982-1984=100, seasonally adjusted"
2001-10-01,177.6,-0.28074115665356336,2.127659574468077,CPIAUCSL,CPI,Consumer Price Index for All Urban Consumers: All Items in U.S. City Average,"index 1982-1984=100, seasonally adjusted"
2001-11-01,177.5,-0.05630630630630851,1.894374282433997,CPIAUCSL,CPI,Consumer Price Index for All Urban Consumers: All Items in U.S. City Average,"index 1982-1984=100, seasonally adjusted"
2001-12-01,177.4,-0.05633802816901179,1.603665521191311,CPIAUCSL,CPI,Consumer Price Index for All Urban Consumers: All Items in U.S. City Average,"index 1982-1984=100, seasonally adjusted"
2002-01-01,177.7,0.16910935738443378,1.1958997722095743,CPIAUCSL,CPI,Consumer Price Index for All Urban Consumers: All Items in U.S. City Average,"index 1982-1984=100, seasonally adjusted"
2002-02-01,178.0,0.16882386043894915,1.1363636363636465,CPIAUCSL,CPI,Consumer Price Index for All Urban Consumers: All Items in U.S. City Average,"index 1982-1984=100, seasonally adjusted"
2002-03-01,178.5,0.2808988764045006,1.3628620102214661,CPIAUCSL,CPI,Consumer Price Index for All Urban Consumers: All Items in U.S. City Average,"index 1982-1984=100, seasonally adjusted"
2002-04-01,179.3,0.4481792717086819,1.643990929705219,CPIAUCSL,CPI,Consumer Price Index for All Urban Consumers: All Items in U.S. City Average,"index 1982-1984=100, seasonally adjusted"
2002-05-01,179.5,0.1115448968209698,1.2408347433727984,CPIAUCSL,CPI,Consumer Price Index for All Urban Consumers: All Items in U.S. City Average,"index 1982-1984=100, seasonally adjusted"
2002-06-01,179.6,0.055710306406675514,1.0692177827799743,CPIAUCSL,CPI,Consumer Price Index for All Urban Consumers: All Items in U.S. City Average,"index 1982-1984=100, seasonally adjusted"
2002-07-01,180.0,0.22271714922048602,1.465614430665152,CPIAUCSL,CPI,Consumer Price Index for All Urban Consumers: All Items in U.S. City Average,"index 1982-1984=100, seasonally adjusted"
2002-08-01,180.5,0.2777777777777768,1.747463359639223,CPIAUCSL,CPI,Consumer Price Index for All Urban Consumers: All Items in U.S. City Average,"index 1982-1984=100, seasonally adjusted"
2002-09-01,180.8,0.16620498614958734,1.516002245929271,CPIAUCSL,CPI,Consumer Price Index for All Urban Consumers: All Items in U.S. City Average,"index 1982-1984=100, seasonally adjusted"
2002-10-01,181.2,0.22123893805308104,2.0270270270270174,CPIAUCSL,CPI,Consumer Price Index for All Urban Consumers: All Items in U.S. City Average,"index 1982-1984=100, seasonally adjusted"
2002-11-01,181.5,0.16556291390728006,2.2535211267605604,CPIAUCSL,CPI,Consumer Price Index for All Urban Consumers: All Items in U.S. City Average,"index 1982-1984=100, seasonally adjusted"
2002-12-01,181.8,0.16528925619836432,2.4802705749718212,CPIAUCSL,CPI,Consumer Price Index for All Urban Consumers: All Items in U.S. City Average,"index 1982-1984=100, seasonally adjusted"
2003-01-01,182.6,0.44004400440043057,2.757456387169399,CPIAUCSL,CPI,Consumer Price Index for All Urban Consumers: All Items in U.S. City Average,"index 1982-1984=100, seasonally adjusted"
2003-02-01,183.6,0.5476451259583737,3.146067415730336,CPIAUCSL,CPI,Consumer Price Index for All Urban Consumers: All Items in U.S. City Average,"index 1982-1984=100, seasonally adjusted"
2003-03-01,183.9,0.16339869281045694,3.025210084033625,CPIAUCSL,CPI,Consumer Price Index for All Urban Consumers: All Items in U.S. City Average,"index 1982-1984=100, seasonally adjusted"
2003-04-01,183.2,-0.38064165307233333,2.175125488008911,CPIAUCSL,CPI,Consumer Price Index for All Urban Consumers: All Items in U.S. City Average,"index 1982-1984=100, seasonally adjusted"
2003-05-01,182.9,-0.16375545851528006,1.8941504178273005,CPIAUCSL,CPI,Consumer Price Index for All Urban Consumers: All Items in U.S. City Average,"index 1982-1984=100, seasonally adjusted"
2003-06-01,183.1,0.10934937124111865,1.948775055679297,CPIAUCSL,CPI,Consumer Price Index for All Urban Consumers: All Items in U.S. City Average,"index 1982-1984=100, seasonally adjusted"
2003-07-01,183.7,0.3276897870016393,2.055555555555544,CPIAUCSL,CPI,Consumer Price Index for All Urban Consumers: All Items in U.S. City Average,"index 1982-1984=100, seasonally adjusted"
2003-08-01,184.5,0.4354926510615087,2.216066481994461,CPIAUCSL,CPI,Consumer Price Index for All Urban Consumers: All Items in U.S. City Average,"index 1982-1984=100, seasonally adjusted"
2003-09-01,185.1,0.3252032520325132,2.378318584070782,CPIAUCSL,CPI,Consumer Price Index for All Urban Consumers: All Items in U.S. City Average,"index 1982-1984=100, seasonally adjusted"
2003-10-01,184.9,-0.10804970286331095,2.041942604856528,CPIAUCSL,CPI,Consumer Price Index for All Urban Consumers: All Items in U.S. City Average,"index 1982-1984=100, seasonally adjusted"
2003-11-01,185.0,0.05408328826392861,1.9283746556473913,CPIAUCSL,CPI,Consumer Price Index for All Urban Consumers: All Items in U.S. City Average,"index 1982-1984=100, seasonally adjusted"
2003-12-01,185.5,0.2702702702702675,2.0352035203520247,CPIAUCSL,CPI,Consumer Price Index for All Urban Consumers: All Items in U.S. City Average,"index 1982-1984=100, seasonally adjusted"
2004-01-01,186.3,0.43126684636118906,2.026286966046009,CPIAUCSL,CPI,Consumer Price Index for All Urban Consumers: All Items in U.S. City Average,"index 1982-1984=100, seasonally adjusted"
2004-02-01,186.7,0.21470746108425143,1.688453159041381,CPIAUCSL,CPI,Consumer Price Index for All Urban Consumers: All Items in U.S. City Average,"index 1982-1984=100, seasonally adjusted"
2004-03-01,187.1,0.2142474558114671,1.7400761283306032,CPIAUCSL,CPI,Consumer Price Index for All Urban Consumers: All Items in U.S. City Average,"index 1982-1984=100, seasonally adjusted"
2004-04-01,187.4,0.16034206306787535,2.2925764192139875,CPIAUCSL,CPI,Consumer Price Index for All Urban Consumers: All Items in U.S. City Average,"index 1982-1984=100, seasonally adjusted"
2004-05-01,188.2,0.4268943436499306,2.8977583378895444,CPIAUCSL,CPI,Consumer Price Index for All Urban Consumers: All Items in U.S. City Average,"index 1982-1984=100, seasonally adjusted"
2004-06-01,188.9,0.37194473963868546,3.1676679410158393,CPIAUCSL,CPI,Consumer Price Index for All Urban Consumers: All Items in U.S. City Average,"index 1982-1984=100, seasonally adjusted"
2004-07-01,189.1,0.10587612493382359,2.939575394665228,CPIAUCSL,CPI,Consumer Price Index for All Urban Consumers: All Items in U.S. City Average,"index 1982-1984=100, seasonally adjusted"
2004-08-01,189.2,0.052882072977267214,2.5474254742547275,CPIAUCSL,CPI,Consumer Price Index for All Urban Consumers: All Items in U.S. City Average,"index 1982-1984=100, seasonally adjusted"
2004-09-01,189.8,0.3171247357294016,2.5391680172879516,CPIAUCSL,CPI,Consumer Price Index for All Urban Consumers: All Items in U.S. City Average,"index 1982-1984=100, seasonally adjusted"
2004-10-01,190.8,0.5268703898840821,3.1909140075716547,CPIAUCSL,CPI,Consumer Price Index for All Urban Consumers: All Items in U.S. City Average,"index 1982-1984=100, seasonally adjusted"
2004-11-01,191.7,0.4716981132075304,3.621621621621607,CPIAUCSL,CPI,Consumer Price Index for All Urban Consumers: All Items in U.S. City Average,"index 1982-1984=100, seasonally adjusted"
2004-12-01,191.7,0.0,3.3423180592991875,CPIAUCSL,CPI,Consumer Price Index for All Urban Consumers: All Items in U.S. City Average,"index 1982-1984=100, seasonally adjusted"
2005-01-01,191.6,-0.052164840897228615,2.8448738593666034,CPIAUCSL,CPI,Consumer Price Index for All Urban Consumers: All Items in U.S. City Average,"index 1982-1984=100, seasonally adjusted"
2005-02-01,192.4,0.41753653444676075,3.0530262453133394,CPIAUCSL,CPI,Consumer Price Index for All Urban Consumers: All Items in U.S. City Average,"index 1982-1984=100, seasonally adjusted"
2005-03-01,193.1,0.36382536382535413,3.2068412613575736,CPIAUCSL,CPI,Consumer Price Index for All Urban Consumers: All Items in U.S. City Average,"index 1982-1984=100, seasonally adjusted"
2005-04-01,193.7,0.31071983428274663,3.3617929562433257,CPIAUCSL,CPI,Consumer Price Index for All Urban Consumers: All Items in U.S. City Average,"index 1982-1984=100, seasonally adjusted"
2005-05-01,193.6,-0.05162622612286949,2.869287991498415,CPIAUCSL,CPI,Consumer Price Index for All Urban Consumers: All Items in U.S. City Average,"index 1982-1984=100, seasonally adjusted"
2005-06-01,193.7,0.05165289256197081,2.541026998411855,CPIAUCSL,CPI,Consumer Price Index for All Urban Consumers: All Items in U.S. City Average,"index 1982-1984=100, seasonally adjusted"
2005-07-01,194.9,0.6195147134744561,3.067160232681121,CPIAUCSL,CPI,Consumer Price Index for All Urban Consumers: All Items in U.S. City Average,"index 1982-1984=100, seasonally adjusted"
2005-08-01,196.1,0.6157003591585442,3.6469344608879517,CPIAUCSL,CPI,Consumer Price Index for All Urban Consumers: All Items in U.S. City Average,"index 1982-1984=100, seasonally adjusted"
2005-09-01,198.8,1.37684854665987,4.741833508956805,CPIAUCSL,CPI,Consumer Price Index for All Urban Consumers: All Items in U.S. City Average,"index 1982-1984=100, seasonally adjusted"
2005-10-01,199.1,0.15090543259557165,4.350104821802936,CPIAUCSL,CPI,Consumer Price Index for All Urban Consumers: All Items in U.S. City Average,"index 1982-1984=100, seasonally adjusted"
2005-11-01,198.1,-0.5022601707684538,3.3385498174230532,CPIAUCSL,CPI,Consumer Price Index for All Urban Consumers: All Items in U.S. City Average,"index 1982-1984=100, seasonally adjusted"
2005-12-01,198.1,0.0,3.3385498174230532,CPIAUCSL,CPI,Consumer Price Index for All Urban Consumers: All Items in U.S. City Average,"index 1982-1984=100, seasonally adjusted"
2006-01-01,199.3,0.6057546693589266,4.018789144050117,CPIAUCSL,CPI,Consumer Price Index for All Urban Consumers: All Items in U.S. City Average,"index 1982-1984=100, seasonally adjusted"
2006-02-01,199.4,0.050175614651282174,3.63825363825363,CPIAUCSL,CPI,Consumer Price Index for All Urban Consumers: All Items in U.S. City Average,"index 1982-1984=100, seasonally adjusted"
2006-03-01,199.7,0.15045135406217547,3.4179181771103018,CPIAUCSL,CPI,Consumer Price Index for All Urban Consumers: All Items in U.S. City Average,"index 1982-1984=100, seasonally adjusted"
2006-04-01,200.7,0.5007511266900355,3.613835828600931,CPIAUCSL,CPI,Consumer Price Index for All Urban Consumers: All Items in U.S. City Average,"index 1982-1984=100, seasonally adjusted"
2006-05-01,201.3,0.2989536621823774,3.9772727272727293,CPIAUCSL,CPI,Consumer Price Index for All Urban Consumers: All Items in U.S. City Average,"index 1982-1984=100, seasonally adjusted"
2006-06-01,201.8,0.24838549428713996,4.1817243159525175,CPIAUCSL,CPI,Consumer Price Index for All Urban Consumers: All Items in U.S. City Average,"index 1982-1984=100, seasonally adjusted"
2006-07-01,202.9,0.5450941526263575,4.104669061056954,CPIAUCSL,CPI,Consumer Price Index for All Urban Consumers: All Items in U.S. City Average,"index 1982-1984=100, seasonally adjusted"
2006-08-01,203.8,0.44356826022671214,3.926568077511483,CPIAUCSL,CPI,Consumer Price Index for All Urban Consumers: All Items in U.S. City Average,"index 1982-1984=100, seasonally adjusted"
2006-09-01,202.8,-0.4906771344455385,2.012072434607637,CPIAUCSL,CPI,Consumer Price Index for All Urban Consumers: All Items in U.S. City Average,"index 1982-1984=100, seasonally adjusted"
2006-10-01,201.9,-0.4437869822485285,1.4063284781516971,CPIAUCSL,CPI,Consumer Price Index for All Urban Consumers: All Items in U.S. City Average,"index 1982-1984=100, seasonally adjusted"
2006-11-01,202.0,0.04952947003467045,1.9687026754164672,CPIAUCSL,CPI,Consumer Price Index for All Urban Consumers: All Items in U.S. City Average,"index 1982-1984=100, seasonally adjusted"
2006-12-01,203.1,0.544554455445545,2.5239777889954462,CPIAUCSL,CPI,Consumer Price Index for All Urban Consumers: All Items in U.S. City Average,"index 1982-1984=100, seasonally adjusted"
2007-01-01,203.437,0.1659281142294633,2.075765178123423,CPIAUCSL,CPI,Consumer Price Index for All Urban Consumers: All Items in U.S. City Average,"index 1982-1984=100, seasonally adjusted"
2007-02-01,204.226,0.3878350545869269,2.420260782347028,CPIAUCSL,CPI,Consumer Price Index for All Urban Consumers: All Items in U.S. City Average,"index 1982-1984=100, seasonally adjusted"
2007-03-01,205.288,0.5200121434097538,2.798197295943927,CPIAUCSL,CPI,Consumer Price Index for All Urban Consumers: All Items in U.S. City Average,"index 1982-1984=100, seasonally adjusted"
2007-04-01,205.904,0.3000662483924943,2.5929247633283525,CPIAUCSL,CPI,Consumer Price Index for All Urban Consumers: All Items in U.S. City Average,"index 1982-1984=100, seasonally adjusted"
2007-05-01,206.755,0.41329940166290324,2.709885742672613,CPIAUCSL,CPI,Consumer Price Index for All Urban Consumers: All Items in U.S. City Average,"index 1982-1984=100, seasonally adjusted"
2007-06-01,207.234,0.23167517109623503,2.692765113974227,CPIAUCSL,CPI,Consumer Price Index for All Urban Consumers: All Items in U.S. City Average,"index 1982-1984=100, seasonally adjusted"
2007-07-01,207.603,0.17805958481715844,2.3178905864958077,CPIAUCSL,CPI,Consumer Price Index for All Urban Consumers: All Items in U.S. City Average,"index 1982-1984=100, seasonally adjusted"
2007-08-01,207.667,0.030828070885302594,1.897448478900876,CPIAUCSL,CPI,Consumer Price Index for All Urban Consumers: All Items in U.S. City Average,"index 1982-1984=100, seasonally adjusted"
2007-09-01,208.547,0.42375533907650365,2.8338264299802685,CPIAUCSL,CPI,Consumer Price Index for All Urban Consumers: All Items in U.S. City Average,"index 1982-1984=100, seasonally adjusted"
2007-10-01,209.19,0.3083237831280172,3.610698365527476,CPIAUCSL,CPI,Consumer Price Index for All Urban Consumers: All Items in U.S. City Average,"index 1982-1984=100, seasonally adjusted"
2007-11-01,210.834,0.7858884267890387,4.373267326732666,CPIAUCSL,CPI,Consumer Price Index for All Urban Consumers: All Items in U.S. City Average,"index 1982-1984=100, seasonally adjusted"
2007-12-01,211.445,0.2898014551732553,4.108813392417532,CPIAUCSL,CPI,Consumer Price Index for All Urban Consumers: All Items in U.S. City Average,"index 1982-1984=100, seasonally adjusted"
2008-01-01,212.174,0.3447705076970342,4.294695655165981,CPIAUCSL,CPI,Consumer Price Index for All Urban Consumers: All Items in U.S. City Average,"index 1982-1984=100, seasonally adjusted"
2008-02-01,212.687,0.24178268779397882,4.142959270611968,CPIAUCSL,CPI,Consumer Price Index for All Urban Consumers: All Items in U.S. City Average,"index 1982-1984=100, seasonally adjusted"
2008-03-01,213.448,0.3578027806118822,3.9749035501344343,CPIAUCSL,CPI,Consumer Price Index for All Urban Consumers: All Items in U.S. City Average,"index 1982-1984=100, seasonally adjusted"
2008-04-01,213.942,0.2314381020201539,3.9037609759888126,CPIAUCSL,CPI,Consumer Price Index for All Urban Consumers: All Items in U.S. City Average,"index 1982-1984=100, seasonally adjusted"
2008-05-01,215.208,0.5917491656617146,4.088413823123993,CPIAUCSL,CPI,Consumer Price Index for All Urban Consumers: All Items in U.S. City Average,"index 1982-1984=100, seasonally adjusted"
2008-06-01,217.463,1.04782350098509,4.935966105947864,CPIAUCSL,CPI,Consumer Price Index for All Urban Consumers: All Items in U.S. City Average,"index 1982-1984=100, seasonally adjusted"
2008-07-01,219.016,0.7141444751521009,5.497512078341837,CPIAUCSL,CPI,Consumer Price Index for All Urban Consumers: All Items in U.S. City Average,"index 1982-1984=100, seasonally adjusted"
2008-08-01,218.69,-0.14884757278006422,5.308017162091239,CPIAUCSL,CPI,Consumer Price Index for All Urban Consumers: All Items in U.S. City Average,"index 1982-1984=100, seasonally adjusted"
2008-09-01,218.877,0.08550916822900323,4.953319875136075,CPIAUCSL,CPI,Consumer Price Index for All Urban Consumers: All Items in U.S. City Average,"index 1982-1984=100, seasonally adjusted"
2008-10-01,216.995,-0.8598436564828615,3.7310578899565128,CPIAUCSL,CPI,Consumer Price Index for All Urban Consumers: All Items in U.S. City Average,"index 1982-1984=100, seasonally adjusted"
2008-11-01,213.153,-1.7705477084725474,1.0999174706166848,CPIAUCSL,CPI,Consumer Price Index for All Urban Consumers: All Items in U.S. City Average,"index 1982-1984=100, seasonally adjusted"
2008-12-01,211.398,-0.8233522399403226,-0.02222800255385904,CPIAUCSL,CPI,Consumer Price Index for All Urban Consumers: All Items in U.S. City Average,"index 1982-1984=100, seasonally adjusted"
2009-01-01,211.933,0.2530771341261451,-0.11358601902212717,CPIAUCSL,CPI,Consumer Price Index for All Urban Consumers: All Items in U.S. City Average,"index 1982-1984=100, seasonally adjusted"
2009-02-01,212.705,0.3642660652187324,0.008463140671510772,CPIAUCSL,CPI,Consumer Price Index for All Urban Consumers: All Items in U.S. City Average,"index 1982-1984=100, seasonally adjusted"
2009-03-01,212.495,-0.0987282856538485,-0.4464787676623838,CPIAUCSL,CPI,Consumer Price Index for All Urban Consumers: All Items in U.S. City Average,"index 1982-1984=100, seasonally adjusted"
2009-04-01,212.709,0.10070825195886979,-0.5763244243767063,CPIAUCSL,CPI,Consumer Price Index for All Urban Consumers: All Items in U.S. City Average,"index 1982-1984=100, seasonally adjusted"
2009-05-01,213.022,0.14714939189219844,-1.015761495855172,CPIAUCSL,CPI,Consumer Price Index for All Urban Consumers: All Items in U.S. City Average,"index 1982-1984=100, seasonally adjusted"
2009-06-01,214.79,0.8299612246622345,-1.2291746182109153,CPIAUCSL,CPI,Consumer Price Index for All Urban Consumers: All Items in U.S. City Average,"index 1982-1984=100, seasonally adjusted"
2009-07-01,214.726,-0.029796545463012247,-1.9587610037622771,CPIAUCSL,CPI,Consumer Price Index for All Urban Consumers: All Items in U.S. City Average,"index 1982-1984=100, seasonally adjusted"
2009-08-01,215.445,0.33484533777929926,-1.4838355663267633,CPIAUCSL,CPI,Consumer Price Index for All Urban Consumers: All Items in U.S. City Average,"index 1982-1984=100, seasonally adjusted"
2009-09-01,215.861,0.19308872334005134,-1.377942862886472,CPIAUCSL,CPI,Consumer Price Index for All Urban Consumers: All Items in U.S. City Average,"index 1982-1984=100, seasonally adjusted"
2009-10-01,216.509,0.3001931798703783,-0.22396829420033848,CPIAUCSL,CPI,Consumer Price Index for All Urban Consumers: All Items in U.S. City Average,"index 1982-1984=100, seasonally adjusted"
2009-11-01,217.234,0.3348590589767664,1.9145871744709275,CPIAUCSL,CPI,Consumer Price Index for All Urban Consumers: All Items in U.S. City Average,"index 1982-1984=100, seasonally adjusted"
2009-12-01,217.347,0.052017639964274665,2.8141231232083674,CPIAUCSL,CPI,Consumer Price Index for All Urban Consumers: All Items in U.S. City Average,"index 1982-1984=100, seasonally adjusted"
2010-01-01,217.488,0.06487322116246474,2.6211113889767157,CPIAUCSL,CPI,Consumer Price Index for All Urban Consumers: All Items in U.S. City Average,"index 1982-1984=100, seasonally adjusted"
2010-02-01,217.281,-0.09517766497462166,2.151336357866529,CPIAUCSL,CPI,Consumer Price Index for All Urban Consumers: All Items in U.S. City Average,"index 1982-1984=100, seasonally adjusted"
2010-03-01,217.353,0.03313681361922782,2.2861714393279886,CPIAUCSL,CPI,Consumer Price Index for All Urban Consumers: All Items in U.S. City Average,"index 1982-1984=100, seasonally adjusted"
2010-04-01,217.403,0.023004053314190642,2.2067707525304403,CPIAUCSL,CPI,Consumer Price Index for All Urban Consumers: All Items in U.S. City Average,"index 1982-1984=100, seasonally adjusted"
2010-05-01,217.29,-0.05197720362644098,2.003548929218568,CPIAUCSL,CPI,Consumer Price Index for All Urban Consumers: All Items in U.S. City Average,"index 1982-1984=100, seasonally adjusted"
2010-06-01,217.199,-0.041879515854381655,1.1215605940686268,CPIAUCSL,CPI,Consumer Price Index for All Urban Consumers: All Items in U.S. City Average,"index 1982-1984=100, seasonally adjusted"
2010-07-01,217.605,0.18692535416828804,1.3407784804821077,CPIAUCSL,CPI,Consumer Price Index for All Urban Consumers: All Items in U.S. City Average,"index 1982-1984=100, seasonally adjusted"
2010-08-01,217.923,0.14613634796996067,1.1501775395112546,CPIAUCSL,CPI,Consumer Price Index for All Urban Consumers: All Items in U.S. City Average,"index 1982-1984=100, seasonally adjusted"
2010-09-01,218.275,0.1615249422961318,1.1183122472331775,CPIAUCSL,CPI,Consumer Price Index for All Urban Consumers: All Items in U.S. City Average,"index 1982-1984=100, seasonally adjusted"
2010-10-01,219.035,0.348184629481163,1.1666951489314625,CPIAUCSL,CPI,Consumer Price Index for All Urban Consumers: All Items in U.S. City Average,"index 1982-1984=100, seasonally adjusted"
2010-11-01,219.59,0.25338416234848005,1.084544776600338,CPIAUCSL,CPI,Consumer Price Index for All Urban Consumers: All Items in U.S. City Average,"index 1982-1984=100, seasonally adjusted"
2010-12-01,220.472,0.4016576346828282,1.437793022217937,CPIAUCSL,CPI,Consumer Price Index for All Urban Consumers: All Items in U.S. City Average,"index 1982-1984=100, seasonally adjusted"
2011-01-01,221.187,0.3243042200370194,1.7007834915029774,CPIAUCSL,CPI,Consumer Price Index for All Urban Consumers: All Items in U.S. City Average,"index 1982-1984=100, seasonally adjusted"
2011-02-01,221.898,0.321447463006419,2.124898173333145,CPIAUCSL,CPI,Consumer Price Index for All Urban Consumers: All Items in U.S. City Average,"index 1982-1984=100, seasonally adjusted"
2011-03-01,223.046,0.51735482068338,2.619241510354109,CPIAUCSL,CPI,Consumer Price Index for All Urban Consumers: All Items in U.S. City Average,"index 1982-1984=100, seasonally adjusted"
2011-04-01,224.093,0.46940989750992035,3.0772344447868694,CPIAUCSL,CPI,Consumer Price Index for All Urban Consumers: All Items in U.S. City Average,"index 1982-1984=100, seasonally adjusted"
2011-05-01,224.806,0.3181714734507679,3.4589718808964998,CPIAUCSL,CPI,Consumer Price Index for All Urban Consumers: All Items in U.S. City Average,"index 1982-1984=100, seasonally adjusted"
2011-06-01,224.806,0.0,3.5023181506360412,CPIAUCSL,CPI,Consumer Price Index for All Urban Consumers: All Items in U.S. City Average,"index 1982-1984=100, seasonally adjusted"
2011-07-01,225.395,0.26200368317570444,3.5798809769996165,CPIAUCSL,CPI,Consumer Price Index for All Urban Consumers: All Items in U.S. City Average,"index 1982-1984=100, seasonally adjusted"
2011-08-01,226.106,0.3154462166418792,3.75499603070808,CPIAUCSL,CPI,Consumer Price Index for All Urban Consumers: All Items in U.S. City Average,"index 1982-1984=100, seasonally adjusted"
2011-09-01,226.597,0.21715478580843772,3.812621692818685,CPIAUCSL,CPI,Consumer Price Index for All Urban Consumers: All Items in U.S. City Average,"index 1982-1984=100, seasonally adjusted"
2011-10-01,226.75,0.0675207527019328,3.5222681306640524,CPIAUCSL,CPI,Consumer Price Index for All Urban Consumers: All Items in U.S. City Average,"index 1982-1984=100, seasonally adjusted"
2011-11-01,227.169,0.18478500551268873,3.451432214581729,CPIAUCSL,CPI,Consumer Price Index for All Urban Consumers: All Items in U.S. City Average,"index 1982-1984=100, seasonally adjusted"
2011-12-01,227.223,0.023770849015480877,3.062066838419386,CPIAUCSL,CPI,Consumer Price Index for All Urban Consumers: All Items in U.S. City Average,"index 1982-1984=100, seasonally adjusted"
2012-01-01,227.842,0.27241960540966836,3.0087663379855023,CPIAUCSL,CPI,Consumer Price Index for All Urban Consumers: All Items in U.S. City Average,"index 1982-1984=100, seasonally adjusted"
2012-02-01,228.329,0.21374461249461518,2.8981784423473878,CPIAUCSL,CPI,Consumer Price Index for All Urban Consumers: All Items in U.S. City Average,"index 1982-1984=100, seasonally adjusted"
2012-03-01,228.807,0.20934703870292282,2.5828752813320977,CPIAUCSL,CPI,Consumer Price Index for All Urban Consumers: All Items in U.S. City Average,"index 1982-1984=100, seasonally adjusted"
2012-04-01,229.187,0.16607883500068255,2.2731633741348567,CPIAUCSL,CPI,Consumer Price Index for All Urban Consumers: All Items in U.S. City Average,"index 1982-1984=100, seasonally adjusted"
2012-05-01,228.713,-0.2068180132381081,1.7379429374660749,CPIAUCSL,CPI,Consumer Price Index for All Urban Consumers: All Items in U.S. City Average,"index 1982-1984=100, seasonally adjusted"
2012-06-01,228.524,-0.08263631713106845,1.653870448297634,CPIAUCSL,CPI,Consumer Price Index for All Urban Consumers: All Items in U.S. City Average,"index 1982-1984=100, seasonally adjusted"
2012-07-01,228.59,0.02888099280600187,1.4175114798464783,CPIAUCSL,CPI,Consumer Price Index for All Urban Consumers: All Items in U.S. City Average,"index 1982-1984=100, seasonally adjusted"
2012-08-01,229.918,0.580952797585188,1.6859349154821235,CPIAUCSL,CPI,Consumer Price Index for All Urban Consumers: All Items in U.S. City Average,"index 1982-1984=100, seasonally adjusted"
2012-09-01,231.015,0.47712662775423187,1.9497168982819613,CPIAUCSL,CPI,Consumer Price Index for All Urban Consumers: All Items in U.S. City Average,"index 1982-1984=100, seasonally adjusted"
2012-10-01,231.638,0.26967945804385884,2.1556780595369363,CPIAUCSL,CPI,Consumer Price Index for All Urban Consumers: All Items in U.S. City Average,"index 1982-1984=100, seasonally adjusted"
2012-11-01,231.249,-0.16793444944266378,1.7960197033926262,CPIAUCSL,CPI,Consumer Price Index for All Urban Consumers: All Items in U.S. City Average,"index 1982-1984=100, seasonally adjusted"
2012-12-01,231.221,-0.012108160467716456,1.7595049796895523,CPIAUCSL,CPI,Consumer Price Index for All Urban Consumers: All Items in U.S. City Average,"index 1982-1984=100, seasonally adjusted"
2013-01-01,231.679,0.1980788942180789,1.684061762098299,CPIAUCSL,CPI,Consumer Price Index for All Urban Consumers: All Items in U.S. City Average,"index 1982-1984=100, seasonally adjusted"
2013-02-01,232.937,0.5429926752100966,2.0181404902574807,CPIAUCSL,CPI,Consumer Price Index for All Urban Consumers: All Items in U.S. City Average,"index 1982-1984=100, seasonally adjusted"
2013-03-01,232.282,-0.28119191025899326,1.5187472411246183,CPIAUCSL,CPI,Consumer Price Index for All Urban Consumers: All Items in U.S. City Average,"index 1982-1984=100, seasonally adjusted"
2013-04-01,231.797,-0.2087979266581219,1.138808047576867,CPIAUCSL,CPI,Consumer Price Index for All Urban Consumers: All Items in U.S. City Average,"index 1982-1984=100, seasonally adjusted"
2013-05-01,231.893,0.041415548950163306,1.3903888279197085,CPIAUCSL,CPI,Consumer Price Index for All Urban Consumers: All Items in U.S. City Average,"index 1982-1984=100, seasonally adjusted"
2013-06-01,232.445,0.23804082055085551,1.7157935271568725,CPIAUCSL,CPI,Consumer Price Index for All Urban Consumers: All Items in U.S. City Average,"index 1982-1984=100, seasonally adjusted"
2013-07-01,232.9,0.19574523005443378,1.885471805415806,CPIAUCSL,CPI,Consumer Price Index for All Urban Consumers: All Items in U.S. City Average,"index 1982-1984=100, seasonally adjusted"
2013-08-01,233.456,0.23872906826962748,1.538809488600279,CPIAUCSL,CPI,Consumer Price Index for All Urban Consumers: All Items in U.S. City Average,"index 1982-1984=100, seasonally adjusted"
2013-09-01,233.544,0.037694469193350066,1.0947341081747997,CPIAUCSL,CPI,Consumer Price Index for All Urban Consumers: All Items in U.S. City Average,"index 1982-1984=100, seasonally adjusted"
2013-10-01,233.669,0.053523104853914205,0.8767991434911471,CPIAUCSL,CPI,Consumer Price Index for All Urban Consumers: All Items in U.S. City Average,"index 1982-1984=100, seasonally adjusted"
2013-11-01,234.1,0.18444894273523804,1.2328701961954458,CPIAUCSL,CPI,Consumer Price Index for All Urban Consumers: All Items in U.S. City Average,"index 1982-1984=100, seasonally adjusted"
2013-12-01,234.719,0.2644169158479315,1.5128383667573297,CPIAUCSL,CPI,Consumer Price Index for All Urban Consumers: All Items in U.S. City Average,"index 1982-1984=100, seasonally adjusted"
2014-01-01,235.288,0.24241752904536895,1.557758795574915,CPIAUCSL,CPI,Consumer Price Index for All Urban Consumers: All Items in U.S. City Average,"index 1982-1984=100, seasonally adjusted"
2014-02-01,235.547,0.11007786202441583,1.1204746347724948,CPIAUCSL,CPI,Consumer Price Index for All Urban Consumers: All Items in U.S. City Average,"index 1982-1984=100, seasonally adjusted"
2014-03-01,236.028,0.204205530106516,1.6126949139408042,CPIAUCSL,CPI,Consumer Price Index for All Urban Consumers: All Items in U.S. City Average,"index 1982-1984=100, seasonally adjusted"
2014-04-01,236.468,0.18641856050976013,2.015125303606169,CPIAUCSL,CPI,Consumer Price Index for All Urban Consumers: All Items in U.S. City Average,"index 1982-1984=100, seasonally adjusted"
2014-05-01,236.918,0.19030059035471947,2.166947687079812,CPIAUCSL,CPI,Consumer Price Index for All Urban Consumers: All Items in U.S. City Average,"index 1982-1984=100, seasonally adjusted"
2014-06-01,237.231,0.1321132206079767,2.0589816945944195,CPIAUCSL,CPI,Consumer Price Index for All Urban Consumers: All Items in U.S. City Average,"index 1982-1984=100, seasonally adjusted"
2014-07-01,237.498,0.11254852864928111,1.9742378703305974,CPIAUCSL,CPI,Consumer Price Index for All Urban Consumers: All Items in U.S. City Average,"index 1982-1984=100, seasonally adjusted"
2014-08-01,237.46,-0.01600013473797013,1.7150983482969062,CPIAUCSL,CPI,Consumer Price Index for All Urban Consumers: All Items in U.S. City Average,"index 1982-1984=100, seasonally adjusted"
2014-09-01,237.477,0.007159100480080838,1.6840509711232077,CPIAUCSL,CPI,Consumer Price Index for All Urban Consumers: All Items in U.S. City Average,"index 1982-1984=100, seasonally adjusted"
2014-10-01,237.43,-0.019791390324119806,1.6095417021513292,CPIAUCSL,CPI,Consumer Price Index for All Urban Consumers: All Items in U.S. City Average,"index 1982-1984=100, seasonally adjusted"
2014-11-01,236.983,-0.18826601524659647,1.231524989320798,CPIAUCSL,CPI,Consumer Price Index for All Urban Consumers: All Items in U.S. City Average,"index 1982-1984=100, seasonally adjusted"
2014-12-01,236.252,-0.30846094445592387,0.6531213919623191,CPIAUCSL,CPI,Consumer Price Index for All Urban Consumers: All Items in U.S. City Average,"index 1982-1984=100, seasonally adjusted"
2015-01-01,234.747,-0.6370316441765556,-0.22993097820542818,CPIAUCSL,CPI,Consumer Price Index for All Urban Consumers: All Items in U.S. City Average,"index 1982-1984=100, seasonally adjusted"
2015-02-01,235.342,0.25346436802173855,-0.08703146293520536,CPIAUCSL,CPI,Consumer Price Index for All Urban Consumers: All Items in U.S. City Average,"index 1982-1984=100, seasonally adjusted"
2015-03-01,235.976,0.26939517808124425,-0.022031284423873476,CPIAUCSL,CPI,Consumer Price Index for All Urban Consumers: All Items in U.S. City Average,"index 1982-1984=100, seasonally adjusted"
2015-04-01,236.222,0.10424788961589382,-0.10403098939391064,CPIAUCSL,CPI,Consumer Price Index for All Urban Consumers: All Items in U.S. City Average,"index 1982-1984=100, seasonally adjusted"
2015-05-01,237.001,0.3297745341246827,0.03503321824429584,CPIAUCSL,CPI,Consumer Price Index for All Urban Consumers: All Items in U.S. City Average,"index 1982-1984=100, seasonally adjusted"
2015-06-01,237.657,0.27679208104607333,0.1795718097550525,CPIAUCSL,CPI,Consumer Price Index for All Urban Consumers: All Items in U.S. City Average,"index 1982-1984=100, seasonally adjusted"
2015-07-01,238.034,0.15863197801873063,0.22568611104094582,CPIAUCSL,CPI,Consumer Price Index for All Urban Consumers: All Items in U.S. City Average,"index 1982-1984=100, seasonally adjusted"
2015-08-01,238.033,-0.000420108051790713,0.2413037985344868,CPIAUCSL,CPI,Consumer Price Index for All Urban Consumers: All Items in U.S. City Average,"index 1982-1984=100, seasonally adjusted"
2015-09-01,237.498,-0.22475875193775918,0.008842961634170088,CPIAUCSL,CPI,Consumer Price Index for All Urban Consumers: All Items in U.S. City Average,"index 1982-1984=100, seasonally adjusted"
2015-10-01,237.733,0.09894820166906904,0.12761656067050708,CPIAUCSL,CPI,Consumer Price Index for All Urban Consumers: All Items in U.S. City Average,"index 1982-1984=100, seasonally adjusted"
2015-11-01,238.017,0.11946174910508756,0.4363182169185187,CPIAUCSL,CPI,Consumer Price Index for All Urban Consumers: All Items in U.S. City Average,"index 1982-1984=100, seasonally adjusted"
2015-12-01,237.761,-0.10755534268560574,0.6387247515364791,CPIAUCSL,CPI,Consumer Price Index for All Urban Consumers: All Items in U.S. City Average,"index 1982-1984=100, seasonally adjusted"
2016-01-01,237.652,-0.04584435630738959,1.2375025026943876,CPIAUCSL,CPI,Consumer Price Index for All Urban Consumers: All Items in U.S. City Average,"index 1982-1984=100, seasonally adjusted"
2016-02-01,237.336,-0.13296753235823022,0.8472775790126619,CPIAUCSL,CPI,Consumer Price Index for All Urban Consumers: All Items in U.S. City Average,"index 1982-1984=100, seasonally adjusted"
2016-03-01,238.08,0.31347962382444194,0.8916160965521946,CPIAUCSL,CPI,Consumer Price Index for All Urban Consumers: All Items in U.S. City Average,"index 1982-1984=100, seasonally adjusted"
2016-04-01,238.992,0.38306451612901693,1.1726257503534843,CPIAUCSL,CPI,Consumer Price Index for All Urban Consumers: All Items in U.S. City Average,"index 1982-1984=100, seasonally adjusted"
2016-05-01,239.557,0.23640958693178504,1.0784764621246223,CPIAUCSL,CPI,Consumer Price Index for All Urban Consumers: All Items in U.S. City Average,"index 1982-1984=100, seasonally adjusted"
2016-06-01,240.222,0.2775957287827202,1.0792865347959424,CPIAUCSL,CPI,Consumer Price Index for All Urban Consumers: All Items in U.S. City Average,"index 1982-1984=100, seasonally adjusted"
2016-07-01,240.101,-0.05037007434789409,0.8683633430518256,CPIAUCSL,CPI,Consumer Price Index for All Urban Consumers: All Items in U.S. City Average,"index 1982-1984=100, seasonally adjusted"
2016-08-01,240.545,0.18492217858316895,1.0553158595656864,CPIAUCSL,CPI,Consumer Price Index for All Urban Consumers: All Items in U.S. City Average,"index 1982-1984=100, seasonally adjusted"
2016-09-01,241.176,0.26232097944252075,1.5486446201652182,CPIAUCSL,CPI,Consumer Price Index for All Urban Consumers: All Items in U.S. City Average,"index 1982-1984=100, seasonally adjusted"
2016-10-01,241.741,0.23426874979268764,1.685924966243646,CPIAUCSL,CPI,Consumer Price Index for All Urban Consumers: All Items in U.S. City Average,"index 1982-1984=100, seasonally adjusted"
2016-11-01,242.026,0.11789477167711837,1.6843334719788938,CPIAUCSL,CPI,Consumer Price Index for All Urban Consumers: All Items in U.S. City Average,"index 1982-1984=100, seasonally adjusted"
2016-12-01,242.637,0.2524522158776188,2.0507989115119862,CPIAUCSL,CPI,Consumer Price Index for All Urban Consumers: All Items in U.S. City Average,"index 1982-1984=100, seasonally adjusted"
2017-01-01,243.618,0.4043076694815628,2.5103933482571117,CPIAUCSL,CPI,Consumer Price Index for All Urban Consumers: All Items in U.S. City Average,"index 1982-1984=100, seasonally adjusted"
2017-02-01,244.006,0.15926573570097524,2.8103616813294208,CPIAUCSL,CPI,Consumer Price Index for All Urban Consumers: All Items in U.S. City Average,"index 1982-1984=100, seasonally adjusted"
2017-03-01,243.892,-0.04672016261895173,2.44119623655914,CPIAUCSL,CPI,Consumer Price Index for All Urban Consumers: All Items in U.S. City Average,"index 1982-1984=100, seasonally adjusted"
2017-04-01,244.193,0.12341528217407749,2.176223471915395,CPIAUCSL,CPI,Consumer Price Index for All Urban Consumers: All Items in U.S. City Average,"index 1982-1984=100, seasonally adjusted"
2017-05-01,244.004,-0.07739779600562935,1.8563431667619756,CPIAUCSL,CPI,Consumer Price Index for All Urban Consumers: All Items in U.S. City Average,"index 1982-1984=100, seasonally adjusted"
2017-06-01,244.163,0.0651628661825221,1.640565809959127,CPIAUCSL,CPI,Consumer Price Index for All Urban Consumers: All Items in U.S. City Average,"index 1982-1984=100, seasonally adjusted"
2017-07-01,244.243,0.03276499715354486,1.7251073506566073,CPIAUCSL,CPI,Consumer Price Index for All Urban Consumers: All Items in U.S. City Average,"index 1982-1984=100, seasonally adjusted"
2017-08-01,245.183,0.38486261632881824,1.92812155729698,CPIAUCSL,CPI,Consumer Price Index for All Urban Consumers: All Items in U.S. City Average,"index 1982-1984=100, seasonally adjusted"
2017-09-01,246.435,0.5106389920997767,2.1805652303711787,CPIAUCSL,CPI,Consumer Price Index for All Urban Consumers: All Items in U.S. City Average,"index 1982-1984=100, seasonally adjusted"
2017-10-01,246.626,0.07750522450138408,2.020757753132485,CPIAUCSL,CPI,Consumer Price Index for All Urban Consumers: All Items in U.S. City Average,"index 1982-1984=100, seasonally adjusted"
2017-11-01,247.284,0.2668007428251684,2.172493864295566,CPIAUCSL,CPI,Consumer Price Index for All Urban Consumers: All Items in U.S. City Average,"index 1982-1984=100, seasonally adjusted"
2017-12-01,247.805,0.21068892447551058,2.129930719552253,CPIAUCSL,CPI,Consumer Price Index for All Urban Consumers: All Items in U.S. City Average,"index 1982-1984=100, seasonally adjusted"
2018-01-01,248.859,0.42533443635115464,2.151318868063945,CPIAUCSL,CPI,Consumer Price Index for All Urban Consumers: All Items in U.S. City Average,"index 1982-1984=100, seasonally adjusted"
2018-02-01,249.529,0.26922876006090224,2.263468931091861,CPIAUCSL,CPI,Consumer Price Index for All Urban Consumers: All Items in U.S. City Average,"index 1982-1984=100, seasonally adjusted"
2018-03-01,249.577,0.0192362410782021,2.3309497646499366,CPIAUCSL,CPI,Consumer Price Index for All Urban Consumers: All Items in U.S. City Average,"index 1982-1984=100, seasonally adjusted"
2018-04-01,250.227,0.2604406656061986,2.4709963021052994,CPIAUCSL,CPI,Consumer Price Index for All Urban Consumers: All Items in U.S. City Average,"index 1982-1984=100, seasonally adjusted"
2018-05-01,250.792,0.2257949781598212,2.781921607842497,CPIAUCSL,CPI,Consumer Price Index for All Urban Consumers: All Items in U.S. City Average,"index 1982-1984=100, seasonally adjusted"
2018-06-01,251.018,0.09011451720948305,2.8075506935940187,CPIAUCSL,CPI,Consumer Price Index for All Urban Consumers: All Items in U.S. City Average,"index 1982-1984=100, seasonally adjusted"
2018-07-01,251.214,0.07808204989283585,2.854124785561929,CPIAUCSL,CPI,Consumer Price Index for All Urban Consumers: All Items in U.S. City Average,"index 1982-1984=100, seasonally adjusted"
2018-08-01,251.663,0.17873207703393845,2.6429238568742575,CPIAUCSL,CPI,Consumer Price Index for All Urban Consumers: All Items in U.S. City Average,"index 1982-1984=100, seasonally adjusted"
2018-09-01,252.182,0.2062281702117419,2.332055105808828,CPIAUCSL,CPI,Consumer Price Index for All Urban Consumers: All Items in U.S. City Average,"index 1982-1984=100, seasonally adjusted"
2018-10-01,252.772,0.2339580144498754,2.492032470218053,CPIAUCSL,CPI,Consumer Price Index for All Urban Consumers: All Items in U.S. City Average,"index 1982-1984=100, seasonally adjusted"
2018-11-01,252.594,-0.07041919199911595,2.147328577667773,CPIAUCSL,CPI,Consumer Price Index for All Urban Consumers: All Items in U.S. City Average,"index 1982-1984=100, seasonally adjusted"
2018-12-01,252.767,0.06848935445813442,2.0023809043401064,CPIAUCSL,CPI,Consumer Price Index for All Urban Consumers: All Items in U.S. City Average,"index 1982-1984=100, seasonally adjusted"
2019-01-01,252.561,-0.08149798035343991,1.4875893578291333,CPIAUCSL,CPI,Consumer Price Index for All Urban Consumers: All Items in U.S. City Average,"index 1982-1984=100, seasonally adjusted"
2019-02-01,253.319,0.3001255142321968,1.5188615351321877,CPIAUCSL,CPI,Consumer Price Index for All Urban Consumers: All Items in U.S. City Average,"index 1982-1984=100, seasonally adjusted"
2019-03-01,254.277,0.37817929172307974,1.8831863513063984,CPIAUCSL,CPI,Consumer Price Index for All Urban Consumers: All Items in U.S. City Average,"index 1982-1984=100, seasonally adjusted"
2019-04-01,255.233,0.3759679404743643,2.000583470209061,CPIAUCSL,CPI,Consumer Price Index for All Urban Consumers: All Items in U.S. City Average,"index 1982-1984=100, seasonally adjusted"
2019-05-01,255.296,0.02468332856644384,1.7959105553606136,CPIAUCSL,CPI,Consumer Price Index for All Urban Consumers: All Items in U.S. City Average,"index 1982-1984=100, seasonally adjusted"
2019-06-01,255.213,-0.03251128102280676,1.671194894390049,CPIAUCSL,CPI,Consumer Price Index for All Urban Consumers: All Items in U.S. City Average,"index 1982-1984=100, seasonally adjusted"
2019-07-01,255.802,0.23078761661827762,1.826331335037068,CPIAUCSL,CPI,Consumer Price Index for All Urban Consumers: All Items in U.S. City Average,"index 1982-1984=100, seasonally adjusted"
2019-08-01,256.036,0.09147700174354512,1.7376412106666406,CPIAUCSL,CPI,Consumer Price Index for All Urban Consumers: All Items in U.S. City Average,"index 1982-1984=100, seasonally adjusted"
2019-09-01,256.43,0.1538846099767177,1.6844977040391562,CPIAUCSL,CPI,Consumer Price Index for All Urban Consumers: All Items in U.S. City Average,"index 1982-1984=100, seasonally adjusted"
2019-10-01,257.155,0.2827282299262768,1.7339736996186295,CPIAUCSL,CPI,Consumer Price Index for All Urban Consumers: All Items in U.S. City Average,"index 1982-1984=100, seasonally adjusted"
2019-11-01,257.879,0.281542260504386,2.092290394862917,CPIAUCSL,CPI,Consumer Price Index for All Urban Consumers: All Items in U.S. City Average,"index 1982-1984=100, seasonally adjusted"
2019-12-01,258.63,0.29122185210892493,2.3195274699624457,CPIAUCSL,CPI,Consumer Price Index for All Urban Consumers: All Items in U.S. City Average,"index 1982-1984=100, seasonally adjusted"
2020-01-01,259.127,0.19216641534238743,2.599767976845202,CPIAUCSL,CPI,Consumer Price Index for All Urban Consumers: All Items in U.S. City Average,"index 1982-1984=100, seasonally adjusted"
2020-02-01,259.25,0.04746707213065804,2.3413166797595197,CPIAUCSL,CPI,Consumer Price Index for All Urban Consumers: All Items in U.S. City Average,"index 1982-1984=100, seasonally adjusted"
2020-03-01,258.076,-0.4528447444551498,1.4940399642909163,CPIAUCSL,CPI,Consumer Price Index for All Urban Consumers: All Items in U.S. City Average,"index 1982-1984=100, seasonally adjusted"
2020-04-01,256.032,-0.7920147553434065,0.3130472940411133,CPIAUCSL,CPI,Consumer Price Index for All Urban Consumers: All Items in U.S. City Average,"index 1982-1984=100, seasonally adjusted"
2020-05-01,255.802,-0.08983252093487382,0.1982013035848551,CPIAUCSL,CPI,Consumer Price Index for All Urban Consumers: All Items in U.S. City Average,"index 1982-1984=100, seasonally adjusted"
2020-06-01,257.042,0.4847499237691677,0.7166562831830481,CPIAUCSL,CPI,Consumer Price Index for All Urban Consumers: All Items in U.S. City Average,"index 1982-1984=100, seasonally adjusted"
2020-07-01,258.352,0.5096443382793581,0.9968647625897997,CPIAUCSL,CPI,Consumer Price Index for All Urban Consumers: All Items in U.S. City Average,"index 1982-1984=100, seasonally adjusted"
2020-08-01,259.316,0.3731343283582156,1.2810698495523853,CPIAUCSL,CPI,Consumer Price Index for All Urban Consumers: All Items in U.S. City Average,"index 1982-1984=100, seasonally adjusted"
2020-09-01,259.997,0.2626139536318739,1.3910228912373812,CPIAUCSL,CPI,Consumer Price Index for All Urban Consumers: All Items in U.S. City Average,"index 1982-1984=100, seasonally adjusted"
2020-10-01,260.319,0.1238475828567287,1.2303863428671624,CPIAUCSL,CPI,Consumer Price Index for All Urban Consumers: All Items in U.S. City Average,"index 1982-1984=100, seasonally adjusted"
2020-11-01,260.911,0.2274132890799363,1.1757452138405844,CPIAUCSL,CPI,Consumer Price Index for All Urban Consumers: All Items in U.S. City Average,"index 1982-1984=100, seasonally adjusted"
2020-12-01,262.045,0.4346309661148906,1.3204191315779434,CPIAUCSL,CPI,Consumer Price Index for All Urban Consumers: All Items in U.S. City Average,"index 1982-1984=100, seasonally adjusted"
2021-01-01,262.687,0.24499608845809373,1.3738437137002402,CPIAUCSL,CPI,Consumer Price Index for All Urban Consumers: All Items in U.S. City Average,"index 1982-1984=100, seasonally adjusted"
2021-02-01,263.579,0.33956762230333837,1.6698167791706853,CPIAUCSL,CPI,Consumer Price Index for All Urban Consumers: All Items in U.S. City Average,"index 1982-1984=100, seasonally adjusted"
2021-03-01,264.961,0.524320981565296,2.6678187820641908,CPIAUCSL,CPI,Consumer Price Index for All Urban Consumers: All Items in U.S. City Average,"index 1982-1984=100, seasonally adjusted"
2021-04-01,266.614,0.6238653990587206,4.133077115360573,CPIAUCSL,CPI,Consumer Price Index for All Urban Consumers: All Items in U.S. City Average,"index 1982-1984=100, seasonally adjusted"
2021-05-01,268.383,0.6635060424433847,4.918257089467626,CPIAUCSL,CPI,Consumer Price Index for All Urban Consumers: All Items in U.S. City Average,"index 1982-1984=100, seasonally adjusted"
2021-06-01,270.654,0.8461787818155431,5.295632620349999,CPIAUCSL,CPI,Consumer Price Index for All Urban Consumers: All Items in U.S. City Average,"index 1982-1984=100, seasonally adjusted"
2021-07-01,271.903,0.4614747980816958,5.245169381309234,CPIAUCSL,CPI,Consumer Price Index for All Urban Consumers: All Items in U.S. City Average,"index 1982-1984=100, seasonally adjusted"
2021-08-01,272.676,0.2842925602144719,5.152015301793966,CPIAUCSL,CPI,Consumer Price Index for All Urban Consumers: All Items in U.S. City Average,"index 1982-1984=100, seasonally adjusted"
2021-09-01,273.91,0.4525517463950024,5.351215590949132,CPIAUCSL,CPI,Consumer Price Index for All Urban Consumers: All Items in U.S. City Average,"index 1982-1984=100, seasonally adjusted"
2021-10-01,276.55,0.9638202329232071,6.235042390298062,CPIAUCSL,CPI,Consumer Price Index for All Urban Consumers: All Items in U.S. City Average,"index 1982-1984=100, seasonally adjusted"
2021-11-01,278.919,0.8566262881938069,6.901970403700863,CPIAUCSL,CPI,Consumer Price Index for All Urban Consumers: All Items in U.S. City Average,"index 1982-1984=100, seasonally adjusted"
2021-12-01,280.845,0.6905230550805275,7.174340285065539,CPIAUCSL,CPI,Consumer Price Index for All Urban Consumers: All Items in U.S. City Average,"index 1982-1984=100, seasonally adjusted"
2022-01-01,282.543,0.6046039630400957,7.558805726967832,CPIAUCSL,CPI,Consumer Price Index for All Urban Consumers: All Items in U.S. City Average,"index 1982-1984=100, seasonally adjusted"
2022-02-01,284.5,0.6926379347568234,7.937278766517819,CPIAUCSL,CPI,Consumer Price Index for All Urban Consumers: All Items in U.S. City Average,"index 1982-1984=100, seasonally adjusted"
2022-03-01,287.674,1.115641476274165,8.572204966013853,CPIAUCSL,CPI,Consumer Price Index for All Urban Consumers: All Items in U.S. City Average,"index 1982-1984=100, seasonally adjusted"
2022-04-01,288.561,0.30833512934780316,8.231750770777225,CPIAUCSL,CPI,Consumer Price Index for All Urban Consumers: All Items in U.S. City Average,"index 1982-1984=100, seasonally adjusted"
2022-05-01,291.298,0.9484996239963239,8.538171195642065,CPIAUCSL,CPI,Consumer Price Index for All Urban Consumers: All Items in U.S. City Average,"index 1982-1984=100, seasonally adjusted"
2022-06-01,294.957,1.2561019986405686,8.979361103105798,CPIAUCSL,CPI,Consumer Price Index for All Urban Consumers: All Items in U.S. City Average,"index 1982-1984=100, seasonally adjusted"
2022-07-01,294.913,-0.014917428642136077,8.462576727730099,CPIAUCSL,CPI,Consumer Price Index for All Urban Consumers: All Items in U.S. City Average,"index 1982-1984=100, seasonally adjusted"
2022-08-01,295.097,0.062391281496565476,8.222579178218826,CPIAUCSL,CPI,Consumer Price Index for All Urban Consumers: All Items in U.S. City Average,"index 1982-1984=100, seasonally adjusted"
2022-09-01,296.349,0.42426727482827165,8.192106896425821,CPIAUCSL,CPI,Consumer Price Index for All Urban Consumers: All Items in U.S. City Average,"index 1982-1984=100, seasonally adjusted"
2022-10-01,298.007,0.5594754832984217,7.758813957693,CPIAUCSL,CPI,Consumer Price Index for All Urban Consumers: All Items in U.S. City Average,"index 1982-1984=100, seasonally adjusted"
2022-11-01,298.786,0.2614032556282231,7.122856456533988,CPIAUCSL,CPI,Consumer Price Index for All Urban Consumers: All Items in U.S. City Average,"index 1982-1984=100, seasonally adjusted"
2022-12-01,298.832,0.01539563433359259,6.404600402357152,CPIAUCSL,CPI,Consumer Price Index for All Urban Consumers: All Items in U.S. City Average,"index 1982-1984=100, seasonally adjusted"
2023-01-01,300.42,0.5314022594635093,6.327178517960097,CPIAUCSL,CPI,Consumer Price Index for All Urban Consumers: All Items in U.S. City Average,"index 1982-1984=100, seasonally adjusted"
2023-02-01,301.45,0.3428533386591992,5.957820738137087,CPIAUCSL,CPI,Consumer Price Index for All Urban Consumers: All Items in U.S. City Average,"index 1982-1984=100, seasonally adjusted"
2023-03-01,301.821,0.12307181953890023,4.917719362889961,CPIAUCSL,CPI,Consumer Price Index for All Urban Consumers: All Items in U.S. City Average,"index 1982-1984=100, seasonally adjusted"
2023-04-01,302.845,0.3392739405144063,4.950079879124369,CPIAUCSL,CPI,Consumer Price Index for All Urban Consumers: All Items in U.S. City Average,"index 1982-1984=100, seasonally adjusted"
2023-05-01,303.334,0.1614687381333635,4.131851231385042,CPIAUCSL,CPI,Consumer Price Index for All Urban Consumers: All Items in U.S. City Average,"index 1982-1984=100, seasonally adjusted"
2023-06-01,304.014,0.224175331482801,3.070617072997095,CPIAUCSL,CPI,Consumer Price Index for All Urban Consumers: All Items in U.S. City Average,"index 1982-1984=100, seasonally adjusted"
2023-07-01,304.609,0.1957146710348745,3.287749268428297,CPIAUCSL,CPI,Consumer Price Index for All Urban Consumers: All Items in U.S. City Average,"index 1982-1984=100, seasonally adjusted"
2023-08-01,306.082,0.4835707415079771,3.722504803505289,CPIAUCSL,CPI,Consumer Price Index for All Urban Consumers: All Items in U.S. City Average,"index 1982-1984=100, seasonally adjusted"
2023-09-01,307.276,0.3900915440960384,3.687206638119256,CPIAUCSL,CPI,Consumer Price Index for All Urban Consumers: All Items in U.S. City Average,"index 1982-1984=100, seasonally adjusted"
2023-10-01,307.696,0.13668493471667986,3.2512659098611785,CPIAUCSL,CPI,Consumer Price Index for All Urban Consumers: All Items in U.S. City Average,"index 1982-1984=100, seasonally adjusted"
2023-11-01,308.148,0.14689823722116024,3.1333462745911866,CPIAUCSL,CPI,Consumer Price Index for All Urban Consumers: All Items in U.S. City Average,"index 1982-1984=100, seasonally adjusted"
2023-12-01,308.741,0.1924399963653789,3.3159099427102934,CPIAUCSL,CPI,Consumer Price Index for All Urban Consumers: All Items in U.S. City Average,"index 1982-1984=100, seasonally adjusted"
2024-01-01,309.698,0.30996854969052023,3.0883429864855705,CPIAUCSL,CPI,Consumer Price Index for All Urban Consumers: All Items in U.S. City Average,"index 1982-1984=100, seasonally adjusted"
2024-02-01,310.967,0.40975401843086345,3.157074141648697,CPIAUCSL,CPI,Consumer Price Index for All Urban Consumers: All Items in U.S. City Average,"index 1982-1984=100, seasonally adjusted"
2024-03-01,312.345,0.4431338373525273,3.4868349120836584,CPIAUCSL,CPI,Consumer Price Index for All Urban Consumers: All Items in U.S. City Average,"index 1982-1984=100, seasonally adjusted"
2024-04-01,313.023,0.21706766556210955,3.3607951262196734,CPIAUCSL,CPI,Consumer Price Index for All Urban Consumers: All Items in U.S. City Average,"index 1982-1984=100, seasonally adjusted"
2024-05-01,313.175,0.04855873210594108,3.244278584003113,CPIAUCSL,CPI,Consumer Price Index for All Urban Consumers: All Items in U.S. City Average,"index 1982-1984=100, seasonally adjusted"
2024-06-01,313.044,-0.041829647960411886,2.9702579486470926,CPIAUCSL,CPI,Consumer Price Index for All Urban Consumers: All Items in U.S. City Average,"index 1982-1984=100, seasonally adjusted"
2024-07-01,313.569,0.16770805381991494,2.9414757935583014,CPIAUCSL,CPI,Consumer Price Index for All Urban Consumers: All Items in U.S. City Average,"index 1982-1984=100, seasonally adjusted"
2024-08-01,314.062,0.1572221743858515,2.607144490692037,CPIAUCSL,CPI,Consumer Price Index for All Urban Consumers: All Items in U.S. City Average,"index 1982-1984=100, seasonally adjusted"
2024-09-01,314.732,0.2133336729690294,2.4264830315416708,CPIAUCSL,CPI,Consumer Price Index for All Urban Consumers: All Items in U.S. City Average,"index 1982-1984=100, seasonally adjusted"
2024-10-01,315.631,0.2856398459641696,2.578844053871343,CPIAUCSL,CPI,Consumer Price Index for All Urban Consumers: All Items in U.S. City Average,"index 1982-1984=100, seasonally adjusted"
2024-11-01,316.528,0.28419261732848256,2.719472461284833,CPIAUCSL,CPI,Consumer Price Index for All Urban Consumers: All Items in U.S. City Average,"index 1982-1984=100, seasonally adjusted"
2024-12-01,317.604,0.3399383308901438,2.870690967509981,CPIAUCSL,CPI,Consumer Price Index for All Urban Consumers: All Items in U.S. City Average,"index 1982-1984=100, seasonally adjusted"
2025-01-01,318.961,0.42726162139017365,2.9909783078999608,CPIAUCSL,CPI,Consumer Price Index for All Urban Consumers: All Items in U.S. City Average,"index 1982-1984=100, seasonally adjusted"
2025-02-01,319.679,0.22510589068882592,2.8015834477613355,CPIAUCSL,CPI,Consumer Price Index for All Urban Consumers: All Items in U.S. City Average,"index 1982-1984=100, seasonally adjusted"
2025-03-01,319.785,0.03315826188146076,2.381981462805549,CPIAUCSL,CPI,Consumer Price Index for All Urban Consumers: All Items in U.S. City Average,"index 1982-1984=100, seasonally adjusted"
2025-04-01,320.302,0.16167112278562268,2.32538823025783,CPIAUCSL,CPI,Consumer Price Index for All Urban Consumers: All Items in U.S. City Average,"index 1982-1984=100, seasonally adjusted"
2025-05-01,320.62,0.09928130327003792,2.3772651073680873,CPIAUCSL,CPI,Consumer Price Index for All Urban Consumers: All Items in U.S. City Average,"index 1982-1984=100, seasonally adjusted"
2025-06-01,321.435,0.2541949971929469,2.680453865910226,CPIAUCSL,CPI,Consumer Price Index for All Urban Consumers: All Items in U.S. City Average,"index 1982-1984=100, seasonally adjusted"
2025-07-01,322.169,0.22835098853577485,2.742618052167134,CPIAUCSL,CPI,Consumer Price Index for All Urban Consumers: All Items in U.S. City Average,"index 1982-1984=100, seasonally adjusted"
2025-08-01,323.291,0.3482644202266627,2.9385917430316155,CPIAUCSL,CPI,Consumer Price Index for All Urban Consumers: All Items in U.S. City Average,"index 1982-1984=100, seasonally adjusted"
2025-09-01,324.245,0.2950901819104068,3.0225715847133294,CPIAUCSL,CPI,Consumer Price Index for All Urban Consumers: All Items in U.S. City Average,"index 1982-1984=100, seasonally adjusted"
2025-10-01,,,,CPIAUCSL,CPI,Consumer Price Index for All Urban Consumers: All Items in U.S. City Average,"index 1982-1984=100, seasonally adjusted"
2025-11-01,325.063,,2.6964439164939513,CPIAUCSL,CPI,Consumer Price Index for All Urban Consumers: All Items in U.S. City Average,"index 1982-1984=100, seasonally adjusted"
2025-12-01,326.031,0.297788428704604,2.653304114557753,CPIAUCSL,CPI,Consumer Price Index for All Urban Consumers: All Items in U.S. City Average,"index 1982-1984=100, seasonally adjusted"
2026-01-01,326.588,0.170842649932057,2.391201432150014,CPIAUCSL,CPI,Consumer Price Index for All Urban Consumers: All Items in U.S. City Average,"index 1982-1984=100, seasonally adjusted"
2026-02-01,327.46,0.26700307420970404,2.4340041103732224,CPIAUCSL,CPI,Consumer Price Index for All Urban Consumers: All Items in U.S. City Average,"index 1982-1984=100, seasonally adjusted"
