beta_window,z_window,move_window,entry_z,exit_z,segment_type,segment_value,entries,event_count,entry_rate,win_rate,mean_pair_return,median_pair_return,std_pair_return,t_score,sortino_like,median_realized_rr,median_best_rr,median_minutes_to_normalize,median_minutes_entry_to_normalize,mean_peak_abs_z
144,576,6,3.0,0.25,direction,xau_cheap_uup_rich,62,62,1.0,0.7258064516129032,0.0036784254538454364,0.0032645363299403513,0.008468545730335923,3.420180029705705,5.443667823545854,0.7462313085880108,2.267781053019738,780.0,775.0,4.213971508607213
144,576,12,3.0,0.25,direction,xau_cheap_uup_rich,62,62,1.0,0.7258064516129032,0.0036784254538454364,0.0032645363299403513,0.008468545730335923,3.420180029705705,5.443667823545854,0.7462313085880108,2.267781053019738,780.0,775.0,4.213971508607213
144,576,24,3.0,0.25,direction,xau_cheap_uup_rich,62,62,1.0,0.7258064516129032,0.0036784254538454364,0.0032645363299403513,0.008468545730335923,3.420180029705705,5.443667823545854,0.7462313085880108,2.267781053019738,780.0,775.0,4.213971508607213
144,288,6,3.0,0.75,direction,xau_cheap_uup_rich,165,165,1.0,0.5818181818181818,0.001653611760396828,0.0008615120873207927,0.0062617647419639525,3.392179127197783,6.164198514073408,0.20079825569836304,1.0335062503744714,470.0,465.0,4.712181916333531
144,288,12,3.0,0.75,direction,xau_cheap_uup_rich,165,165,1.0,0.5818181818181818,0.001653611760396828,0.0008615120873207927,0.0062617647419639525,3.392179127197783,6.164198514073408,0.20079825569836304,1.0335062503744714,470.0,465.0,4.712181916333531
144,288,24,3.0,0.75,direction,xau_cheap_uup_rich,165,165,1.0,0.5818181818181818,0.001653611760396828,0.0008615120873207927,0.0062617647419639525,3.392179127197783,6.164198514073408,0.20079825569836304,1.0335062503744714,470.0,465.0,4.712181916333531
288,144,6,3.0,0.25,direction,xau_cheap_uup_rich,290,291,0.9965635738831615,0.5793103448275863,0.002120150469127765,0.001311585071123945,0.010898914966198164,3.312702374929271,6.675564940140163,0.1394294631137699,1.0476224612293863,735.0,732.5,6.121594765268915
288,144,12,3.0,0.25,direction,xau_cheap_uup_rich,290,291,0.9965635738831615,0.5793103448275863,0.002120150469127765,0.001311585071123945,0.010898914966198164,3.312702374929271,6.675564940140163,0.1394294631137699,1.0476224612293863,735.0,732.5,6.121594765268915
288,144,24,3.0,0.25,direction,xau_cheap_uup_rich,290,291,0.9965635738831615,0.5793103448275863,0.002120150469127765,0.001311585071123945,0.010898914966198164,3.312702374929271,6.675564940140163,0.1394294631137699,1.0476224612293863,735.0,732.5,6.121594765268915
144,288,6,3.0,0.25,direction,xau_cheap_uup_rich,141,141,1.0,0.5886524822695035,0.002858478015212215,0.0012388269728274611,0.010600506453764185,3.2019739763333845,6.653951786345314,0.15940675265641888,1.032983825342463,780.0,775.0,4.78010827735878
144,144,6,3.0,0.25,direction,xau_rich_uup_cheap,325,325,1.0,0.47692307692307695,0.000539101850229638,-0.00025589209555872523,0.010158086929035812,0.9567546415380827,1.7291196841696095,-0.28090028688272356,0.6397409997332386,645.0,640.0,6.472230568582302
144,144,12,3.0,0.25,direction,xau_rich_uup_cheap,325,325,1.0,0.47692307692307695,0.000539101850229638,-0.00025589209555872523,0.010158086929035812,0.9567546415380827,1.7291196841696095,-0.28090028688272356,0.6397409997332386,645.0,640.0,6.472230568582302
144,144,24,3.0,0.25,direction,xau_rich_uup_cheap,325,325,1.0,0.47692307692307695,0.000539101850229638,-0.00025589209555872523,0.010158086929035812,0.9567546415380827,1.7291196841696095,-0.28090028688272356,0.6397409997332386,645.0,640.0,6.472230568582302
144,576,6,3.0,0.75,direction,xau_rich_uup_cheap,74,74,1.0,0.527027027027027,0.0006946475944341359,0.0003006225377476339,0.006343153377683178,0.9420526664726047,1.7792424952819779,0.04523368337870809,1.0049398304732127,720.0,712.5,4.468077659259054
144,576,12,3.0,0.75,direction,xau_rich_uup_cheap,74,74,1.0,0.527027027027027,0.0006946475944341359,0.0003006225377476339,0.006343153377683178,0.9420526664726047,1.7792424952819779,0.04523368337870809,1.0049398304732127,720.0,712.5,4.468077659259054
144,576,24,3.0,0.75,direction,xau_rich_uup_cheap,74,74,1.0,0.527027027027027,0.0006946475944341359,0.0003006225377476339,0.006343153377683178,0.9420526664726047,1.7792424952819779,0.04523368337870809,1.0049398304732127,720.0,712.5,4.468077659259054
144,576,6,3.0,1.0,direction,xau_rich_uup_cheap,76,76,1.0,0.5131578947368421,0.0006030919207036737,0.00026499739478445697,0.006149136447151393,0.8550198092387321,1.6446543089352625,-0.0909330599532388,0.9848404850497069,625.0,620.0,4.444973316376763
144,576,12,3.0,1.0,direction,xau_rich_uup_cheap,76,76,1.0,0.5131578947368421,0.0006030919207036737,0.00026499739478445697,0.006149136447151393,0.8550198092387321,1.6446543089352625,-0.0909330599532388,0.9848404850497069,625.0,620.0,4.444973316376763
144,576,24,3.0,1.0,direction,xau_rich_uup_cheap,76,76,1.0,0.5131578947368421,0.0006030919207036737,0.00026499739478445697,0.006149136447151393,0.8550198092387321,1.6446543089352625,-0.0909330599532388,0.9848404850497069,625.0,620.0,4.444973316376763
144,576,6,3.0,0.5,direction,xau_rich_uup_cheap,70,70,1.0,0.5428571428571428,0.0006086618435168103,0.0001932837749154013,0.006983187097226863,0.7292415727330039,1.31032451298974,0.037154022194311936,0.9307561711154969,720.0,715.0,4.506404143610631
144,576,6,3.0,0.5,hour_et,9,79,79,1.0,0.620253164556962,0.0019316838140894731,0.0014338231167074556,0.0070314157639653685,2.4417815513623355,4.036865847979273,0.6062866562437446,1.5866324986267584,720.0,715.0,4.326228281851169
144,576,12,3.0,0.5,hour_et,9,79,79,1.0,0.620253164556962,0.0019316838140894731,0.0014338231167074556,0.0070314157639653685,2.4417815513623355,4.036865847979273,0.6062866562437446,1.5866324986267584,720.0,715.0,4.326228281851169
144,576,24,3.0,0.5,hour_et,9,79,79,1.0,0.620253164556962,0.0019316838140894731,0.0014338231167074556,0.0070314157639653685,2.4417815513623355,4.036865847979273,0.6062866562437446,1.5866324986267584,720.0,715.0,4.326228281851169
144,576,6,3.0,0.75,hour_et,9,80,80,1.0,0.575,0.0015835992606925721,0.000718240660492026,0.006235101565891272,2.271677892400671,4.106191272306133,0.29472051003328115,1.392275435206087,720.0,715.0,4.335473595870317
144,576,12,3.0,0.75,hour_et,9,80,80,1.0,0.575,0.0015835992606925721,0.000718240660492026,0.006235101565891272,2.271677892400671,4.106191272306133,0.29472051003328115,1.392275435206087,720.0,715.0,4.335473595870317
144,576,24,3.0,0.75,hour_et,9,80,80,1.0,0.575,0.0015835992606925721,0.000718240660492026,0.006235101565891272,2.271677892400671,4.106191272306133,0.29472051003328115,1.392275435206087,720.0,715.0,4.335473595870317
144,288,6,3.0,0.25,hour_et,9,130,130,1.0,0.5769230769230769,0.0015149865981181885,0.0007746994588049969,0.009768775692246703,1.7682364125730399,2.9546796699038422,0.18008784787678858,0.8272575053103977,1035.0,1027.5,5.098189632870001
144,288,12,3.0,0.25,hour_et,9,130,130,1.0,0.5769230769230769,0.0015149865981181885,0.0007746994588049969,0.009768775692246703,1.7682364125730399,2.9546796699038422,0.18008784787678858,0.8272575053103977,1035.0,1027.5,5.098189632870001
144,288,24,3.0,0.25,hour_et,9,130,130,1.0,0.5769230769230769,0.0015149865981181885,0.0007746994588049969,0.009768775692246703,1.7682364125730399,2.9546796699038422,0.18008784787678858,0.8272575053103977,1035.0,1027.5,5.098189632870001
144,288,6,2.5,0.5,hour_et,9,181,181,1.0,0.5414364640883977,0.001058877899917658,0.0004251533418423877,0.008117412887129881,1.7549612635614078,3.019566655985077,0.02950843684697091,0.8732363166502866,720.0,715.0,4.237562919801581
576,288,6,2.5,0.75,hour_et,10,23,23,1.0,0.5652173913043478,0.0028452392780419808,0.00042943459023684504,0.008974845955398235,1.5203924712260737,2.9646221665571226,0.2683721672774779,0.9997481516468163,880.0,875.0,4.785596856747602
576,288,12,2.5,0.75,hour_et,10,23,23,1.0,0.5652173913043478,0.0028452392780419808,0.00042943459023684504,0.008974845955398235,1.5203924712260737,2.9646221665571226,0.2683721672774779,0.9997481516468163,880.0,875.0,4.785596856747602
576,288,24,2.5,0.75,hour_et,10,23,23,1.0,0.5652173913043478,0.0028452392780419808,0.00042943459023684504,0.008974845955398235,1.5203924712260737,2.9646221665571226,0.2683721672774779,0.9997481516468163,880.0,875.0,4.785596856747602
576,288,6,1.75,0.5,hour_et,10,27,27,1.0,0.7037037037037037,0.003051647732346637,0.003576469906796162,0.012363789111121895,1.2825216133309898,1.2255282951778947,1.3658792063617882,1.9268861406659745,845.0,840.0,4.605843457484797
576,288,12,1.75,0.5,hour_et,10,27,27,1.0,0.7037037037037037,0.003051647732346637,0.003576469906796162,0.012363789111121895,1.2825216133309898,1.2255282951778947,1.3658792063617882,1.9268861406659745,845.0,840.0,4.605843457484797
576,288,24,1.75,0.5,hour_et,10,27,27,1.0,0.7037037037037037,0.003051647732346637,0.003576469906796162,0.012363789111121895,1.2825216133309898,1.2255282951778947,1.3658792063617882,1.9268861406659745,845.0,840.0,4.605843457484797
288,144,6,2.25,0.25,hour_et,10,30,30,1.0,0.5666666666666667,0.0012894007681788606,0.0009662378656742699,0.006434138992799767,1.0976354212838337,1.3858218518751464,-0.14388146366284438,0.8515848365754238,635.0,630.0,4.66141614224802
288,144,12,2.25,0.25,hour_et,10,30,30,1.0,0.5666666666666667,0.0012894007681788606,0.0009662378656742699,0.006434138992799767,1.0976354212838337,1.3858218518751464,-0.14388146366284438,0.8515848365754238,635.0,630.0,4.66141614224802
288,144,24,2.25,0.25,hour_et,10,30,30,1.0,0.5666666666666667,0.0012894007681788606,0.0009662378656742699,0.006434138992799767,1.0976354212838337,1.3858218518751464,-0.14388146366284438,0.8515848365754238,635.0,630.0,4.66141614224802
288,144,6,3.0,1.0,hour_et,10,24,24,1.0,0.625,0.0011597420903007502,0.001662167658591306,0.005594207698915646,1.0156134728484436,1.1359956755829115,0.45655246709016123,1.0476224612293863,382.5,377.5,5.445124359223559
288,144,6,1.75,1.0,hour_et,11,23,23,1.0,0.5652173913043478,0.0005522074834701986,0.00019200269756530804,0.004244981805805541,0.6238646424853209,2.0745409041894978,0.39453497662064263,1.0751771195750868,270.0,265.0,4.259766911357699
288,144,12,1.75,1.0,hour_et,11,23,23,1.0,0.5652173913043478,0.0005522074834701986,0.00019200269756530804,0.004244981805805541,0.6238646424853209,2.0745409041894978,0.39453497662064263,1.0751771195750868,270.0,265.0,4.259766911357699
288,144,24,1.75,1.0,hour_et,11,23,23,1.0,0.5652173913043478,0.0005522074834701986,0.00019200269756530804,0.004244981805805541,0.6238646424853209,2.0745409041894978,0.39453497662064263,1.0751771195750868,270.0,265.0,4.259766911357699
288,144,6,1.75,0.75,hour_et,11,21,21,1.0,0.47619047619047616,0.0003785622823034463,-4.512689181093905e-05,0.004696728454487765,0.3693614248133032,1.0626490081577709,-0.28300590575745277,1.2577396669914296,295.0,285.0,4.5312145225389955
288,144,12,1.75,0.75,hour_et,11,21,21,1.0,0.47619047619047616,0.0003785622823034463,-4.512689181093905e-05,0.004696728454487765,0.3693614248133032,1.0626490081577709,-0.28300590575745277,1.2577396669914296,295.0,285.0,4.5312145225389955
288,144,24,1.75,0.75,hour_et,11,21,21,1.0,0.47619047619047616,0.0003785622823034463,-4.512689181093905e-05,0.004696728454487765,0.3693614248133032,1.0626490081577709,-0.28300590575745277,1.2577396669914296,295.0,285.0,4.5312145225389955
288,288,6,1.75,0.5,hour_et,11,24,24,1.0,0.4583333333333333,0.0005515800773789353,-0.0006459265771802771,0.007408805077471168,0.3647254119214642,0.7050033362099694,-0.17362047333549302,0.7573508985668307,675.0,650.0,4.303372254746933
288,288,12,1.75,0.5,hour_et,11,24,24,1.0,0.4583333333333333,0.0005515800773789353,-0.0006459265771802771,0.007408805077471168,0.3647254119214642,0.7050033362099694,-0.17362047333549302,0.7573508985668307,675.0,650.0,4.303372254746933
288,288,24,1.75,0.5,hour_et,11,24,24,1.0,0.4583333333333333,0.0005515800773789353,-0.0006459265771802771,0.007408805077471168,0.3647254119214642,0.7050033362099694,-0.17362047333549302,0.7573508985668307,675.0,650.0,4.303372254746933
576,144,6,1.75,1.0,hour_et,11,30,31,0.967741935483871,0.5333333333333333,9.38311738969462e-05,0.00016156965213008412,0.002983343981455655,0.1722679344386935,0.19679666775659782,0.03944628813629007,0.44600298779680353,235.0,232.5,3.7493268117096195
576,144,6,2.0,0.75,hour_et,12,339,339,1.0,0.5870206489675516,0.0011019715906581593,0.000708155228003693,0.007109047945580975,2.8540317764924845,4.945995746083191,0.31675888177924155,0.9916147286342449,425.0,420.0,4.987874706244116
576,144,12,2.0,0.75,hour_et,12,339,339,1.0,0.5870206489675516,0.0011019715906581593,0.000708155228003693,0.007109047945580975,2.8540317764924845,4.945995746083191,0.31675888177924155,0.9916147286342449,425.0,420.0,4.987874706244116
576,144,24,2.0,0.75,hour_et,12,339,339,1.0,0.5870206489675516,0.0011019715906581593,0.000708155228003693,0.007109047945580975,2.8540317764924845,4.945995746083191,0.31675888177924155,0.9916147286342449,425.0,420.0,4.987874706244116
576,144,6,1.75,0.75,hour_et,12,342,342,1.0,0.5730994152046783,0.0010768988697923893,0.0006011598709698711,0.0074995475285208404,2.655540396597363,4.505229695511711,0.22569117480056208,0.9131849485924965,447.5,442.5,4.851236967694214
576,144,12,1.75,0.75,hour_et,12,342,342,1.0,0.5730994152046783,0.0010768988697923893,0.0006011598709698711,0.0074995475285208404,2.655540396597363,4.505229695511711,0.22569117480056208,0.9131849485924965,447.5,442.5,4.851236967694214
576,144,24,1.75,0.75,hour_et,12,342,342,1.0,0.5730994152046783,0.0010768988697923893,0.0006011598709698711,0.0074995475285208404,2.655540396597363,4.505229695511711,0.22569117480056208,0.9131849485924965,447.5,442.5,4.851236967694214
576,144,6,2.25,0.75,hour_et,12,333,333,1.0,0.5825825825825826,0.0009011475192814846,0.0006804806588069577,0.0071708125985628654,2.293240670794481,3.919870693079216,0.30816505994165844,0.9888362774480517,425.0,420.0,5.298164118777639
576,144,12,2.25,0.75,hour_et,12,333,333,1.0,0.5825825825825826,0.0009011475192814846,0.0006804806588069577,0.0071708125985628654,2.293240670794481,3.919870693079216,0.30816505994165844,0.9888362774480517,425.0,420.0,5.298164118777639
576,144,24,2.25,0.75,hour_et,12,333,333,1.0,0.5825825825825826,0.0009011475192814846,0.0006804806588069577,0.0071708125985628654,2.293240670794481,3.919870693079216,0.30816505994165844,0.9888362774480517,425.0,420.0,5.298164118777639
576,288,6,2.5,0.25,hour_et,12,145,145,1.0,0.5379310344827586,0.002393538331300109,0.0013831456436655203,0.013144416637223877,2.192719463311398,4.570316560417422,0.3430494024963474,1.6821642766162608,1255.0,1250.0,5.233910432188091
144,144,6,2.0,0.5,hour_et,13,34,34,1.0,0.7352941176470589,0.003250827202298109,0.0013559337645972927,0.008196385151013938,2.312655723933363,5.052365740322552,0.658119636622342,2.8070909942364106,540.0,530.0,4.309851983704438
144,144,12,2.0,0.5,hour_et,13,34,34,1.0,0.7352941176470589,0.003250827202298109,0.0013559337645972927,0.008196385151013938,2.312655723933363,5.052365740322552,0.658119636622342,2.8070909942364106,540.0,530.0,4.309851983704438
144,144,24,2.0,0.5,hour_et,13,34,34,1.0,0.7352941176470589,0.003250827202298109,0.0013559337645972927,0.008196385151013938,2.312655723933363,5.052365740322552,0.658119636622342,2.8070909942364106,540.0,530.0,4.309851983704438
144,144,6,1.75,0.5,hour_et,13,50,50,1.0,0.68,0.002485775356975724,0.0013547562877270782,0.007712606629969579,2.279007209564995,4.539755005331073,0.658119636622342,2.2244897959182777,527.5,522.5,4.164951932141997
144,144,12,1.75,0.5,hour_et,13,50,50,1.0,0.68,0.002485775356975724,0.0013547562877270782,0.007712606629969579,2.279007209564995,4.539755005331073,0.658119636622342,2.2244897959182777,527.5,522.5,4.164951932141997
144,144,24,1.75,0.5,hour_et,13,50,50,1.0,0.68,0.002485775356975724,0.0013547562877270782,0.007712606629969579,2.279007209564995,4.539755005331073,0.658119636622342,2.2244897959182777,527.5,522.5,4.164951932141997
144,144,6,1.75,0.75,hour_et,13,56,56,1.0,0.6785714285714286,0.0019276562628317306,0.0007808108097051889,0.006813200634929357,2.117251401054676,3.5144618454149814,1.0375637891207732,1.992112858987983,462.5,457.5,3.9929282592921314
144,144,12,1.75,0.75,hour_et,13,56,56,1.0,0.6785714285714286,0.0019276562628317306,0.0007808108097051889,0.006813200634929357,2.117251401054676,3.5144618454149814,1.0375637891207732,1.992112858987983,462.5,457.5,3.9929282592921314
144,144,24,1.75,0.75,hour_et,13,56,56,1.0,0.6785714285714286,0.0019276562628317306,0.0007808108097051889,0.006813200634929357,2.117251401054676,3.5144618454149814,1.0375637891207732,1.992112858987983,462.5,457.5,3.9929282592921314
576,288,6,2.25,0.75,hour_et,13,22,22,1.0,0.5909090909090909,0.0036755692934793012,0.0038792333047919106,0.008574459555783174,2.010616299289748,3.5276080231930016,1.796583224108773,7.236629407124493,675.0,665.0,3.5208615668147796
288,576,6,2.0,0.5,hour_et,14,134,134,1.0,0.5522388059701493,0.0016434317538625406,0.0016757543375171867,0.010767898890568532,1.7667418813007456,2.360374613512463,0.006816944598956954,0.9147002543630213,1142.5,1132.5,3.3188501161286106
288,576,12,2.0,0.5,hour_et,14,134,134,1.0,0.5522388059701493,0.0016434317538625406,0.0016757543375171867,0.010767898890568532,1.7667418813007456,2.360374613512463,0.006816944598956954,0.9147002543630213,1142.5,1132.5,3.3188501161286106
288,576,24,2.0,0.5,hour_et,14,134,134,1.0,0.5522388059701493,0.0016434317538625406,0.0016757543375171867,0.010767898890568532,1.7667418813007456,2.360374613512463,0.006816944598956954,0.9147002543630213,1142.5,1132.5,3.3188501161286106
144,144,6,2.25,0.75,hour_et,14,38,44,0.8636363636363636,0.6052631578947368,0.002829315269459951,0.0010695731050125211,0.01043367145031676,1.6716139423139842,3.1614744191276403,0.5920884160169172,1.539056234719936,400.0,420.0,5.028868907971272
144,144,12,2.25,0.75,hour_et,14,38,44,0.8636363636363636,0.6052631578947368,0.002829315269459951,0.0010695731050125211,0.01043367145031676,1.6716139423139842,3.1614744191276403,0.5920884160169172,1.539056234719936,400.0,420.0,5.028868907971272
144,144,24,2.25,0.75,hour_et,14,38,44,0.8636363636363636,0.6052631578947368,0.002829315269459951,0.0010695731050125211,0.01043367145031676,1.6716139423139842,3.1614744191276403,0.5920884160169172,1.539056234719936,400.0,420.0,5.028868907971272
288,576,6,2.0,0.25,hour_et,14,115,115,1.0,0.5652173913043478,0.0024055633657522816,0.0019564437985005014,0.015764889965138962,1.6363446377100224,2.9312672578627477,0.11913380139075186,1.0256481942814404,1560.0,1540.0,3.2235838042152642
288,576,12,2.0,0.25,hour_et,14,115,115,1.0,0.5652173913043478,0.0024055633657522816,0.0019564437985005014,0.015764889965138962,1.6363446377100224,2.9312672578627477,0.11913380139075186,1.0256481942814404,1560.0,1540.0,3.2235838042152642
288,576,24,2.0,0.25,hour_et,14,115,115,1.0,0.5652173913043478,0.0024055633657522816,0.0019564437985005014,0.015764889965138962,1.6363446377100224,2.9312672578627477,0.11913380139075186,1.0256481942814404,1560.0,1540.0,3.2235838042152642
144,144,6,2.0,0.75,hour_et,14,46,54,0.8518518518518519,0.5434782608695652,0.0022828905738732784,0.0008218864062234481,0.009967981439135428,1.5533051783769904,2.4782994718810802,0.3234465479016345,1.2682663572106496,412.5,430.0,5.05120448416567
288,144,6,2.25,0.75,hour_et,15,38,40,0.95,0.631578947368421,0.0029737528153928818,0.0014525122688424895,0.006749860480505795,2.7158255418047763,6.616931920088448,0.30124715437518695,1.1461586982857463,415.0,400.0,3.6316721716293245
288,144,12,2.25,0.75,hour_et,15,38,40,0.95,0.631578947368421,0.0029737528153928818,0.0014525122688424895,0.006749860480505795,2.7158255418047763,6.616931920088448,0.30124715437518695,1.1461586982857463,415.0,400.0,3.6316721716293245
288,144,24,2.25,0.75,hour_et,15,38,40,0.95,0.631578947368421,0.0029737528153928818,0.0014525122688424895,0.006749860480505795,2.7158255418047763,6.616931920088448,0.30124715437518695,1.1461586982857463,415.0,400.0,3.6316721716293245
144,144,6,1.75,0.25,hour_et,15,505,506,0.9980237154150198,0.5326732673267327,0.0012600145021547983,0.00031666261549325543,0.010651877794984247,2.65824531680951,4.752763611497635,-0.0071866725710833055,0.8701614956775943,635.0,630.0,5.940386443092859
144,144,12,1.75,0.25,hour_et,15,505,506,0.9980237154150198,0.5326732673267327,0.0012600145021547983,0.00031666261549325543,0.010651877794984247,2.65824531680951,4.752763611497635,-0.0071866725710833055,0.8701614956775943,635.0,630.0,5.940386443092859
144,144,24,1.75,0.25,hour_et,15,505,506,0.9980237154150198,0.5326732673267327,0.0012600145021547983,0.00031666261549325543,0.010651877794984247,2.65824531680951,4.752763611497635,-0.0071866725710833055,0.8701614956775943,635.0,630.0,5.940386443092859
144,288,6,2.0,0.25,hour_et,15,192,193,0.9948186528497409,0.5833333333333334,0.0018497382228494248,0.0011809029942918487,0.00965447759529265,2.6548018169223373,4.067034782609341,0.4343231684193696,1.5213730147527351,785.0,782.5,4.065083355000375
144,288,12,2.0,0.25,hour_et,15,192,193,0.9948186528497409,0.5833333333333334,0.0018497382228494248,0.0011809029942918487,0.00965447759529265,2.6548018169223373,4.067034782609341,0.4343231684193696,1.5213730147527351,785.0,782.5,4.065083355000375
144,288,24,2.0,0.25,hour_et,15,192,193,0.9948186528497409,0.5833333333333334,0.0018497382228494248,0.0011809029942918487,0.00965447759529265,2.6548018169223373,4.067034782609341,0.4343231684193696,1.5213730147527351,785.0,782.5,4.065083355000375
144,288,6,1.75,0.25,hour_et,15,216,217,0.9953917050691244,0.5694444444444444,0.0016684812983104136,0.0012518914135962868,0.009537817145936222,2.5709831277138098,3.92526426851432,0.32965904989321226,1.4698127149737772,790.0,782.5,3.7563426809742033
288,144,12,2.5,0.25,move_context,xau_down_uup_down,77,78,0.9871794871794872,0.6233766233766234,0.004431667925980208,0.0019706763663545194,0.012733792084331738,3.0539000456174823,8.44673001429622,0.42364719494343617,1.755711974968642,825.0,770.0,5.739340978643343
144,288,6,3.0,0.75,move_context,xau_down_uup_down,39,39,1.0,0.6923076923076923,0.0025069200570894006,0.0009152334102074723,0.005712863696353022,2.7404313442070043,4.878193506043286,0.9457947093883385,3.2361344495523854,435.0,430.0,4.550104450807896
288,144,12,3.0,0.25,move_context,xau_down_uup_down,75,75,1.0,0.5866666666666667,0.004133102759786373,0.0017563755526677212,0.013098374331587758,2.7326841452336836,7.9894295879823565,0.16837818288337933,1.568497113184128,660.0,655.0,6.215823142279611
288,144,12,2.5,0.75,move_context,xau_down_uup_down,102,103,0.9902912621359223,0.6274509803921569,0.0015675232527646765,0.001145636492879858,0.006277346414289045,2.5219587684786444,4.951494885463374,0.4295971086461998,1.5145127650026824,410.0,405.0,5.404978364117897
288,144,6,2.25,0.75,move_context,xau_down_uup_down,99,99,1.0,0.5858585858585859,0.0018374863082625248,0.001446435259344176,0.007474390590200652,2.4460533210207225,5.071707781804709,0.5791499910583645,1.6429570485866614,485.0,480.0,5.288609491621432
288,144,12,2.5,0.5,move_context,xau_down_uup_down,91,92,0.9891304347826086,0.5934065934065934,0.0019374468276123537,0.0009097897027804875,0.007682882306880097,2.405616024945789,4.667221789849223,0.24225521561940375,1.718085103726402,552.5,545.0,5.532157475892651
144,288,12,3.0,0.75,move_context,xau_down_uup_down,37,37,1.0,0.6486486486486487,0.0024072439848356335,0.0005481175931371375,0.006090533293402772,2.404172640859683,4.562079223458177,0.5127767294570155,2.751832200760933,435.0,430.0,4.611737336597954
288,144,12,2.25,0.25,move_context,xau_down_uup_down,82,83,0.9879518072289156,0.5853658536585366,0.0033524541127379296,0.0013875665627390344,0.01294327368795607,2.345447054636812,4.7848348284037465,0.17604687286484658,1.0576400332271634,900.0,882.5,5.525005825434333
144,288,24,3.0,0.75,move_context,xau_down_uup_down,38,38,1.0,0.631578947368421,0.0026822952167914623,0.0009587686057946024,0.0070647244740273075,2.340470354544514,3.9218073815157384,0.5127767294570155,2.751832200760933,450.0,445.0,4.838580571903921
288,144,6,2.5,0.75,move_context,xau_down_uup_down,87,87,1.0,0.5977011494252874,0.001756517887915349,0.001446435259344176,0.007154857430092081,2.289872064425829,5.2097456115040695,0.47681218995862157,1.6984129351582296,475.0,470.0,5.618199942077772
144,288,24,3.0,0.25,move_context,xau_down_uup_up,88,88,1.0,0.6136363636363636,0.0037303038033800954,0.002030100618128342,0.010679063389738612,3.2768184080854192,5.942203836520135,0.5909808464089336,1.5962077860397175,832.5,827.5,4.771333448010626
144,288,24,3.0,0.5,move_context,xau_down_uup_up,98,98,1.0,0.5816326530612245,0.0027953417150312384,0.0009218364889137306,0.009973343206123699,2.7746434251916683,5.169725661062502,0.41069117384611037,1.391030810959101,720.0,715.0,4.71024484874661
144,288,24,2.25,0.25,move_context,xau_down_uup_up,133,133,1.0,0.5714285714285714,0.002258601675864567,0.0008320548719590012,0.009658330324723354,2.696891111361172,4.5215949035057,0.22137355638480039,1.3535643462097013,840.0,835.0,4.01541886314704
144,288,24,2.0,0.25,move_context,xau_down_uup_up,132,132,1.0,0.5606060606060606,0.002359513507425676,0.0005387731396747607,0.010208106628666348,2.655609634933897,4.431092269661122,0.1245750634151316,1.1227281383686132,800.0,795.0,3.871565406581857
144,288,24,2.5,0.25,move_context,xau_down_uup_up,118,118,1.0,0.5847457627118644,0.0022778043716573542,0.0010769792393360586,0.009532672851995688,2.595629712188225,4.202398104120348,0.3534951753279071,1.3686830679504687,797.5,792.5,4.185415155064996
144,288,6,2.5,0.5,move_context,xau_down_uup_up,134,134,1.0,0.5746268656716418,0.0016515344155291363,0.0005143129394906701,0.007584532095307785,2.520642380211913,4.1856492177281375,0.3395780504365245,1.428587247367326,720.0,715.0,4.175744407063005
144,288,6,2.25,0.25,move_context,xau_down_uup_up,131,131,1.0,0.5877862595419847,0.0018541344143149226,0.0008320548719590012,0.00872568751003964,2.4320763634366025,3.6194391573094746,0.42269410932197177,1.4661436837755513,785.0,775.0,4.062661388731789
144,288,24,2.25,0.5,move_context,xau_down_uup_up,150,150,1.0,0.5333333333333333,0.001618589334226286,0.00043015978773800303,0.008220122586477906,2.4115929721580414,4.3040407970729015,-0.01488756432732556,1.11723195619168,720.0,715.0,3.948460583424685
144,288,12,3.0,0.5,move_context,xau_down_uup_up,99,99,1.0,0.5757575757575758,0.002490232453772752,0.0006202855101082386,0.010294750948413972,2.4068090810499947,4.157644375667379,0.1245750634151316,1.366981626287399,720.0,715.0,4.6258977652910716
144,288,12,2.25,0.5,move_context,xau_down_uup_up,150,150,1.0,0.54,0.0016998841740677798,0.00042447681704900345,0.008675796426455423,2.3996925720856614,4.411381370820882,0.010240080396938639,1.1227281383686132,720.0,715.0,4.001376303850964
144,144,24,2.0,0.25,move_context,xau_up_uup_down,222,222,1.0,0.5,0.0013115768523370114,6.320502660294119e-06,0.010515588334342598,1.858389121660723,3.560003331254176,-0.1709974827375003,0.8940526459030722,717.5,712.5,5.278992288568624
144,144,24,2.25,0.25,move_context,xau_up_uup_down,214,214,1.0,0.514018691588785,0.001284372632776546,0.0002449852098709085,0.010735253045285779,1.750191796758286,3.000949954326922,-0.1901336502957798,0.9690111656233867,710.0,690.0,5.510253006814395
144,144,24,1.75,0.25,move_context,xau_up_uup_down,223,224,0.9955357142857143,0.49327354260089684,0.0010598982383031397,-0.00016114912035771053,0.010467442653811065,1.512084325820779,2.887667460530868,-0.18294427842213054,0.8196559585480974,735.0,735.0,5.199030076217776
288,288,6,3.0,0.25,move_context,xau_up_uup_down,87,87,1.0,0.5517241379310345,0.0017920407267469783,0.002154628288072148,0.011144588242218213,1.4998349668605497,2.7153297626206085,0.3720726886592903,1.6728887782080921,1170.0,1165.0,5.230290957919458
288,144,12,1.75,0.25,move_context,xau_up_uup_down,201,201,1.0,0.5373134328358209,0.0010350212993314573,0.0004385403690329657,0.010443254637297245,1.40511363547986,2.253412582329637,-0.0395212709041959,1.0151764545431001,715.0,710.0,5.255911267168403
144,288,12,2.25,0.25,move_context,xau_up_uup_down,102,102,1.0,0.5784313725490197,0.001232973038801331,0.0016565284869192842,0.009162845224998193,1.3590120741392087,1.8725114406644983,0.3636050797483431,1.3997583106817488,780.0,775.0,4.041975745015045
288,144,6,1.75,0.25,move_context,xau_up_uup_down,193,194,0.9948453608247423,0.533678756476684,0.0009649780465141663,0.0003281277584534781,0.010118857205276721,1.324843625153235,1.9116329097597269,-0.05683933513771447,1.028336419388718,780.0,775.0,5.2216091804271265
144,144,24,2.5,0.25,move_context,xau_up_uup_down,213,213,1.0,0.5070422535211268,0.0008841753579816865,2.299681681657855e-05,0.010396629943041047,1.2411824400086955,2.0450887334731473,-0.19096000336880034,0.8088257538247331,690.0,680.0,5.630914284132207
144,144,24,2.0,0.5,move_context,xau_up_uup_down,275,275,1.0,0.5272727272727272,0.0006428254689386147,0.00044947937302562105,0.008674953583790194,1.2288312931941607,1.9121430286636236,-0.09268733413128147,0.9648132028999084,470.0,465.0,5.04153686128529
288,288,12,3.0,0.25,move_context,xau_up_uup_down,89,89,1.0,0.550561797752809,0.001447908677519241,0.0019077885822969113,0.0112116423795378,1.2183356088477613,2.252254644446306,0.31326154588784416,1.262062059397702,1180.0,1175.0,5.331266940424936
144,144,6,2.0,0.5,move_context,xau_up_uup_up,292,296,0.9864864864864865,0.565068493150685,0.00178433110674801,0.0006484620955303776,0.009854622292435906,3.0940468759809097,5.007602384625785,0.14827368721342593,1.5514493782478809,475.0,477.5,5.788189572174369
144,144,6,2.0,0.25,move_context,xau_up_uup_up,247,248,0.9959677419354839,0.5465587044534413,0.002192127565016763,0.0007571436874466468,0.011201816783616625,3.075571548620259,5.694713780561315,0.08205307852304722,1.2791627226042483,662.5,655.0,6.130609816696335
144,576,12,2.0,0.5,move_context,xau_up_uup_up,99,99,1.0,0.6666666666666666,0.0025402624607858077,0.0018517172181281769,0.008260150756216096,3.0599069073083918,6.4567421844102295,0.6371898436758401,1.3773670262843334,760.0,750.0,3.4631225119108473
576,288,6,2.5,0.25,move_context,xau_up_uup_up,83,83,1.0,0.6024096385542169,0.004998326339398135,0.0026619208043680174,0.015112808765637248,3.013134145223471,6.110254178132176,0.7476799664045052,2.0769144583994583,1285.0,1270.0,4.983367101579225
144,576,12,2.0,0.25,move_context,xau_up_uup_up,92,92,1.0,0.6304347826086957,0.0030870727782315514,0.002213148862958889,0.009980607776621065,2.9667694144405523,5.576411819638867,0.6141777005638964,1.392275435206087,1147.5,1137.5,3.5130402781304486
576,144,6,2.25,0.25,move_context,xau_up_uup_up,154,155,0.9935483870967742,0.6168831168831169,0.0023289299056364673,0.0021926073074235624,0.009929409236724314,2.9106726678606805,4.176845595757261,0.44763647820157393,1.2783453944093695,780.0,777.5,5.6781797754790455
144,144,6,3.0,0.25,move_context,xau_up_uup_up,220,220,1.0,0.5727272727272728,0.002313895411271191,0.0010202447839847252,0.012174919960731901,2.818960240184676,4.933279422513122,0.08205307852304722,1.3339740243451312,637.5,630.0,6.693851977525015
576,288,6,2.25,0.25,move_context,xau_up_uup_up,97,97,1.0,0.6082474226804123,0.004147381807833259,0.0028007509096197006,0.01451218089334062,2.81466817257286,4.9275794942911535,0.8047553823298772,2.122764857933168,1260.0,1255.0,4.6534758573244535
144,144,6,3.0,0.5,move_context,xau_up_uup_up,255,255,1.0,0.5568627450980392,0.001846553963733264,0.0008109866998734722,0.010691818061900964,2.7579128240829207,4.701469889601433,0.07736087382503813,1.4036575344420776,490.0,485.0,6.412545647498098
144,144,6,1.75,0.5,move_context,xau_up_uup_up,301,304,0.9901315789473685,0.5481727574750831,0.0015153027662821448,0.0005360430945323902,0.009548601408405608,2.753232573774671,4.781551530727064,0.11680139088369762,1.2809850732220958,470.0,465.0,5.585811981599615
576,288,6,1.75,0.5,session_et,us_close,21,21,1.0,0.7619047619047619,0.004932648047329295,0.0035898620903249247,0.008005382688849354,2.8236292919447687,5.121855317872009,1.6557974489305831,2.892954721129875,945.0,920.0,4.9324605439111675
576,288,12,1.75,0.5,session_et,us_close,21,21,1.0,0.7619047619047619,0.004932648047329295,0.0035898620903249247,0.008005382688849354,2.8236292919447687,5.121855317872009,1.6557974489305831,2.892954721129875,945.0,920.0,4.9324605439111675
576,288,24,1.75,0.5,session_et,us_close,21,21,1.0,0.7619047619047619,0.004932648047329295,0.0035898620903249247,0.008005382688849354,2.8236292919447687,5.121855317872009,1.6557974489305831,2.892954721129875,945.0,920.0,4.9324605439111675
144,144,6,1.75,0.25,session_et,us_close,555,558,0.9946236559139785,0.527927927927928,0.0013031064282183818,0.0003147858674620511,0.01101645729075173,2.7866628226030006,5.073358316430166,-0.015006796181327916,0.8739040668270048,635.0,630.0,5.918040900035826
144,144,12,1.75,0.25,session_et,us_close,555,558,0.9946236559139785,0.527927927927928,0.0013031064282183818,0.0003147858674620511,0.01101645729075173,2.7866628226030006,5.073358316430166,-0.015006796181327916,0.8739040668270048,635.0,630.0,5.918040900035826
144,144,24,1.75,0.25,session_et,us_close,555,558,0.9946236559139785,0.527927927927928,0.0013031064282183818,0.0003147858674620511,0.01101645729075173,2.7866628226030006,5.073358316430166,-0.015006796181327916,0.8739040668270048,635.0,630.0,5.918040900035826
144,144,6,2.25,0.25,session_et,us_close,539,541,0.9963031423290203,0.536178107606679,0.0011484718470625049,0.00040683521621877957,0.01098626228349706,2.4269720406185358,3.998078195095371,-0.0011369657973206895,0.9122562472713602,645.0,640.0,6.113348700548476
144,144,12,2.25,0.25,session_et,us_close,539,541,0.9963031423290203,0.536178107606679,0.0011484718470625049,0.00040683521621877957,0.01098626228349706,2.4269720406185358,3.998078195095371,-0.0011369657973206895,0.9122562472713602,645.0,640.0,6.113348700548476
144,144,24,2.25,0.25,session_et,us_close,539,541,0.9963031423290203,0.536178107606679,0.0011484718470625049,0.00040683521621877957,0.01098626228349706,2.4269720406185358,3.998078195095371,-0.0011369657973206895,0.9122562472713602,645.0,640.0,6.113348700548476
144,144,6,2.0,0.25,session_et,us_close,548,550,0.9963636363636363,0.5291970802919708,0.0011138065689117013,0.00031481529480169486,0.01088193304373026,2.396039673339287,4.082059557942231,-0.015006796181327916,0.8710838554392037,637.5,637.5,6.038287467693247
576,288,6,3.0,0.25,session_et,us_midday,145,145,1.0,0.5586206896551724,0.0029758292147336394,0.0021284024208988008,0.013023357905911963,2.7514969025984906,5.31639737866306,0.6409803056691316,2.0708594823538613,1255.0,1250.0,5.6366322207829755
576,288,12,3.0,0.25,session_et,us_midday,145,145,1.0,0.5586206896551724,0.0029758292147336394,0.0021284024208988008,0.013023357905911963,2.7514969025984906,5.31639737866306,0.6409803056691316,2.0708594823538613,1255.0,1250.0,5.6366322207829755
576,288,24,3.0,0.25,session_et,us_midday,145,145,1.0,0.5586206896551724,0.0029758292147336394,0.0021284024208988008,0.013023357905911963,2.7514969025984906,5.31639737866306,0.6409803056691316,2.0708594823538613,1255.0,1250.0,5.6366322207829755
576,144,6,2.0,0.75,session_et,us_midday,381,381,1.0,0.5669291338582677,0.0009720267940146824,0.0005766641580649216,0.007059523578642583,2.6876043243709824,4.517290643148469,0.23346252023567002,0.9308544790928506,425.0,420.0,4.983232115512625
576,144,12,2.0,0.75,session_et,us_midday,381,381,1.0,0.5669291338582677,0.0009720267940146824,0.0005766641580649216,0.007059523578642583,2.6876043243709824,4.517290643148469,0.23346252023567002,0.9308544790928506,425.0,420.0,4.983232115512625
576,144,24,2.0,0.75,session_et,us_midday,381,381,1.0,0.5669291338582677,0.0009720267940146824,0.0005766641580649216,0.007059523578642583,2.6876043243709824,4.517290643148469,0.23346252023567002,0.9308544790928506,425.0,420.0,4.983232115512625
576,288,6,2.5,0.25,session_et,us_midday,160,160,1.0,0.53125,0.0026428571995785735,0.0009548073666406434,0.013182349435521561,2.535951067636624,5.436795778889285,0.24058444949787022,1.6821642766162608,1287.5,1280.0,5.139439789451653
576,288,12,2.5,0.25,session_et,us_midday,160,160,1.0,0.53125,0.0026428571995785735,0.0009548073666406434,0.013182349435521561,2.535951067636624,5.436795778889285,0.24058444949787022,1.6821642766162608,1287.5,1280.0,5.139439789451653
576,288,24,2.5,0.25,session_et,us_midday,160,160,1.0,0.53125,0.0026428571995785735,0.0009548073666406434,0.013182349435521561,2.535951067636624,5.436795778889285,0.24058444949787022,1.6821642766162608,1287.5,1280.0,5.139439789451653
576,144,6,1.75,0.75,session_et,us_midday,392,393,0.9974554707379135,0.5586734693877551,0.0008813248204148811,0.0003841632154746766,0.007329716957489732,2.3806296062475267,3.869310365839525,0.11812982198139454,0.847613249938767,420.0,415.0,4.749531273586238
144,576,6,3.0,0.5,session_et,us_open,82,82,1.0,0.6097560975609756,0.0017479523371071936,0.0011307559632183772,0.007015278406885327,2.25627276603561,3.738134149778568,0.47643721845818054,1.390648777585457,720.0,715.0,4.294121782701901
144,576,12,3.0,0.5,session_et,us_open,82,82,1.0,0.6097560975609756,0.0017479523371071936,0.0011307559632183772,0.007015278406885327,2.25627276603561,3.738134149778568,0.47643721845818054,1.390648777585457,720.0,715.0,4.294121782701901
144,576,24,3.0,0.5,session_et,us_open,82,82,1.0,0.6097560975609756,0.0017479523371071936,0.0011307559632183772,0.007015278406885327,2.25627276603561,3.738134149778568,0.47643721845818054,1.390648777585457,720.0,715.0,4.294121782701901
144,576,6,3.0,0.75,session_et,us_open,83,83,1.0,0.5662650602409639,0.0014177831607266737,0.00047603529023449126,0.006244061798186521,2.068624516045154,3.6602426998552557,0.21451532482323205,1.2903957706354166,720.0,715.0,4.303419754035409
144,576,12,3.0,0.75,session_et,us_open,83,83,1.0,0.5662650602409639,0.0014177831607266737,0.00047603529023449126,0.006244061798186521,2.068624516045154,3.6602426998552557,0.21451532482323205,1.2903957706354166,720.0,715.0,4.303419754035409
144,576,24,3.0,0.75,session_et,us_open,83,83,1.0,0.5662650602409639,0.0014177831607266737,0.00047603529023449126,0.006244061798186521,2.068624516045154,3.6602426998552557,0.21451532482323205,1.2903957706354166,720.0,715.0,4.303419754035409
144,288,6,3.0,0.25,session_et,us_open,138,138,1.0,0.572463768115942,0.001418149358843137,0.0005748009209877792,0.00956244689353696,1.7421778181994596,2.8751504765939924,0.18008784787678858,0.8209201615598231,1035.0,1027.5,5.045859576199332
144,288,12,3.0,0.25,session_et,us_open,138,138,1.0,0.572463768115942,0.001418149358843137,0.0005748009209877792,0.00956244689353696,1.7421778181994596,2.8751504765939924,0.18008784787678858,0.8209201615598231,1035.0,1027.5,5.045859576199332
144,288,24,3.0,0.25,session_et,us_open,138,138,1.0,0.572463768115942,0.001418149358843137,0.0005748009209877792,0.00956244689353696,1.7421778181994596,2.8751504765939924,0.18008784787678858,0.8209201615598231,1035.0,1027.5,5.045859576199332
144,288,6,2.5,0.25,session_et,us_open,175,175,1.0,0.5371428571428571,0.0011257654820992652,0.00042380029225561923,0.009078854124371047,1.6403477021510862,2.837875228212172,0.0970016129008975,0.8209201615598231,945.0,940.0,4.307855901779749
288,144,6,2.25,0.25,weekday,Friday,131,132,0.9924242424242424,0.5343511450381679,0.0024448906347289937,0.0009380198015699277,0.011796771558687393,2.372094110738047,4.902102651798403,0.014103719853580223,0.9170608349418906,897.5,875.0,5.797080111220401
288,144,12,2.25,0.25,weekday,Friday,131,132,0.9924242424242424,0.5343511450381679,0.0024448906347289937,0.0009380198015699277,0.011796771558687393,2.372094110738047,4.902102651798403,0.014103719853580223,0.9170608349418906,897.5,875.0,5.797080111220401
288,144,24,2.25,0.25,weekday,Friday,131,132,0.9924242424242424,0.5343511450381679,0.0024448906347289937,0.0009380198015699277,0.011796771558687393,2.372094110738047,4.902102651798403,0.014103719853580223,0.9170608349418906,897.5,875.0,5.797080111220401
288,144,6,2.0,0.25,weekday,Friday,142,142,1.0,0.5352112676056338,0.0022730142313083165,0.0008998391472537354,0.011579227317858083,2.3391967245548484,4.799258580391237,0.09070304380321252,0.9973805529299917,872.5,855.0,5.50824428680744
288,144,12,2.0,0.25,weekday,Friday,142,142,1.0,0.5352112676056338,0.0022730142313083165,0.0008998391472537354,0.011579227317858083,2.3391967245548484,4.799258580391237,0.09070304380321252,0.9973805529299917,872.5,855.0,5.50824428680744
288,144,24,2.0,0.25,weekday,Friday,142,142,1.0,0.5352112676056338,0.0022730142313083165,0.0008998391472537354,0.011579227317858083,2.3391967245548484,4.799258580391237,0.09070304380321252,0.9973805529299917,872.5,855.0,5.50824428680744
288,144,6,2.5,0.25,weekday,Friday,128,129,0.9922480620155039,0.5390625,0.0023349627304451153,0.0010175391577976183,0.011873390939625368,2.2248983312835384,4.646970943812629,0.09070304380321252,0.9486239753234391,895.0,885.0,5.959484340906604
288,144,12,2.5,0.25,weekday,Friday,128,129,0.9922480620155039,0.5390625,0.0023349627304451153,0.0010175391577976183,0.011873390939625368,2.2248983312835384,4.646970943812629,0.09070304380321252,0.9486239753234391,895.0,885.0,5.959484340906604
288,144,24,2.5,0.25,weekday,Friday,128,129,0.9922480620155039,0.5390625,0.0023349627304451153,0.0010175391577976183,0.011873390939625368,2.2248983312835384,4.646970943812629,0.09070304380321252,0.9486239753234391,895.0,885.0,5.959484340906604
144,144,6,1.75,0.5,weekday,Friday,221,225,0.9822222222222222,0.5429864253393665,0.0013463464091149004,0.0004331902549797413,0.00900847195317256,2.2217839362377956,3.7124730067537577,0.10384437781870859,1.075672923096136,510.0,505.0,5.009061435147144
144,288,6,3.0,0.5,weekday,Monday,79,79,1.0,0.5949367088607594,0.00226761392951889,0.0006352833918029993,0.007354974380172614,2.7403213698895095,4.632806082347868,0.31960190900661006,1.6186637360000726,720.0,710.0,4.7296402996286675
144,288,12,3.0,0.5,weekday,Monday,79,79,1.0,0.5949367088607594,0.00226761392951889,0.0006352833918029993,0.007354974380172614,2.7403213698895095,4.632806082347868,0.31960190900661006,1.6186637360000726,720.0,710.0,4.7296402996286675
144,288,24,3.0,0.5,weekday,Monday,79,79,1.0,0.5949367088607594,0.00226761392951889,0.0006352833918029993,0.007354974380172614,2.7403213698895095,4.632806082347868,0.31960190900661006,1.6186637360000726,720.0,710.0,4.7296402996286675
144,288,6,3.0,0.75,weekday,Monday,83,83,1.0,0.5783132530120482,0.0018325157477850642,0.00047603529023449126,0.006123314139566676,2.7264668482471843,4.31010759604358,0.20079825569836304,1.5268206668844528,450.0,445.0,4.712289267173764
144,288,12,3.0,0.75,weekday,Monday,83,83,1.0,0.5783132530120482,0.0018325157477850642,0.00047603529023449126,0.006123314139566676,2.7264668482471843,4.31010759604358,0.20079825569836304,1.5268206668844528,450.0,445.0,4.712289267173764
144,288,24,3.0,0.75,weekday,Monday,83,83,1.0,0.5783132530120482,0.0018325157477850642,0.00047603529023449126,0.006123314139566676,2.7264668482471843,4.31010759604358,0.20079825569836304,1.5268206668844528,450.0,445.0,4.712289267173764
576,288,6,2.25,0.75,weekday,Monday,96,96,1.0,0.5729166666666666,0.0020576346018941686,0.0008218623691017455,0.007429799157462216,2.7134810752849856,4.727572491373744,0.20519153837647372,1.8208033609081502,767.5,762.5,4.420107838149011
576,288,12,2.25,0.75,weekday,Monday,96,96,1.0,0.5729166666666666,0.0020576346018941686,0.0008218623691017455,0.007429799157462216,2.7134810752849856,4.727572491373744,0.20519153837647372,1.8208033609081502,767.5,762.5,4.420107838149011
576,288,24,2.25,0.75,weekday,Monday,96,96,1.0,0.5729166666666666,0.0020576346018941686,0.0008218623691017455,0.007429799157462216,2.7134810752849856,4.727572491373744,0.20519153837647372,1.8208033609081502,767.5,762.5,4.420107838149011
144,288,6,3.0,1.0,weekday,Monday,84,84,1.0,0.6190476190476191,0.0016465370503148165,0.0006388317187594511,0.005708628984875445,2.6435001075066675,4.366877903432856,0.31960190900661006,1.7734857976656926,442.5,435.0,4.703661996736504
144,144,6,3.0,0.5,weekday,Thursday,135,135,1.0,0.5925925925925926,0.001868503991176186,0.0011141738116636991,0.009891156571650876,2.19489544657151,3.1423933952246403,0.16368340394927183,1.3159144892794177,545.0,540.0,6.174266023956179
144,144,12,3.0,0.5,weekday,Thursday,135,135,1.0,0.5925925925925926,0.001868503991176186,0.0011141738116636991,0.009891156571650876,2.19489544657151,3.1423933952246403,0.16368340394927183,1.3159144892794177,545.0,540.0,6.174266023956179
144,144,24,3.0,0.5,weekday,Thursday,135,135,1.0,0.5925925925925926,0.001868503991176186,0.0011141738116636991,0.009891156571650876,2.19489544657151,3.1423933952246403,0.16368340394927183,1.3159144892794177,545.0,540.0,6.174266023956179
144,576,6,3.0,1.0,weekday,Thursday,21,21,1.0,0.6190476190476191,0.002457018949928338,0.0007733551896048376,0.00531620675603947,2.1179528635142355,5.611429133291081,0.45001597445507246,1.2741113627896594,450.0,445.0,4.123645538977511
144,576,12,3.0,1.0,weekday,Thursday,21,21,1.0,0.6190476190476191,0.002457018949928338,0.0007733551896048376,0.00531620675603947,2.1179528635142355,5.611429133291081,0.45001597445507246,1.2741113627896594,450.0,445.0,4.123645538977511
144,576,24,3.0,1.0,weekday,Thursday,21,21,1.0,0.6190476190476191,0.002457018949928338,0.0007733551896048376,0.00531620675603947,2.1179528635142355,5.611429133291081,0.45001597445507246,1.2741113627896594,450.0,445.0,4.123645538977511
144,144,6,2.5,0.5,weekday,Thursday,146,146,1.0,0.5821917808219178,0.0014756800105235552,0.0008151578551911303,0.009613197340925134,1.854815705651028,2.695212604921903,0.09553448967209152,1.0219832038512942,480.0,475.0,5.829801173474222
144,144,12,2.5,0.5,weekday,Thursday,146,146,1.0,0.5821917808219178,0.0014756800105235552,0.0008151578551911303,0.009613197340925134,1.854815705651028,2.695212604921903,0.09553448967209152,1.0219832038512942,480.0,475.0,5.829801173474222
144,144,24,2.5,0.5,weekday,Thursday,146,146,1.0,0.5821917808219178,0.0014756800105235552,0.0008151578551911303,0.009613197340925134,1.854815705651028,2.695212604921903,0.09553448967209152,1.0219832038512942,480.0,475.0,5.829801173474222
144,576,6,3.0,0.75,weekday,Thursday,21,21,1.0,0.5238095238095238,0.0021624563613164877,0.0002769203906169798,0.005490627300309846,1.804824735092175,4.819840357721341,-0.051440375563660774,1.2741113627896594,545.0,540.0,4.141292494443305
288,144,6,1.75,0.25,weekday,Tuesday,145,145,1.0,0.5379310344827586,0.001656490688043491,0.0003281277584534781,0.01055838688061054,1.8891890886850127,3.753628423183347,-0.15459798045248843,1.0053895999111333,695.0,690.0,4.769832637445024
288,144,12,1.75,0.25,weekday,Tuesday,145,145,1.0,0.5379310344827586,0.001656490688043491,0.0003281277584534781,0.01055838688061054,1.8891890886850127,3.753628423183347,-0.15459798045248843,1.0053895999111333,695.0,690.0,4.769832637445024
288,144,24,1.75,0.25,weekday,Tuesday,145,145,1.0,0.5379310344827586,0.001656490688043491,0.0003281277584534781,0.01055838688061054,1.8891890886850127,3.753628423183347,-0.15459798045248843,1.0053895999111333,695.0,690.0,4.769832637445024
144,144,6,2.0,1.0,weekday,Tuesday,247,248,0.9959677419354839,0.5587044534412956,0.0006533668957918602,0.0004542175437775519,0.006376652911966574,1.6103223638267974,2.659859282743223,0.0914250571367431,0.9191443014960867,330.0,325.0,5.202989833090281
144,144,12,2.0,1.0,weekday,Tuesday,247,248,0.9959677419354839,0.5587044534412956,0.0006533668957918602,0.0004542175437775519,0.006376652911966574,1.6103223638267974,2.659859282743223,0.0914250571367431,0.9191443014960867,330.0,325.0,5.202989833090281
144,144,24,2.0,1.0,weekday,Tuesday,247,248,0.9959677419354839,0.5587044534412956,0.0006533668957918602,0.0004542175437775519,0.006376652911966574,1.6103223638267974,2.659859282743223,0.0914250571367431,0.9191443014960867,330.0,325.0,5.202989833090281
576,144,6,1.75,1.0,weekday,Tuesday,219,220,0.9954545454545455,0.5388127853881278,0.0005017969110100942,0.0002791015768695343,0.004630911735491525,1.6035538080206115,2.5859566422058338,-0.13523772029364206,1.0284442521267962,340.0,330.0,4.287799691633739
576,144,12,1.75,1.0,weekday,Tuesday,219,220,0.9954545454545455,0.5388127853881278,0.0005017969110100942,0.0002791015768695343,0.004630911735491525,1.6035538080206115,2.5859566422058338,-0.13523772029364206,1.0284442521267962,340.0,330.0,4.287799691633739
576,144,24,1.75,1.0,weekday,Tuesday,219,220,0.9954545454545455,0.5388127853881278,0.0005017969110100942,0.0002791015768695343,0.004630911735491525,1.6035538080206115,2.5859566422058338,-0.13523772029364206,1.0284442521267962,340.0,330.0,4.287799691633739
288,144,6,2.0,0.25,weekday,Tuesday,143,143,1.0,0.5314685314685315,0.001366020373011201,0.0003281277584534781,0.010219195476620471,1.598484718119777,2.6568846682250116,-0.0395212709041959,1.2964561983298644,700.0,690.0,5.232887408484647
576,576,6,3.0,0.75,weekday,Wednesday,33,33,1.0,0.6666666666666666,0.0040847919682929935,0.004423871064231144,0.012445368543192675,1.8854679376103711,2.919254886197798,1.02881285222495,1.5629354760790433,1440.0,1435.0,6.110084405453117
576,576,12,3.0,0.75,weekday,Wednesday,33,33,1.0,0.6666666666666666,0.0040847919682929935,0.004423871064231144,0.012445368543192675,1.8854679376103711,2.919254886197798,1.02881285222495,1.5629354760790433,1440.0,1435.0,6.110084405453117
576,576,24,3.0,0.75,weekday,Wednesday,33,33,1.0,0.6666666666666666,0.0040847919682929935,0.004423871064231144,0.012445368543192675,1.8854679376103711,2.919254886197798,1.02881285222495,1.5629354760790433,1440.0,1435.0,6.110084405453117
576,576,6,3.0,1.0,weekday,Wednesday,33,33,1.0,0.696969696969697,0.003062104777479389,0.002886228222542561,0.00954958789585248,1.8420117094407307,4.291933917071733,0.6723762942391467,1.8076486424346525,1080.0,1075.0,6.076848657989916
576,576,12,3.0,1.0,weekday,Wednesday,33,33,1.0,0.696969696969697,0.003062104777479389,0.002886228222542561,0.00954958789585248,1.8420117094407307,4.291933917071733,0.6723762942391467,1.8076486424346525,1080.0,1075.0,6.076848657989916
576,576,24,3.0,1.0,weekday,Wednesday,33,33,1.0,0.696969696969697,0.003062104777479389,0.002886228222542561,0.00954958789585248,1.8420117094407307,4.291933917071733,0.6723762942391467,1.8076486424346525,1080.0,1075.0,6.076848657989916
576,144,6,3.0,0.5,weekday,Wednesday,125,125,1.0,0.592,0.0014142723527078406,0.0009260888692679994,0.00877513155509463,1.8019155037722892,2.6624974825293353,0.34759099407046945,1.462414778497553,590.0,585.0,6.413285496302808
576,144,12,3.0,0.5,weekday,Wednesday,125,125,1.0,0.592,0.0014142723527078406,0.0009260888692679994,0.00877513155509463,1.8019155037722892,2.6624974825293353,0.34759099407046945,1.462414778497553,590.0,585.0,6.413285496302808
576,144,24,3.0,0.5,weekday,Wednesday,125,125,1.0,0.592,0.0014142723527078406,0.0009260888692679994,0.00877513155509463,1.8019155037722892,2.6624974825293353,0.34759099407046945,1.462414778497553,590.0,585.0,6.413285496302808
576,288,6,1.75,0.5,weekday,Wednesday,94,94,1.0,0.5425531914893617,0.0019085116228663925,0.0017707108262027408,0.010574163106023098,1.7498979841807922,3.366816505277909,0.40942469337164306,1.044406297022261,1040.0,1032.5,4.579199058562296
