trade_id,asset,bar_minutes,recent_pivots,min_touches,slope_threshold,stop_buffer,take_profit_r,touch_tolerance,break_buffer,max_break_risk_pct,use_take_profit,entry_mode,confirmation_bars,entry_timeout_bars,setup_time_utc,setup_time_et,entry_time_utc,exit_time_utc,entry_time_et,exit_time_et,setup_bar_idx,entry_date_et,exit_date_et,entry_weekday,setup,side,touch_count,touch_age_bars,entry_price,exit_price,initial_stop,take_profit_price,entry_bar_idx,exit_bar_idx,confirmation_end_idx,entry_trigger_price,entry_wait_bars,initial_risk,risk_pct_of_entry,return_pct,r_multiple,exit_reason,hold_bars,hold_days_est,action_kind,action_anchor1_idx,action_anchor2_idx,action_anchor1_price,action_anchor2_price,action_slope,action_slope_pct,action_line_setup,action_line_entry,action_touch_count,safety_kind,safety_anchor1_idx,safety_anchor2_idx,safety_anchor1_price,safety_anchor2_price,safety_slope,safety_slope_pct,safety_line_setup,safety_line_entry,safety_touch_count,final_safety_anchor1_idx,final_safety_anchor2_idx,final_safety_anchor1_price,final_safety_anchor2_price,final_safety_slope,final_safety_touch_count,safety_update_count,safety_path,mfe_r,mae_r
1,XAG,240,12,3,0.0006,0.25,0.0,0.25,0.15,0.035,False,stop_confirm,2,6,2017-01-13 18:25:00+00:00,2017-01-13 13:25:00-05:00,2017-01-17 18:25:00+00:00,2017-01-26 18:25:00+00:00,2017-01-17 13:25:00-05:00,2017-01-26 13:25:00-05:00,16,2017-01-17,2017-01-26,Tuesday,bounce,long,3,13,15.95,15.95,15.769666666666666,,20,34,17,15.95,4,0.18033333333333346,0.011306165099268555,0.0,0.0,safety_break,14,7.0,support,3,6,15.49,15.545,0.01833333333333324,0.0011656246688566223,15.728333333333332,15.801666666666666,3,support,3,6,15.49,15.545,0.01833333333333324,0.0011656246688566223,15.728333333333332,15.801666666666666,3,3,6,15.49,15.545,0.01833333333333324,3,0,"[{""start_idx"":20,""end_idx"":34,""kind"":""support"",""anchor1_idx"":3,""anchor2_idx"":6,""anchor1_price"":15.49,""anchor2_price"":15.545,""slope"":0.01833333333333324,""touch_count"":3}]",2.661737523105361,-0.6099815157116415
2,XAG,240,12,3,0.0006,0.25,0.0,0.25,0.15,0.035,False,stop_confirm,2,6,2017-01-27 18:25:00+00:00,2017-01-27 13:25:00-05:00,2017-01-30 18:25:00+00:00,2017-03-07 18:25:00+00:00,2017-01-30 13:25:00-05:00,2017-03-07 13:25:00-05:00,36,2017-01-30,2017-03-07,Monday,bounce,long,5,30,16.35,16.6,15.93998076923077,,38,90,37,16.35,2,0.4100192307692314,0.02507762879322516,0.015290519877675823,0.6097274987101908,safety_break,52,26.0,support,6,32,15.545,15.91,0.014038461538461547,0.0008792638273270385,15.966153846153846,15.99423076923077,5,support,6,32,15.545,15.91,0.014038461538461547,0.0008792638273270385,15.966153846153846,15.99423076923077,5,6,32,15.545,15.91,0.014038461538461547,5,0,"[{""start_idx"":38,""end_idx"":90,""kind"":""support"",""anchor1_idx"":6,""anchor2_idx"":32,""anchor1_price"":15.545,""anchor2_price"":15.91,""slope"":0.014038461538461547,""touch_count"":5}]",2.8657192439378902,-0.41461469912293397
3,XAG,240,12,3,0.0006,0.25,0.0,0.25,0.15,0.035,False,stop_confirm,2,6,2017-05-11 17:25:00+00:00,2017-05-11 13:25:00-04:00,2017-05-12 17:25:00+00:00,2017-05-31 17:25:00+00:00,2017-05-12 13:25:00-04:00,2017-05-31 13:25:00-04:00,184,2017-05-12,2017-05-31,Friday,break,long,4,36,15.47,16.465,15.28675,,186,212,185,15.47,2,0.18325000000000102,0.011845507433742793,0.0643180349062702,5.429740791268724,safety_break,26,13.0,resistance,148,182,17.575,15.4,-0.06397058823529408,-0.004188733750601827,15.272058823529413,15.144117647058824,4,support,174,183,15.35,15.32,-0.0033333333333332624,-0.00021762785636561017,15.316666666666666,15.31,4,180,202,15.21,16.105,0.04068181818181816,4,1,"[{""start_idx"":186,""end_idx"":206,""kind"":""support"",""anchor1_idx"":174,""anchor2_idx"":183,""anchor1_price"":15.35,""anchor2_price"":15.32,""slope"":-0.0033333333333332624,""touch_count"":4},{""start_idx"":207,""end_idx"":212,""kind"":""support"",""anchor1_idx"":180,""anchor2_idx"":202,""anchor1_price"":15.21,""anchor2_price"":16.105,""slope"":0.04068181818181816,""touch_count"":4}]",5.7298772169167425,0.0
4,XAG,240,12,3,0.0006,0.25,0.0,0.25,0.15,0.035,False,stop_confirm,2,6,2017-06-01 17:25:00+00:00,2017-06-01 13:25:00-04:00,2017-06-02 17:25:00+00:00,2017-06-08 17:25:00+00:00,2017-06-02 13:25:00-04:00,2017-06-08 13:25:00-04:00,214,2017-06-02,2017-06-08,Friday,bounce,long,3,12,16.405,16.49,16.3845,,216,224,215,16.405,2,0.02050000000000196,0.0012496190185920123,0.005181347150258864,4.146341463414106,safety_break,8,4.0,support,202,212,16.105,16.335,0.02300000000000004,0.001404065685855567,16.381,16.427,3,support,202,212,16.105,16.335,0.02300000000000004,0.001404065685855567,16.381,16.427,3,202,212,16.105,16.335,0.02300000000000004,3,0,"[{""start_idx"":216,""end_idx"":224,""kind"":""support"",""anchor1_idx"":202,""anchor2_idx"":212,""anchor1_price"":16.105,""anchor2_price"":16.335,""slope"":0.02300000000000004,""touch_count"":3}]",19.268292682924965,-0.24390243902449169
5,XAG,240,12,3,0.0006,0.25,0.0,0.25,0.15,0.035,False,stop_confirm,2,6,2017-06-30 19:55:00+00:00,2017-06-30 15:55:00-04:00,2017-07-05 17:25:00+00:00,2017-07-17 17:25:00+00:00,2017-07-05 13:25:00-04:00,2017-07-17 13:25:00-04:00,257,2017-07-05,2017-07-17,Wednesday,bounce,short,3,37,15.23,15.25,15.64575,,262,278,258,15.23,5,0.4157499999999992,0.02729809586342739,-0.0013131976362441566,-0.04810583283222998,safety_break,16,8.0,resistance,220,256,16.8,15.78,-0.02833333333333337,-0.0017987514548725029,15.751666666666665,15.61,3,resistance,220,256,16.8,15.78,-0.02833333333333337,-0.0017987514548725029,15.751666666666665,15.61,3,220,256,16.8,15.78,-0.02833333333333337,3,0,"[{""start_idx"":262,""end_idx"":278,""kind"":""resistance"",""anchor1_idx"":220,""anchor2_idx"":256,""anchor1_price"":16.8,""anchor2_price"":15.78,""slope"":-0.02833333333333337,""touch_count"":3}]",1.9001803968731268,-0.21647624774503918
6,XAG,240,12,3,0.0006,0.25,0.0,0.25,0.15,0.035,False,stop_confirm,2,6,2017-07-26 19:55:00+00:00,2017-07-26 15:55:00-04:00,2017-07-31 17:25:00+00:00,2017-08-01 19:55:00+00:00,2017-07-31 13:25:00-04:00,2017-08-01 15:55:00-04:00,293,2017-07-31,2017-08-01,Monday,bounce,long,4,27,15.84,15.805,15.722615384615384,,298,301,297,15.84,5,0.11738461538461564,0.007410644910644927,-0.0022095959595960224,-0.29816513761467944,safety_break,3,1.5,support,266,292,14.53,15.525,0.038269230769230805,0.002458945495434272,15.563269230769231,15.754615384615384,4,support,266,292,14.53,15.525,0.038269230769230805,0.002458945495434272,15.563269230769231,15.754615384615384,4,266,292,14.53,15.525,0.038269230769230805,4,0,"[{""start_idx"":298,""end_idx"":301,""kind"":""support"",""anchor1_idx"":266,""anchor2_idx"":292,""anchor1_price"":14.53,""anchor2_price"":15.525,""slope"":0.038269230769230805,""touch_count"":4}]",0.7667103538663143,-0.29816513761467944
7,XAG,240,12,3,0.0006,0.25,0.0,0.25,0.15,0.035,False,stop_confirm,2,6,2017-08-07 17:25:00+00:00,2017-08-07 13:25:00-04:00,2017-08-09 17:25:00+00:00,2017-09-18 17:25:00+00:00,2017-08-09 13:25:00-04:00,2017-09-18 13:25:00-04:00,308,2017-08-09,2017-09-18,Wednesday,bounce,long,3,38,15.57,16.195,15.357166666666668,,312,368,311,15.57,4,0.21283333333333232,0.01366944979661736,0.040141297366731,2.9365700861394033,safety_break,56,28.0,support,270,306,14.76,15.31,0.015277777777777798,0.0009959077246224617,15.340555555555556,15.401666666666667,3,support,270,306,14.76,15.31,0.015277777777777798,0.0009959077246224617,15.340555555555556,15.401666666666667,3,270,306,14.76,15.31,0.015277777777777798,3,0,"[{""start_idx"":312,""end_idx"":368,""kind"":""support"",""anchor1_idx"":270,""anchor2_idx"":306,""anchor1_price"":14.76,""anchor2_price"":15.31,""slope"":0.015277777777777798,""touch_count"":3}]",7.353171495693071,0.0
8,XAG,240,12,3,0.0006,0.25,0.0,0.25,0.15,0.035,False,stop_confirm,2,6,2017-09-29 17:25:00+00:00,2017-09-29 13:25:00-04:00,2017-10-02 17:25:00+00:00,2017-10-04 19:55:00+00:00,2017-10-02 13:25:00-04:00,2017-10-04 15:55:00-04:00,386,2017-10-02,2017-10-04,Monday,bounce,short,5,31,15.73,15.705,15.86425,,388,393,387,15.73,2,0.13424999999999976,0.008534647171010792,0.0015893197711379647,0.18621973929236796,safety_break,5,2.5,resistance,355,385,17.135,15.955,-0.03933333333333338,-0.0024713594571386713,15.915666666666667,15.837,5,resistance,355,385,17.135,15.955,-0.03933333333333338,-0.0024713594571386713,15.915666666666667,15.837,5,355,385,17.135,15.955,-0.03933333333333338,5,0,"[{""start_idx"":388,""end_idx"":393,""kind"":""resistance"",""anchor1_idx"":355,""anchor2_idx"":385,""anchor1_price"":17.135,""anchor2_price"":15.955,""slope"":-0.03933333333333338,""touch_count"":5}]",0.6703910614525141,-0.18621973929236796
9,XAG,240,12,3,0.0006,0.25,0.0,0.25,0.15,0.035,False,stop_confirm,2,6,2017-10-24 17:25:00+00:00,2017-10-24 13:25:00-04:00,2017-10-27 17:25:00+00:00,2017-10-30 19:55:00+00:00,2017-10-27 13:25:00-04:00,2017-10-30 15:55:00-04:00,420,2017-10-27,2017-10-30,Friday,bounce,short,3,12,15.825,15.895,15.971931818181819,,426,429,425,15.825,6,0.14693181818181955,0.009284791038345628,-0.004423380726698234,-0.47641144624903076,safety_break,3,1.5,resistance,408,419,16.48,16.155,-0.029545454545454482,-0.0018322246025481977,16.125454545454545,15.94818181818182,3,resistance,408,419,16.48,16.155,-0.029545454545454482,-0.0018322246025481977,16.125454545454545,15.94818181818182,3,408,419,16.48,16.155,-0.029545454545454482,3,0,"[{""start_idx"":426,""end_idx"":429,""kind"":""resistance"",""anchor1_idx"":408,""anchor2_idx"":419,""anchor1_price"":16.48,""anchor2_price"":16.155,""slope"":-0.029545454545454482,""touch_count"":3}]",0.10208816705335509,-0.7486465583913392
10,XAG,240,12,3,0.0006,0.25,0.0,0.25,0.15,0.035,False,stop_confirm,2,6,2017-11-10 20:55:00+00:00,2017-11-10 15:55:00-05:00,2017-11-15 20:55:00+00:00,2017-11-17 18:25:00+00:00,2017-11-15 15:55:00-05:00,2017-11-17 13:25:00-05:00,447,2017-11-15,2017-11-17,Wednesday,break,short,4,21,16.015,16.36,16.257,,453,456,452,16.015,6,0.24200000000000088,0.015110833593506142,-0.021542304089915643,-1.4256198347107338,safety_break,3,1.5,support,426,444,15.71,16.005,0.016388888888888786,0.001020849554459722,16.054166666666667,16.152499999999996,4,resistance,414,434,16.3,16.265,-0.0017500000000000072,-0.00010774369314596235,16.242250000000002,16.23175,5,414,454,16.3,16.17,-0.003249999999999975,5,1,"[{""start_idx"":453,""end_idx"":455,""kind"":""resistance"",""anchor1_idx"":414,""anchor2_idx"":434,""anchor1_price"":16.3,""anchor2_price"":16.265,""slope"":-0.0017500000000000072,""touch_count"":5},{""start_idx"":456,""end_idx"":456,""kind"":""resistance"",""anchor1_idx"":414,""anchor2_idx"":454,""anchor1_price"":16.3,""anchor2_price"":16.17,""slope"":-0.003249999999999975,""touch_count"":5}]",0.0,-1.5909090909090768
11,XAG,240,12,3,0.0006,0.25,0.0,0.25,0.15,0.035,False,stop_confirm,2,6,2017-11-21 20:55:00+00:00,2017-11-21 15:55:00-05:00,2017-11-24 18:25:00+00:00,2017-12-15 20:55:00+00:00,2017-11-24 13:25:00-05:00,2017-12-15 15:55:00-05:00,461,2017-11-24,2017-12-15,Friday,break,short,6,35,16.175,15.15,16.410749999999997,,466,497,465,16.175,5,0.2357499999999959,0.014574961360123394,0.06336939721792889,4.347826086956599,safety_break,31,15.5,support,426,453,15.71,16.005,0.010925925925925858,0.0006789491248460815,16.092407407407407,16.147037037037034,6,resistance,434,439,16.265,16.285,0.003999999999999915,0.0002443046478959211,16.372999999999998,16.392999999999997,4,468,493,16.205,15.235,-0.03879999999999995,3,2,"[{""start_idx"":466,""end_idx"":471,""kind"":""resistance"",""anchor1_idx"":434,""anchor2_idx"":439,""anchor1_price"":16.265,""anchor2_price"":16.285,""slope"":0.003999999999999915,""touch_count"":4},{""start_idx"":472,""end_idx"":494,""kind"":""resistance"",""anchor1_idx"":456,""anchor2_idx"":470,""anchor1_price"":16.4,""anchor2_price"":16.11,""slope"":-0.020714285714285654,""touch_count"":3},{""start_idx"":495,""end_idx"":497,""kind"":""resistance"",""anchor1_idx"":468,""anchor2_idx"":493,""anchor1_price"":16.205,""anchor2_price"":15.235,""slope"":-0.03879999999999995,""touch_count"":3}]",6.023329798515481,-0.12725344644749992
12,XAG,240,12,3,0.0006,0.25,0.0,0.25,0.15,0.035,False,stop_confirm,2,6,2018-01-17 20:55:00+00:00,2018-01-17 15:55:00-05:00,2018-01-18 20:55:00+00:00,2018-01-23 20:55:00+00:00,2018-01-18 15:55:00-05:00,2018-01-23 15:55:00-05:00,543,2018-01-18,2018-01-23,Thursday,break,short,4,49,15.98,16.08,16.336333333333336,,545,551,544,15.98,2,0.3563333333333354,0.022298706716729372,-0.006257822277847103,-0.280636108512621,safety_break,6,3.0,support,494,540,14.94,16.095,0.0251086956521739,0.0015527637177599862,16.17032608695652,16.22054347826087,4,resistance,525,537,16.295,16.3,0.00041666666666658375,2.5558452180130882e-05,16.302500000000002,16.303333333333335,3,539,547,16.28,16.115,-0.020625000000000338,4,1,"[{""start_idx"":545,""end_idx"":548,""kind"":""resistance"",""anchor1_idx"":525,""anchor2_idx"":537,""anchor1_price"":16.295,""anchor2_price"":16.3,""slope"":0.00041666666666658375,""touch_count"":3},{""start_idx"":549,""end_idx"":551,""kind"":""resistance"",""anchor1_idx"":539,""anchor2_idx"":547,""anchor1_price"":16.28,""anchor2_price"":16.115,""slope"":-0.020625000000000338,""touch_count"":4}]",0.5191768007483614,-0.3788587464920409
13,XAG,240,12,3,0.0006,0.25,0.0,0.25,0.15,0.035,False,stop_confirm,2,6,2018-02-14 20:55:00+00:00,2018-02-14 15:55:00-05:00,2018-02-16 20:55:00+00:00,2018-02-26 20:55:00+00:00,2018-02-16 15:55:00-05:00,2018-02-26 15:55:00-05:00,583,2018-02-16,2018-02-26,Friday,bounce,short,4,26,15.69,15.685,15.8925,,587,599,584,15.69,4,0.20250000000000057,0.01290630975143407,0.0003186743148501092,0.024691358024686378,safety_break,12,6.0,resistance,557,582,16.495,15.965,-0.021200000000000045,-0.001329670467517157,15.9438,15.859,4,resistance,557,582,16.495,15.965,-0.021200000000000045,-0.001329670467517157,15.9438,15.859,4,557,582,16.495,15.965,-0.021200000000000045,4,0,"[{""start_idx"":587,""end_idx"":599,""kind"":""resistance"",""anchor1_idx"":557,""anchor2_idx"":582,""anchor1_price"":16.495,""anchor2_price"":15.965,""slope"":-0.021200000000000045,""touch_count"":4}]",0.9629629629629617,-0.6419753086419774
14,XAG,240,12,3,0.0006,0.25,0.0,0.25,0.15,0.035,False,stop_confirm,2,6,2018-02-27 18:25:00+00:00,2018-02-27 13:25:00-05:00,2018-03-01 18:25:00+00:00,2018-03-06 18:25:00+00:00,2018-03-01 13:25:00-05:00,2018-03-06 13:25:00-05:00,600,2018-03-01,2018-03-06,Thursday,bounce,short,6,43,15.405,15.795,15.628416666666666,,604,610,601,15.405,4,0.22341666666666704,0.01450286703451263,-0.025316455696202667,-1.745617306975009,safety_break,6,3.0,resistance,557,599,16.495,15.69,-0.019166666666666703,-0.0012230789683594812,15.670833333333333,15.594166666666666,6,resistance,557,599,16.495,15.69,-0.019166666666666703,-0.0012230789683594812,15.670833333333333,15.594166666666666,6,557,599,16.495,15.69,-0.019166666666666703,6,0,"[{""start_idx"":604,""end_idx"":610,""kind"":""resistance"",""anchor1_idx"":557,""anchor2_idx"":599,""anchor1_price"":16.495,""anchor2_price"":15.69,""slope"":-0.019166666666666703,""touch_count"":6}]",0.3133159268929432,-2.19321148825065
15,XAG,240,12,3,0.0006,0.25,0.0,0.25,0.15,0.035,False,stop_confirm,2,6,2018-03-15 17:25:00+00:00,2018-03-15 13:25:00-04:00,2018-03-16 17:25:00+00:00,2018-03-21 17:25:00+00:00,2018-03-16 13:25:00-04:00,2018-03-21 13:25:00-04:00,624,2018-03-16,2018-03-21,Friday,break,short,6,20,15.44,15.465,15.69260294117647,,626,632,625,15.44,2,0.25260294117646964,0.016360294117646997,-0.0016191709844559643,-0.09896955230832104,safety_break,6,3.0,support,604,620,15.255,15.54,0.017812499999999898,0.0011410040835935558,15.611249999999998,15.646874999999998,6,resistance,582,616,15.965,15.735,-0.006764705882352954,-0.0004313982931632757,15.680882352941175,15.66735294117647,4,610,628,15.895,15.415,-0.02666666666666669,4,1,"[{""start_idx"":626,""end_idx"":629,""kind"":""resistance"",""anchor1_idx"":582,""anchor2_idx"":616,""anchor1_price"":15.965,""anchor2_price"":15.735,""slope"":-0.006764705882352954,""touch_count"":4},{""start_idx"":630,""end_idx"":632,""kind"":""resistance"",""anchor1_idx"":610,""anchor2_idx"":628,""anchor1_price"":15.895,""anchor2_price"":15.415,""slope"":-0.02666666666666669,""touch_count"":4}]",0.9699016126215293,-0.5344355824649252
16,XAG,240,12,3,0.0006,0.25,0.0,0.25,0.15,0.035,False,stop_confirm,2,6,2018-05-25 17:25:00+00:00,2018-05-25 13:25:00-04:00,2018-05-29 17:25:00+00:00,2018-06-05 17:25:00+00:00,2018-05-29 13:25:00-04:00,2018-06-05 13:25:00-04:00,724,2018-05-29,2018-06-05,Tuesday,bounce,short,3,54,15.525,15.56,15.588541666666666,,728,738,725,15.525,4,0.06354166666666572,0.004092860976918887,-0.0022544283413847843,-0.550819672131158,safety_break,10,5.0,resistance,670,718,16.255,15.69,-0.011770833333333322,-0.0007536046310004928,15.619375,15.572291666666667,3,resistance,670,718,16.255,15.69,-0.011770833333333322,-0.0007536046310004928,15.619375,15.572291666666667,3,670,718,16.255,15.69,-0.011770833333333322,3,0,"[{""start_idx"":728,""end_idx"":738,""kind"":""resistance"",""anchor1_idx"":670,""anchor2_idx"":718,""anchor1_price"":16.255,""anchor2_price"":15.69,""slope"":-0.011770833333333322,""touch_count"":3}]",1.8098360655738008,-1.0229508196721386
17,XAG,240,12,3,0.0006,0.25,0.0,0.25,0.15,0.035,False,stop_confirm,2,6,2018-06-05 19:55:00+00:00,2018-06-05 15:55:00-04:00,2018-06-07 17:25:00+00:00,2018-06-19 17:25:00+00:00,2018-06-07 13:25:00-04:00,2018-06-19 13:25:00-04:00,739,2018-06-07,2018-06-19,Thursday,break,long,6,35,15.75,15.365,15.383621621621622,,742,758,741,15.75,3,0.3663783783783785,0.02326211926211927,-0.02444444444444438,-1.0508262024195918,safety_break,16,8.0,resistance,704,736,15.84,15.54,-0.009375000000000022,-0.0006043756799226414,15.511875,15.483749999999999,6,support,698,735,15.375,15.41,0.0009459459459459498,6.137013203345575e-05,15.413783783783783,15.416621621621621,5,698,735,15.375,15.41,0.0009459459459459498,5,0,"[{""start_idx"":742,""end_idx"":758,""kind"":""support"",""anchor1_idx"":698,""anchor2_idx"":735,""anchor1_price"":15.375,""anchor2_price"":15.41,""slope"":0.0009459459459459498,""touch_count"":5}]",1.4465919150191824,-1.1190616701091767
18,XAG,240,12,3,0.0006,0.25,0.0,0.25,0.15,0.035,False,stop_confirm,2,6,2018-07-12 19:55:00+00:00,2018-07-12 15:55:00-04:00,2018-07-16 17:25:00+00:00,2018-07-25 17:25:00+00:00,2018-07-16 13:25:00-04:00,2018-07-25 13:25:00-04:00,793,2018-07-16,2018-07-25,Monday,bounce,short,3,41,14.83,14.66,14.970308823529413,,796,810,794,14.83,3,0.14030882352941276,0.009461147911625944,0.011463250168577188,1.2116130384655606,safety_break,14,7.0,resistance,752,786,16.28,15.25,-0.030294117647058857,-0.002014512311995152,15.037941176470587,14.947058823529412,3,resistance,752,786,16.28,15.25,-0.030294117647058857,-0.002014512311995152,15.037941176470587,14.947058823529412,3,752,786,16.28,15.25,-0.030294117647058857,3,0,"[{""start_idx"":796,""end_idx"":810,""kind"":""resistance"",""anchor1_idx"":752,""anchor2_idx"":786,""anchor1_price"":16.28,""anchor2_price"":15.25,""slope"":-0.030294117647058857,""touch_count"":3}]",3.4210250497851167,-0.32072109841735386
19,XAG,240,12,3,0.0006,0.25,0.0,0.25,0.15,0.035,False,stop_confirm,2,6,2018-08-08 19:55:00+00:00,2018-08-08 15:55:00-04:00,2018-08-10 19:55:00+00:00,2018-09-28 17:25:00+00:00,2018-08-10 15:55:00-04:00,2018-09-28 13:25:00-04:00,831,2018-08-10,2018-09-28,Friday,bounce,short,3,39,14.385,13.795,14.500975,,835,904,834,14.385,4,0.1159750000000006,0.008062217587765074,0.041014946124435125,5.087303298124568,safety_break,69,34.5,resistance,792,824,15.05,14.63,-0.013124999999999998,-0.0009027986758952752,14.538125,14.485625,3,resistance,792,824,15.05,14.63,-0.013124999999999998,-0.0009027986758952752,14.538125,14.485625,3,792,824,15.05,14.63,-0.013124999999999998,3,0,"[{""start_idx"":835,""end_idx"":904,""kind"":""resistance"",""anchor1_idx"":792,""anchor2_idx"":824,""anchor1_price"":15.05,""anchor2_price"":14.63,""slope"":-0.013124999999999998,""touch_count"":3}]",10.993748652726827,0.0
20,XAG,240,12,3,0.0006,0.25,0.0,0.25,0.15,0.035,False,stop_confirm,2,6,2018-10-01 17:25:00+00:00,2018-10-01 13:25:00-04:00,2018-10-02 17:25:00+00:00,2018-10-08 17:25:00+00:00,2018-10-02 13:25:00-04:00,2018-10-08 13:25:00-04:00,906,2018-10-02,2018-10-08,Tuesday,bounce,long,5,28,13.645,13.445,13.486000000000004,,908,916,907,13.645,2,0.15899999999999537,0.011652620007328352,-0.014657383657017187,-1.257861635220158,safety_break,8,4.0,support,878,888,13.11,13.255,0.014500000000000134,0.0010728026043208146,13.516000000000004,13.545000000000003,5,support,878,888,13.11,13.255,0.014500000000000134,0.0010728026043208146,13.516000000000004,13.545000000000003,5,878,888,13.11,13.255,0.014500000000000134,5,0,"[{""start_idx"":908,""end_idx"":916,""kind"":""support"",""anchor1_idx"":878,""anchor2_idx"":888,""anchor1_price"":13.11,""anchor2_price"":13.255,""slope"":0.014500000000000134,""touch_count"":5}]",1.5408805031447053,-1.5094339622641963
21,XAG,240,12,3,0.0006,0.25,0.0,0.25,0.15,0.035,False,stop_confirm,2,6,2018-10-12 19:55:00+00:00,2018-10-12 15:55:00-04:00,2018-10-15 19:55:00+00:00,2018-10-29 17:25:00+00:00,2018-10-15 15:55:00-04:00,2018-10-29 13:25:00-04:00,925,2018-10-15,2018-10-29,Monday,break,long,4,15,13.76,13.555,13.387475,,927,946,926,13.76,2,0.37252499999999955,0.02707303779069764,-0.014898255813953543,-0.5502986376753246,safety_break,19,9.5,resistance,910,922,13.89,13.745,-0.012083333333333446,-0.0008814321753138286,13.708749999999998,13.684583333333332,4,support,880,920,13.235,13.38,0.0036250000000000336,0.0002705602463031233,13.398125,13.405375000000001,8,892,936,13.365,13.635,0.0061363636363636264,4,1,"[{""start_idx"":927,""end_idx"":937,""kind"":""support"",""anchor1_idx"":880,""anchor2_idx"":920,""anchor1_price"":13.235,""anchor2_price"":13.38,""slope"":0.0036250000000000336,""touch_count"":8},{""start_idx"":938,""end_idx"":946,""kind"":""support"",""anchor1_idx"":892,""anchor2_idx"":936,""anchor1_price"":13.365,""anchor2_price"":13.635,""slope"":0.0061363636363636264,""touch_count"":4}]",0.4295013757465951,-0.6039863096436479
22,XAG,240,12,3,0.0006,0.25,0.0,0.25,0.15,0.035,False,stop_confirm,2,6,2018-11-28 20:55:00+00:00,2018-11-28 15:55:00-05:00,2018-11-29 20:55:00+00:00,2018-12-03 18:25:00+00:00,2018-11-29 15:55:00-05:00,2018-12-03 13:25:00-05:00,991,2018-11-29,2018-12-03,Thursday,bounce,short,4,37,13.4,13.56,13.484620689655172,,993,996,992,13.4,2,0.08462068965517133,0.006314976839938159,-0.011940298507462588,-1.8907905460472956,safety_break,3,1.5,resistance,954,983,14.01,13.6,-0.014137931034482763,-0.0010482716301902233,13.486896551724138,13.458620689655172,4,resistance,954,983,14.01,13.6,-0.014137931034482763,-0.0010482716301902233,13.486896551724138,13.458620689655172,4,954,983,14.01,13.6,-0.014137931034482763,4,0,"[{""start_idx"":993,""end_idx"":996,""kind"":""resistance"",""anchor1_idx"":954,""anchor2_idx"":983,""anchor1_price"":14.01,""anchor2_price"":13.6,""slope"":-0.014137931034482763,""touch_count"":4}]",2.36348818255913,-2.9543602281988965
23,XAG,240,12,3,0.0006,0.25,0.0,0.25,0.15,0.035,False,stop_confirm,2,6,2018-12-14 18:25:00+00:00,2018-12-14 13:25:00-05:00,2018-12-17 18:25:00+00:00,2018-12-19 20:55:00+00:00,2018-12-17 13:25:00-05:00,2018-12-19 15:55:00-05:00,1014,2018-12-17,2018-12-19,Monday,bounce,long,3,17,13.735,13.68,13.6765,,1016,1021,1015,13.735,2,0.058499999999998664,0.004259191845649703,-0.004004368401892999,-0.9401709401709568,safety_break,5,2.5,support,997,1007,13.485,13.6,0.01150000000000002,0.0008406125507108673,13.6805,13.7035,3,support,997,1007,13.485,13.6,0.01150000000000002,0.0008406125507108673,13.6805,13.7035,3,997,1007,13.485,13.6,0.01150000000000002,3,0,"[{""start_idx"":1016,""end_idx"":1021,""kind"":""support"",""anchor1_idx"":997,""anchor2_idx"":1007,""anchor1_price"":13.485,""anchor2_price"":13.6,""slope"":0.01150000000000002,""touch_count"":3}]",3.162393162393243,-1.4529914529914705
24,XAG,240,12,3,0.0006,0.25,0.0,0.25,0.15,0.035,False,stop_confirm,2,6,2018-12-24 18:25:00+00:00,2018-12-24 13:25:00-05:00,2018-12-26 18:25:00+00:00,2019-02-27 18:25:00+00:00,2018-12-26 13:25:00-05:00,2019-02-27 13:25:00-05:00,1026,2018-12-26,2019-02-27,Wednesday,bounce,long,4,29,13.91,14.745,13.810250000000002,,1030,1120,1027,13.91,4,0.09974999999999845,0.007171099928109163,0.06002875629043847,8.37092731829586,safety_break,90,45.0,support,997,1019,13.485,13.72,0.010681818181818237,0.0007743381056724423,13.79477272727273,13.837500000000002,4,support,997,1019,13.485,13.72,0.010681818181818237,0.0007743381056724423,13.79477272727273,13.837500000000002,4,997,1019,13.485,13.72,0.010681818181818237,4,0,"[{""start_idx"":1030,""end_idx"":1120,""kind"":""support"",""anchor1_idx"":997,""anchor2_idx"":1019,""anchor1_price"":13.485,""anchor2_price"":13.72,""slope"":0.010681818181818237,""touch_count"":4}]",13.032581453634295,0.0
25,XAG,240,12,3,0.0006,0.25,0.0,0.25,0.15,0.035,False,stop_confirm,2,6,2019-02-27 20:55:00+00:00,2019-02-27 15:55:00-05:00,2019-03-01 18:25:00+00:00,2019-03-11 19:55:00+00:00,2019-03-01 13:25:00-05:00,2019-03-11 15:55:00-04:00,1121,2019-03-01,2019-03-11,Friday,break,short,3,19,14.61,14.37,14.93875,,1124,1137,1123,14.61,3,0.3287500000000012,0.02250171115674204,0.01642710472279263,0.7300380228136861,safety_break,13,6.5,support,1102,1116,14.55,14.865,0.022499999999999964,0.0015022533800701028,14.9775,15.045,3,resistance,1114,1119,14.99,14.945,-0.008999999999999985,-0.0006029342801634612,14.927,14.9,3,1110,1134,15.21,14.415,-0.03312500000000007,3,1,"[{""start_idx"":1124,""end_idx"":1136,""kind"":""resistance"",""anchor1_idx"":1114,""anchor2_idx"":1119,""anchor1_price"":14.99,""anchor2_price"":14.945,""slope"":-0.008999999999999985,""touch_count"":3},{""start_idx"":1137,""end_idx"":1137,""kind"":""resistance"",""anchor1_idx"":1110,""anchor2_idx"":1134,""anchor1_price"":15.21,""anchor2_price"":14.415,""slope"":-0.03312500000000007,""touch_count"":3}]",1.703422053231929,0.0
26,XAG,240,12,3,0.0006,0.25,0.0,0.25,0.15,0.035,False,stop_confirm,2,6,2019-03-19 17:25:00+00:00,2019-03-19 13:25:00-04:00,2019-03-20 17:25:00+00:00,2019-03-20 19:55:00+00:00,2019-03-20 13:25:00-04:00,2019-03-20 15:55:00-04:00,1148,2019-03-20,2019-03-20,Wednesday,bounce,short,4,34,14.39,14.535,14.420124999999999,,1150,1151,1149,14.39,2,0.03012499999999818,0.0020934676858928546,-0.010076441973592809,-4.813278008299032,safety_break,1,0.5,resistance,1114,1146,14.99,14.465,-0.01640625000000001,-0.0011367819327458165,14.4321875,14.399375,4,resistance,1114,1146,14.99,14.465,-0.01640625000000001,-0.0011367819327458165,14.4321875,14.399375,4,1114,1146,14.99,14.465,-0.01640625000000001,4,0,"[{""start_idx"":1150,""end_idx"":1151,""kind"":""resistance"",""anchor1_idx"":1114,""anchor2_idx"":1146,""anchor1_price"":14.99,""anchor2_price"":14.465,""slope"":-0.01640625000000001,""touch_count"":4}]",0.8298755186722611,-6.63900414937797
27,XAG,240,12,3,0.0006,0.25,0.0,0.25,0.15,0.035,False,stop_confirm,2,6,2019-03-21 17:25:00+00:00,2019-03-21 13:25:00-04:00,2019-03-22 17:25:00+00:00,2019-03-25 17:25:00+00:00,2019-03-22 13:25:00-04:00,2019-03-25 13:25:00-04:00,1152,2019-03-22,2019-03-25,Friday,bounce,short,4,38,14.42,14.595,14.589567567567567,,1154,1156,1153,14.42,2,0.16956756756756697,0.011759193312591329,-0.012135922330097193,-1.0320369780044707,safety_break,2,1.0,resistance,1114,1151,14.99,14.59,-0.01081081081081082,-0.0007415234599484648,14.579189189189188,14.557567567567567,4,resistance,1114,1151,14.99,14.59,-0.01081081081081082,-0.0007415234599484648,14.579189189189188,14.557567567567567,4,1114,1151,14.99,14.59,-0.01081081081081082,4,0,"[{""start_idx"":1154,""end_idx"":1156,""kind"":""resistance"",""anchor1_idx"":1114,""anchor2_idx"":1151,""anchor1_price"":14.99,""anchor2_price"":14.59,""slope"":-0.01081081081081082,""touch_count"":4}]",0.0,-1.0910105196047246
28,XAG,240,12,3,0.0006,0.25,0.0,0.25,0.15,0.035,False,stop_confirm,2,6,2019-03-25 19:55:00+00:00,2019-03-25 15:55:00-04:00,2019-03-27 17:25:00+00:00,2019-06-03 17:25:00+00:00,2019-03-27 13:25:00-04:00,2019-06-03 13:25:00-04:00,1157,2019-03-27,2019-06-03,Wednesday,bounce,short,3,43,14.43,13.845,14.601750000000001,,1160,1256,1158,14.43,3,0.17175000000000118,0.011902286902286984,0.04054054054054046,3.406113537117875,safety_break,96,48.0,resistance,1114,1119,14.99,14.945,-0.008999999999999985,-0.0006163117167705256,14.603000000000002,14.576,3,resistance,1114,1119,14.99,14.945,-0.008999999999999985,-0.0006163117167705256,14.603000000000002,14.576,3,1114,1119,14.99,14.945,-0.008999999999999985,3,0,"[{""start_idx"":1160,""end_idx"":1256,""kind"":""resistance"",""anchor1_idx"":1114,""anchor2_idx"":1119,""anchor1_price"":14.99,""anchor2_price"":14.945,""slope"":-0.008999999999999985,""touch_count"":3}]",6.026200873362405,0.0
29,XAG,240,12,3,0.0006,0.25,0.0,0.25,0.15,0.035,False,stop_confirm,2,6,2019-06-14 19:55:00+00:00,2019-06-14 15:55:00-04:00,2019-06-19 19:55:00+00:00,2019-07-05 17:25:00+00:00,2019-06-19 15:55:00-04:00,2019-07-05 13:25:00-04:00,1275,2019-06-19,2019-07-05,Wednesday,bounce,long,3,21,14.135,14.025,13.927102941176472,,1281,1304,1278,14.135,6,0.20789705882352827,0.014707963128654281,-0.0077821011673151474,-0.5291080144302187,safety_break,23,11.5,support,1254,1271,13.595,13.82,0.013235294117647038,0.0009540366350067827,13.872941176470588,13.952352941176471,3,support,1254,1271,13.595,13.82,0.013235294117647038,0.0009540366350067827,13.872941176470588,13.952352941176471,3,1254,1271,13.595,13.82,0.013235294117647038,3,0,"[{""start_idx"":1281,""end_idx"":1304,""kind"":""support"",""anchor1_idx"":1254,""anchor2_idx"":1271,""anchor1_price"":13.595,""anchor2_price"":13.82,""slope"":0.013235294117647038,""touch_count"":3}]",1.9240291433826253,-0.8898634788144658
30,XAG,240,12,3,0.0006,0.25,0.0,0.25,0.15,0.035,False,stop_confirm,2,6,2019-07-10 19:55:00+00:00,2019-07-10 15:55:00-04:00,2019-07-12 19:55:00+00:00,2019-08-13 17:25:00+00:00,2019-07-12 15:55:00-04:00,2019-08-13 13:25:00-04:00,1311,2019-07-12,2019-08-13,Friday,break,long,4,29,14.26,15.9,14.068817567567567,,1315,1358,1314,14.26,4,0.1911824324324325,0.013406902695121493,0.11500701262272095,8.57819402721329,safety_break,43,21.5,resistance,1282,1303,14.535,14.32,-0.010238095238095232,-0.0007190635451505012,14.238095238095239,14.197142857142858,4,support,1271,1308,13.82,14.045,0.006081081081081072,0.00043240957835261496,14.063243243243242,14.087567567567568,3,1342,1356,14.98,15.845,0.0617857142857143,4,3,"[{""start_idx"":1315,""end_idx"":1343,""kind"":""support"",""anchor1_idx"":1271,""anchor2_idx"":1308,""anchor1_price"":13.82,""anchor2_price"":14.045,""slope"":0.006081081081081072,""touch_count"":3},{""start_idx"":1344,""end_idx"":1345,""kind"":""support"",""anchor1_idx"":1304,""anchor2_idx"":1342,""anchor1_price"":13.95,""anchor2_price"":14.98,""slope"":0.027105263157894768,""touch_count"":3},{""start_idx"":1346,""end_idx"":1357,""kind"":""support"",""anchor1_idx"":1314,""anchor2_idx"":1344,""anchor1_price"":14.14,""anchor2_price"":15.075,""slope"":0.031166666666666624,""touch_count"":3},{""start_idx"":1358,""end_idx"":1358,""kind"":""support"",""anchor1_idx"":1342,""anchor2_idx"":1356,""anchor1_price"":14.98,""anchor2_price"":15.845,""slope"":0.0617857142857143,""touch_count"":4}]",10.095069800318083,0.0
31,XAG,240,12,3,0.0006,0.25,0.0,0.25,0.15,0.035,False,stop_confirm,2,6,2019-08-22 19:55:00+00:00,2019-08-22 15:55:00-04:00,2019-08-23 19:55:00+00:00,2019-09-13 17:25:00+00:00,2019-08-23 15:55:00-04:00,2019-09-13 13:25:00-04:00,1373,2019-08-23,2019-09-13,Friday,bounce,long,5,31,16.36,16.39,16.002249999999997,,1375,1404,1374,16.36,2,0.3577500000000029,0.021867359413203113,0.001833740831295838,0.08385744234801089,safety_break,29,14.5,support,1342,1367,14.98,15.78,0.03199999999999996,0.0020035061357375383,15.972,16.035999999999998,5,support,1342,1367,14.98,15.78,0.03199999999999996,0.0020035061357375383,15.972,16.035999999999998,5,1342,1367,14.98,15.78,0.03199999999999996,5,0,"[{""start_idx"":1375,""end_idx"":1404,""kind"":""support"",""anchor1_idx"":1342,""anchor2_idx"":1367,""anchor1_price"":14.98,""anchor2_price"":15.78,""slope"":0.03199999999999996,""touch_count"":5}]",5.562543675751184,-0.13976240391334815
32,XAG,240,12,3,0.0006,0.25,0.0,0.25,0.15,0.035,False,stop_confirm,2,6,2019-09-25 17:25:00+00:00,2019-09-25 13:25:00-04:00,2019-09-26 17:25:00+00:00,2019-10-17 17:25:00+00:00,2019-09-26 13:25:00-04:00,2019-10-17 13:25:00-04:00,1420,2019-09-26,2019-10-17,Thursday,bounce,short,3,29,16.675,16.44,17.432249999999996,,1422,1452,1421,16.675,2,0.7572499999999955,0.045412293853073195,0.01409295352323836,0.31033344338065477,safety_break,30,15.0,resistance,1391,1417,18.35,17.505,-0.03250000000000009,-0.0018670113456843369,17.4075,17.342499999999998,3,resistance,1391,1417,18.35,17.505,-0.03250000000000009,-0.0018670113456843369,17.4075,17.342499999999998,3,1391,1417,18.35,17.505,-0.03250000000000009,3,0,"[{""start_idx"":1422,""end_idx"":1452,""kind"":""resistance"",""anchor1_idx"":1391,""anchor2_idx"":1417,""anchor1_price"":18.35,""anchor2_price"":17.505,""slope"":-0.03250000000000009,""touch_count"":3}]",1.1092769891053216,-0.09904258831297423
33,XAG,240,12,3,0.0006,0.25,0.0,0.25,0.15,0.035,False,stop_confirm,2,6,2019-10-17 19:55:00+00:00,2019-10-17 15:55:00-04:00,2019-10-22 17:25:00+00:00,2019-10-23 17:25:00+00:00,2019-10-22 13:25:00-04:00,2019-10-23 13:25:00-04:00,1453,2019-10-22,2019-10-23,Tuesday,bounce,short,5,31,16.38,16.425,16.422,,1458,1460,1457,16.38,5,0.04200000000000159,0.0025641025641026612,-0.0027472527472529595,-1.0714285714285714,safety_break,2,1.0,resistance,1422,1446,16.885,16.555,-0.013750000000000076,-0.0008354218880534717,16.45875,16.39,5,resistance,1422,1446,16.885,16.555,-0.013750000000000076,-0.0008354218880534717,16.45875,16.39,5,1422,1446,16.885,16.555,-0.013750000000000076,5,0,"[{""start_idx"":1458,""end_idx"":1460,""kind"":""resistance"",""anchor1_idx"":1422,""anchor2_idx"":1446,""anchor1_price"":16.885,""anchor2_price"":16.555,""slope"":-0.013750000000000076,""touch_count"":5}]",1.7857142857142012,-2.1428571428570584
34,XAG,240,12,3,0.0006,0.25,0.0,0.25,0.15,0.035,False,stop_confirm,2,6,2019-11-04 18:25:00+00:00,2019-11-04 13:25:00-05:00,2019-11-05 18:25:00+00:00,2019-12-23 18:25:00+00:00,2019-11-05 13:25:00-05:00,2019-12-23 13:25:00-05:00,1476,2019-11-05,2019-12-23,Tuesday,bounce,short,3,12,16.795,16.28,16.96625,,1478,1546,1477,16.795,2,0.17124999999999702,0.010196487049716998,0.030663888061923217,3.0072992700730485,safety_break,68,34.0,resistance,1464,1472,17.105,17.0,-0.013125000000000053,-0.0007744505089246234,16.947499999999998,16.92125,3,resistance,1464,1472,17.105,17.0,-0.013125000000000053,-0.0007744505089246234,16.947499999999998,16.92125,3,1464,1472,17.105,17.0,-0.013125000000000053,3,0,"[{""start_idx"":1478,""end_idx"":1546,""kind"":""resistance"",""anchor1_idx"":1464,""anchor2_idx"":1472,""anchor1_price"":17.105,""anchor2_price"":17.0,""slope"":-0.013125000000000053,""touch_count"":3}]",7.97080291970818,0.0
35,XAG,240,12,3,0.0006,0.25,0.0,0.25,0.15,0.035,False,stop_confirm,2,6,2020-01-14 20:55:00+00:00,2020-01-14 15:55:00-05:00,2020-01-15 20:55:00+00:00,2020-01-21 18:25:00+00:00,2020-01-15 15:55:00-05:00,2020-01-21 13:25:00-05:00,1579,2020-01-15,2020-01-21,Wednesday,bounce,long,3,45,16.805,16.64,16.569227272727275,,1581,1588,1580,16.805,2,0.23577272727272458,0.014029915339049365,-0.009818506396905624,-0.6998264893001779,safety_break,7,3.5,support,1534,1578,15.735,16.545,0.01840909090909096,0.001111431276499406,16.563409090909094,16.600227272727274,3,support,1534,1578,15.735,16.545,0.01840909090909096,0.001111431276499406,16.563409090909094,16.600227272727274,3,1534,1578,15.735,16.545,0.01840909090909096,3,0,"[{""start_idx"":1581,""end_idx"":1588,""kind"":""support"",""anchor1_idx"":1534,""anchor2_idx"":1578,""anchor1_price"":15.735,""anchor2_price"":16.545,""slope"":0.01840909090909096,""touch_count"":3}]",0.36051667630615775,-1.4632735685367384
36,XAG,240,12,3,0.0006,0.25,0.0,0.25,0.15,0.035,False,stop_confirm,2,6,2020-01-24 18:25:00+00:00,2020-01-24 13:25:00-05:00,2020-01-27 18:25:00+00:00,2020-01-28 18:25:00+00:00,2020-01-27 13:25:00-05:00,2020-01-28 13:25:00-05:00,1594,2020-01-27,2020-01-28,Monday,break,long,5,25,16.95,16.325,16.519286585365855,,1596,1598,1595,16.95,2,0.4307134146341447,0.02541082092236842,-0.03687315634218291,-1.4510808782932514,safety_break,2,1.0,resistance,1569,1587,17.21,16.825,-0.021388888888888975,-0.0012826706201795792,16.675277777777776,16.6325,5,support,1551,1592,16.575,16.56,-0.00036585365853659924,-2.2093588440635367e-05,16.559268292682926,16.558536585365854,5,1551,1592,16.575,16.56,-0.00036585365853659924,5,0,"[{""start_idx"":1596,""end_idx"":1598,""kind"":""support"",""anchor1_idx"":1551,""anchor2_idx"":1592,""anchor1_price"":16.575,""anchor2_price"":16.56,""slope"":-0.00036585365853659924,""touch_count"":5}]",0.0,-1.509124113424978
37,XAG,240,12,3,0.0006,0.25,0.0,0.25,0.15,0.035,False,stop_confirm,2,6,2020-02-10 20:55:00+00:00,2020-02-10 15:55:00-05:00,2020-02-12 18:25:00+00:00,2020-02-14 18:25:00+00:00,2020-02-12 13:25:00-05:00,2020-02-14 13:25:00-05:00,1617,2020-02-12,2020-02-14,Wednesday,bounce,short,4,21,16.405,16.58,16.59525,,1620,1624,1618,16.405,3,0.19024999999999892,0.01159707406278567,-0.010667479427003856,-0.9198423127463766,safety_break,4,2.0,resistance,1596,1604,17.06,16.895,-0.020624999999999893,-0.0012404616020749474,16.626875000000002,16.565,4,resistance,1596,1604,17.06,16.895,-0.020624999999999893,-0.0012404616020749474,16.626875000000002,16.565,4,1596,1604,17.06,16.895,-0.020624999999999893,4,0,"[{""start_idx"":1620,""end_idx"":1624,""kind"":""resistance"",""anchor1_idx"":1596,""anchor2_idx"":1604,""anchor1_price"":17.06,""anchor2_price"":16.895,""slope"":-0.020624999999999893,""touch_count"":4}]",0.5256241787122312,-1.0775295663600497
38,XAG,240,12,3,0.0006,0.25,0.0,0.25,0.15,0.035,False,stop_confirm,2,6,2020-02-17 18:25:00+00:00,2020-02-17 13:25:00-05:00,2020-02-18 18:25:00+00:00,2020-02-28 18:25:00+00:00,2020-02-18 13:25:00-05:00,2020-02-28 13:25:00-05:00,1626,2020-02-18,2020-02-28,Tuesday,break,long,5,30,16.545,15.37,16.2700625,,1628,1644,1627,16.545,2,0.27493750000000006,0.01661755817467513,-0.07101843457237855,-4.273698567856339,safety_break,16,8.0,resistance,1596,1604,17.06,16.895,-0.020624999999999893,-0.0012544666615981078,16.441250000000004,16.400000000000002,5,support,1578,1610,16.545,16.39,-0.0048437500000000355,-0.0002969348659003853,16.3125,16.3028125,6,1578,1610,16.545,16.39,-0.0048437500000000355,6,0,"[{""start_idx"":1628,""end_idx"":1644,""kind"":""support"",""anchor1_idx"":1578,""anchor2_idx"":1610,""anchor1_price"":16.545,""anchor2_price"":16.39,""slope"":-0.0048437500000000355,""touch_count"":6}]",4.164582859740848,-4.546487838145039
39,XAG,240,12,3,0.0006,0.25,0.0,0.25,0.15,0.035,False,stop_confirm,2,6,2020-03-11 17:25:00+00:00,2020-03-11 13:25:00-04:00,2020-03-12 17:25:00+00:00,2020-04-01 19:55:00+00:00,2020-03-12 13:25:00-04:00,2020-04-01 15:55:00-04:00,1660,2020-03-12,2020-04-01,Thursday,break,short,3,15,15.55,13.01,16.034442307692306,,1662,1691,1661,15.55,2,0.484442307692305,0.03115384615384598,0.16334405144694542,5.243142392124202,safety_break,29,14.5,support,1645,1658,15.285,15.68,0.03038461538461535,0.0019303132483018109,15.74076923076923,15.801538461538462,3,resistance,1642,1655,16.835,16.255,-0.04461538461538476,-0.002782909099632953,16.031923076923075,15.942692307692306,3,1655,1682,16.255,13.715,-0.09407407407407405,3,1,"[{""start_idx"":1662,""end_idx"":1683,""kind"":""resistance"",""anchor1_idx"":1642,""anchor2_idx"":1655,""anchor1_price"":16.835,""anchor2_price"":16.255,""slope"":-0.04461538461538476,""touch_count"":3},{""start_idx"":1684,""end_idx"":1691,""kind"":""resistance"",""anchor1_idx"":1655,""anchor2_idx"":1682,""anchor1_price"":16.255,""anchor2_price"":13.715,""slope"":-0.09407407407407405,""touch_count"":3}]",9.681235361835633,0.0
40,XAG,240,12,3,0.0006,0.25,0.0,0.25,0.15,0.035,False,stop_confirm,2,6,2020-04-03 19:55:00+00:00,2020-04-03 15:55:00-04:00,2020-04-06 19:55:00+00:00,2020-04-08 19:55:00+00:00,2020-04-06 15:55:00-04:00,2020-04-08 15:55:00-04:00,1695,2020-04-06,2020-04-08,Monday,bounce,long,3,24,13.935,13.945,13.549776315789472,,1697,1701,1696,13.935,2,0.3852236842105281,0.027644326100504348,0.0007176175098673188,0.025958943880861438,safety_break,4,2.0,support,1671,1690,10.86,12.87,0.10578947368421052,0.007895357058684892,13.398947368421052,13.610526315789473,3,support,1671,1690,10.86,12.87,0.10578947368421052,0.007895357058684892,13.398947368421052,13.610526315789473,3,1671,1690,10.86,12.87,0.10578947368421052,3,0,"[{""start_idx"":1697,""end_idx"":1701,""kind"":""support"",""anchor1_idx"":1671,""anchor2_idx"":1690,""anchor1_price"":10.86,""anchor2_price"":12.87,""slope"":0.10578947368421052,""touch_count"":3}]",0.7657888444854285,-0.16873313522560626
41,XAG,240,12,3,0.0006,0.25,0.0,0.25,0.15,0.035,False,stop_confirm,2,6,2020-04-13 17:25:00+00:00,2020-04-13 13:25:00-04:00,2020-04-14 17:25:00+00:00,2020-04-15 17:25:00+00:00,2020-04-14 13:25:00-04:00,2020-04-15 13:25:00-04:00,1706,2020-04-14,2020-04-15,Tuesday,bounce,long,3,19,14.48,14.3,14.318999999999999,,1708,1710,1707,14.48,2,0.16100000000000136,0.011118784530386835,-0.012430939226519278,-1.1180124223602372,safety_break,2,1.0,support,1687,1701,12.885,13.87,0.07035714285714281,0.00494713844453931,14.221785714285714,14.362499999999999,3,support,1687,1701,12.885,13.87,0.07035714285714281,0.00494713844453931,14.221785714285714,14.362499999999999,3,1687,1701,12.885,13.87,0.07035714285714281,3,0,"[{""start_idx"":1708,""end_idx"":1710,""kind"":""support"",""anchor1_idx"":1687,""anchor2_idx"":1701,""anchor1_price"":12.885,""anchor2_price"":13.87,""slope"":0.07035714285714281,""touch_count"":3}]",1.8633540372670583,-1.3975155279502964
42,XAG,240,12,3,0.0006,0.25,0.0,0.25,0.15,0.035,False,stop_confirm,2,6,2020-04-15 19:55:00+00:00,2020-04-15 15:55:00-04:00,2020-04-16 19:55:00+00:00,2020-04-17 17:25:00+00:00,2020-04-16 15:55:00-04:00,2020-04-17 13:25:00-04:00,1711,2020-04-16,2020-04-17,Thursday,bounce,long,3,12,14.495,14.115,14.291636363636364,,1713,1714,1712,14.495,2,0.20336363636363508,0.01402991627206865,-0.02621593652983778,-1.8685739830129706,safety_break,1,0.5,support,1699,1710,13.875,14.255,0.034545454545454615,0.0024175334796577327,14.289545454545456,14.358636363636364,3,support,1699,1710,13.875,14.255,0.034545454545454615,0.0024175334796577327,14.289545454545456,14.358636363636364,3,1699,1710,13.875,14.255,0.034545454545454615,3,0,"[{""start_idx"":1713,""end_idx"":1714,""kind"":""support"",""anchor1_idx"":1699,""anchor2_idx"":1710,""anchor1_price"":13.875,""anchor2_price"":14.255,""slope"":0.034545454545454615,""touch_count"":3}]",0.0,-2.0652659812248673
43,XAG,240,12,3,0.0006,0.25,0.0,0.25,0.15,0.035,False,stop_confirm,2,6,2020-05-06 19:55:00+00:00,2020-05-06 15:55:00-04:00,2020-05-07 19:55:00+00:00,2021-07-20 17:25:00+00:00,2020-05-07 15:55:00-04:00,2021-07-20 13:25:00-04:00,1741,2020-05-07,2021-07-20,Thursday,bounce,long,5,23,14.375,23.155,13.8795,,1743,2368,1742,14.375,2,0.49549999999999983,0.03446956521739129,0.6107826086956523,17.719475277497487,safety_break,625,312.5,support,1718,1740,13.55,13.88,0.015000000000000003,0.0010795250089960418,13.895000000000001,13.925,5,support,1718,1740,13.55,13.88,0.015000000000000003,0.0010795250089960418,13.895000000000001,13.925,5,1718,1740,13.55,13.88,0.015000000000000003,5,0,"[{""start_idx"":1743,""end_idx"":2368,""kind"":""support"",""anchor1_idx"":1718,""anchor2_idx"":1740,""anchor1_price"":13.55,""anchor2_price"":13.88,""slope"":0.015000000000000003,""touch_count"":5}]",27.457114026236134,-0.13118062563067512
44,XAG,240,12,3,0.0006,0.25,0.0,0.25,0.15,0.035,False,stop_confirm,2,6,2021-07-29 19:55:00+00:00,2021-07-29 15:55:00-04:00,2021-07-30 19:55:00+00:00,2021-09-03 17:25:00+00:00,2021-07-30 15:55:00-04:00,2021-09-03 13:25:00-04:00,2383,2021-07-30,2021-09-03,Friday,bounce,short,3,23,23.56,22.885,23.903704545454545,,2385,2434,2384,23.56,2,0.3437045454545462,0.014588478160209941,0.02865025466893023,1.9638960523705489,safety_break,49,24.5,resistance,2360,2382,24.53,23.91,-0.028181818181818228,-0.0011800532927293509,23.881818181818183,23.825454545454544,3,resistance,2360,2382,24.53,23.91,-0.028181818181818228,-0.0011800532927293509,23.881818181818183,23.825454545454544,3,2360,2382,24.53,23.91,-0.028181818181818228,3,0,"[{""start_idx"":2385,""end_idx"":2434,""kind"":""resistance"",""anchor1_idx"":2360,""anchor2_idx"":2382,""anchor1_price"":24.53,""anchor2_price"":23.91,""slope"":-0.028181818181818228,""touch_count"":3}]",6.895457250545504,-1.4838325729022033
45,XAG,240,12,3,0.0006,0.25,0.0,0.25,0.15,0.035,False,stop_confirm,2,6,2021-10-06 19:55:00+00:00,2021-10-06 15:55:00-04:00,2021-10-08 17:25:00+00:00,2021-10-28 17:25:00+00:00,2021-10-08 13:25:00-04:00,2021-10-28 13:25:00-04:00,2481,2021-10-08,2021-10-28,Friday,break,long,5,39,21.09,22.27,20.636000000000003,,2484,2512,2482,21.09,3,0.4539999999999971,0.02152678994784244,0.055950687529634946,2.5991189427312937,safety_break,28,14.0,resistance,2442,2479,22.44,20.97,-0.039729729729729796,-0.0019018047739181093,20.890540540540538,20.77135135135135,5,support,2476,2478,20.72,20.715,-0.0024999999999995026,-0.000120729204394519,20.707500000000003,20.700000000000003,3,2470,2508,19.84,22.11,0.059736842105263144,3,3,"[{""start_idx"":2484,""end_idx"":2489,""kind"":""support"",""anchor1_idx"":2476,""anchor2_idx"":2478,""anchor1_price"":20.72,""anchor2_price"":20.715,""slope"":-0.0024999999999995026,""touch_count"":3},{""start_idx"":2490,""end_idx"":2497,""kind"":""support"",""anchor1_idx"":2478,""anchor2_idx"":2488,""anchor1_price"":20.715,""anchor2_price"":20.8,""slope"":0.008500000000000086,""touch_count"":4},{""start_idx"":2498,""end_idx"":2509,""kind"":""support"",""anchor1_idx"":2470,""anchor2_idx"":2496,""anchor1_price"":19.84,""anchor2_price"":21.33,""slope"":0.05730769230769225,""touch_count"":3},{""start_idx"":2510,""end_idx"":2512,""kind"":""support"",""anchor1_idx"":2470,""anchor2_idx"":2508,""anchor1_price"":19.84,""anchor2_price"":22.11,""slope"":0.059736842105263144,""touch_count"":3}]",4.140969162995619,-0.6387665198237907
46,XAG,240,12,3,0.0006,0.25,0.0,0.25,0.15,0.035,False,stop_confirm,2,6,2022-01-24 20:55:00+00:00,2022-01-24 15:55:00-05:00,2022-01-25 20:55:00+00:00,2022-01-26 18:25:00+00:00,2022-01-25 15:55:00-05:00,2022-01-26 13:25:00-05:00,2637,2022-01-25,2022-01-26,Tuesday,bounce,long,4,23,22.14,21.99,21.97956818181818,,2639,2640,2638,22.14,2,0.16043181818182006,0.007246242916974709,-0.006775067750677599,-0.9349766255843627,safety_break,1,0.5,support,2614,2625,20.37,21.11,0.06727272727272714,0.0030693931726740995,21.917272727272724,22.05181818181818,4,support,2614,2625,20.37,21.11,0.06727272727272714,0.0030693931726740995,21.917272727272724,22.05181818181818,4,2614,2625,20.37,21.11,0.06727272727272714,4,0,"[{""start_idx"":2639,""end_idx"":2640,""kind"":""support"",""anchor1_idx"":2614,""anchor2_idx"":2625,""anchor1_price"":20.37,""anchor2_price"":21.11,""slope"":0.06727272727272714,""touch_count"":4}]",0.0,-1.6829579260518264
47,XAG,240,12,3,0.0006,0.25,0.0,0.25,0.15,0.035,False,stop_confirm,2,6,2022-02-04 18:25:00+00:00,2022-02-04 13:25:00-05:00,2022-02-07 18:25:00+00:00,2022-02-21 20:55:00+00:00,2022-02-07 13:25:00-05:00,2022-02-21 15:55:00-05:00,2654,2022-02-07,2022-02-21,Monday,break,long,4,22,20.95,22.12,20.25925,,2656,2677,2655,20.95,2,0.6907499999999978,0.03297136038186147,0.05584725536992852,1.6938110749185749,safety_break,21,10.5,resistance,2632,2650,22.84,21.08,-0.09777777777777787,-0.0047261009667024755,20.688888888888886,20.493333333333332,4,support,2612,2652,20.355,20.34,-0.0003750000000000142,-1.8437258010989306e-05,20.33925,20.3385,4,2658,2675,21.23,22.065,0.04911764705882358,3,2,"[{""start_idx"":2656,""end_idx"":2669,""kind"":""support"",""anchor1_idx"":2612,""anchor2_idx"":2652,""anchor1_price"":20.355,""anchor2_price"":20.34,""slope"":-0.0003750000000000142,""touch_count"":4},{""start_idx"":2670,""end_idx"":2676,""kind"":""support"",""anchor1_idx"":2658,""anchor2_idx"":2664,""anchor1_price"":21.23,""anchor2_price"":21.3,""slope"":0.011666666666666714,""touch_count"":3},{""start_idx"":2677,""end_idx"":2677,""kind"":""support"",""anchor1_idx"":2658,""anchor2_idx"":2675,""anchor1_price"":21.23,""anchor2_price"":22.065,""slope"":0.04911764705882358,""touch_count"":3}]",1.8675352877307323,0.0
48,XAG,240,12,3,0.0006,0.25,0.0,0.25,0.15,0.035,False,stop_confirm,2,6,2022-02-23 18:25:00+00:00,2022-02-23 13:25:00-05:00,2022-02-24 18:25:00+00:00,2022-02-24 20:55:00+00:00,2022-02-24 13:25:00-05:00,2022-02-24 15:55:00-05:00,2680,2022-02-24,2022-02-24,Thursday,bounce,long,3,26,22.715,22.315,22.44916666666667,,2682,2683,2681,22.715,2,0.2658333333333296,0.011702986279257302,-0.017609509134932755,-1.5047021943573826,safety_break,1,0.5,support,2654,2675,20.665,22.065,0.06666666666666676,0.002976411935411865,22.398333333333333,22.53166666666667,3,support,2654,2675,20.665,22.065,0.06666666666666676,0.002976411935411865,22.398333333333333,22.53166666666667,3,2654,2675,20.665,22.065,0.06666666666666676,3,0,"[{""start_idx"":2682,""end_idx"":2683,""kind"":""support"",""anchor1_idx"":2654,""anchor2_idx"":2675,""anchor1_price"":20.665,""anchor2_price"":22.065,""slope"":0.06666666666666676,""touch_count"":3}]",0.24451410658308034,-2.576802507837022
49,XAG,240,12,3,0.0006,0.25,0.0,0.25,0.15,0.035,False,stop_confirm,2,6,2022-03-03 20:55:00+00:00,2022-03-03 15:55:00-05:00,2022-03-04 20:55:00+00:00,2022-03-11 20:55:00+00:00,2022-03-04 15:55:00-05:00,2022-03-11 15:55:00-05:00,2693,2022-03-04,2022-03-11,Friday,bounce,long,4,41,23.75,23.865,23.215874999999997,,2695,2705,2694,23.75,2,0.5341250000000031,0.022489473684210656,0.004842105263157759,0.21530540603790832,safety_break,10,5.0,support,2652,2692,20.34,23.075,0.06837499999999999,0.00295440919917687,23.143375,23.280124999999998,4,support,2652,2692,20.34,23.075,0.06837499999999999,0.00295440919917687,23.143375,23.280124999999998,4,2652,2692,20.34,23.075,0.06837499999999999,4,0,"[{""start_idx"":2695,""end_idx"":2705,""kind"":""support"",""anchor1_idx"":2652,""anchor2_idx"":2692,""anchor1_price"":20.34,""anchor2_price"":23.075,""slope"":0.06837499999999999,""touch_count"":4}]",2.1062485373273927,-0.5803884858413235
50,XAG,240,12,3,0.0006,0.25,0.0,0.25,0.15,0.035,False,stop_confirm,2,6,2022-03-18 17:25:00+00:00,2022-03-18 13:25:00-04:00,2022-03-22 17:25:00+00:00,2022-03-23 19:55:00+00:00,2022-03-22 13:25:00-04:00,2022-03-23 15:55:00-04:00,2714,2022-03-22,2022-03-23,Tuesday,break,short,3,39,22.94,23.245,23.382,,2718,2721,2715,22.94,4,0.44200000000000017,0.019267654751525726,-0.013295553618134281,-0.6900452488687774,safety_break,3,1.5,support,2675,2677,22.065,22.12,0.027499999999999858,0.0011885467314964825,23.137499999999996,23.247499999999995,3,resistance,2702,2712,24.09,23.6,-0.04899999999999984,-0.0020849289422176765,23.502000000000002,23.306,3,2702,2712,24.09,23.6,-0.04899999999999984,3,0,"[{""start_idx"":2718,""end_idx"":2721,""kind"":""resistance"",""anchor1_idx"":2702,""anchor2_idx"":2712,""anchor1_price"":24.09,""anchor2_price"":23.6,""slope"":-0.04899999999999984,""touch_count"":3}]",0.1244343891402708,-0.7918552036199044
51,XAG,240,12,3,0.0006,0.25,0.0,0.25,0.15,0.035,False,stop_confirm,2,6,2022-05-06 19:55:00+00:00,2022-05-06 15:55:00-04:00,2022-05-09 19:55:00+00:00,2022-05-17 17:25:00+00:00,2022-05-09 15:55:00-04:00,2022-05-17 13:25:00-04:00,2785,2022-05-09,2022-05-17,Monday,bounce,short,3,17,20.085,20.055,20.7133125,,2787,2798,2786,20.085,2,0.6283124999999998,0.03128267363704256,0.0014936519790889058,0.047746941211580456,safety_break,11,5.5,resistance,2768,2784,21.935,20.85,-0.06781249999999983,-0.003263010691247003,20.782187500000003,20.6465625,3,resistance,2768,2784,21.935,20.85,-0.06781249999999983,-0.003263010691247003,20.782187500000003,20.6465625,3,2768,2784,21.935,20.85,-0.06781249999999983,3,0,"[{""start_idx"":2787,""end_idx"":2798,""kind"":""resistance"",""anchor1_idx"":2768,""anchor2_idx"":2784,""anchor1_price"":21.935,""anchor2_price"":20.85,""slope"":-0.06781249999999983,""touch_count"":3}]",1.710932060081567,-0.3899333532278882
52,XAG,240,12,3,0.0006,0.25,0.0,0.25,0.15,0.035,False,stop_confirm,2,6,2022-05-17 19:55:00+00:00,2022-05-17 15:55:00-04:00,2022-05-18 19:55:00+00:00,2022-05-19 17:25:00+00:00,2022-05-18 15:55:00-04:00,2022-05-19 13:25:00-04:00,2799,2022-05-18,2022-05-19,Wednesday,bounce,short,4,31,19.735,20.205,20.00275000000004,,2801,2802,2800,19.735,2,0.2677500000000421,0.013567266278188099,-0.023815556118571113,-1.7553688141920631,safety_break,1,0.5,resistance,2768,2770,21.935,21.815,-0.05999999999999872,-0.002988792029887851,20.07500000000004,19.95500000000004,4,resistance,2768,2770,21.935,21.815,-0.05999999999999872,-0.002988792029887851,20.07500000000004,19.95500000000004,4,2768,2770,21.935,21.815,-0.05999999999999872,4,0,"[{""start_idx"":2801,""end_idx"":2802,""kind"":""resistance"",""anchor1_idx"":2768,""anchor2_idx"":2770,""anchor1_price"":21.935,""anchor2_price"":21.815,""slope"":-0.05999999999999872,""touch_count"":4}]",0.0,-2.147525676937101
53,XAG,240,12,3,0.0006,0.25,0.0,0.25,0.15,0.035,False,stop_confirm,2,6,2022-05-25 19:55:00+00:00,2022-05-25 15:55:00-04:00,2022-05-27 17:25:00+00:00,2022-05-30 19:55:00+00:00,2022-05-27 13:25:00-04:00,2022-05-30 15:55:00-04:00,2811,2022-05-27,2022-05-30,Friday,bounce,long,3,10,20.38,20.375,20.245527777777777,,2814,2817,2812,20.38,3,0.13447222222222166,0.00659824446625229,-0.0002453385672227526,-0.037182400330502983,safety_break,3,1.5,support,2801,2810,19.725,20.125,0.04444444444444429,0.0022035532295826945,20.169444444444444,20.302777777777777,3,support,2801,2810,19.725,20.125,0.04444444444444429,0.0022035532295826945,20.169444444444444,20.302777777777777,3,2801,2810,19.725,20.125,0.04444444444444429,3,0,"[{""start_idx"":2814,""end_idx"":2817,""kind"":""support"",""anchor1_idx"":2801,""anchor2_idx"":2810,""anchor1_price"":19.725,""anchor2_price"":20.125,""slope"":0.04444444444444429,""touch_count"":3}]",0.18591200165256774,-0.37182400330510906
54,XAG,240,12,3,0.0006,0.25,0.0,0.25,0.15,0.035,False,stop_confirm,2,6,2022-06-21 17:25:00+00:00,2022-06-21 13:25:00-04:00,2022-06-22 17:25:00+00:00,2022-10-03 17:25:00+00:00,2022-06-22 13:25:00-04:00,2022-10-03 13:25:00-04:00,2848,2022-06-22,2022-10-03,Wednesday,bounce,short,4,34,19.96,18.915,20.20481896551724,,2850,2996,2849,19.96,2,0.24481896551723992,0.012265479234330657,0.0523547094188378,4.268460157047816,safety_break,146,73.0,resistance,2814,2843,20.65,20.265,-0.013275862068965449,-0.0006572657743785817,20.198620689655172,20.17206896551724,4,resistance,2814,2843,20.65,20.265,-0.013275862068965449,-0.0006572657743785817,20.198620689655172,20.17206896551724,4,2814,2843,20.65,20.265,-0.013275862068965449,4,0,"[{""start_idx"":2850,""end_idx"":2996,""kind"":""resistance"",""anchor1_idx"":2814,""anchor2_idx"":2843,""anchor1_price"":20.65,""anchor2_price"":20.265,""slope"":-0.013275862068965449,""touch_count"":4}]",15.399133772316016,0.0
55,XAG,240,12,3,0.0006,0.25,0.0,0.25,0.15,0.035,False,stop_confirm,2,6,2022-10-20 17:25:00+00:00,2022-10-20 13:25:00-04:00,2022-10-25 17:25:00+00:00,2022-11-28 18:25:00+00:00,2022-10-25 13:25:00-04:00,2022-11-28 13:25:00-05:00,3022,2022-10-25,2022-11-28,Tuesday,break,long,4,24,17.78,19.28,17.097333333333335,,3028,3076,3025,17.78,6,0.6826666666666661,0.038395200599924975,0.08436445444319451,2.1972656250000018,safety_break,48,24.0,resistance,2998,3018,19.565,17.41,-0.10775000000000005,-0.006346074562695097,16.979,16.3325,4,support,2988,3012,16.875,17.045,0.007083333333333404,0.00041384682798578724,17.115833333333335,17.158333333333335,3,3042,3074,17.435,19.565,0.06656250000000008,3,4,"[{""start_idx"":3028,""end_idx"":3043,""kind"":""support"",""anchor1_idx"":2988,""anchor2_idx"":3012,""anchor1_price"":16.875,""anchor2_price"":17.045,""slope"":0.007083333333333404,""touch_count"":3},{""start_idx"":3044,""end_idx"":3059,""kind"":""support"",""anchor1_idx"":3012,""anchor2_idx"":3036,""anchor1_price"":17.045,""anchor2_price"":17.405,""slope"":0.014999999999999977,""touch_count"":4},{""start_idx"":3060,""end_idx"":3067,""kind"":""support"",""anchor1_idx"":3014,""anchor2_idx"":3042,""anchor1_price"":16.665,""anchor2_price"":17.435,""slope"":0.027499999999999986,""touch_count"":3},{""start_idx"":3068,""end_idx"":3075,""kind"":""support"",""anchor1_idx"":3020,""anchor2_idx"":3066,""anchor1_price"":16.91,""anchor2_price"":19.02,""slope"":0.045869565217391293,""touch_count"":3},{""start_idx"":3076,""end_idx"":3076,""kind"":""support"",""anchor1_idx"":3042,""anchor2_idx"":3074,""anchor1_price"":17.435,""anchor2_price"":19.565,""slope"":0.06656250000000008,""touch_count"":3}]",3.735351562499999,-0.5493164062500004
56,XAG,240,12,3,0.0006,0.25,0.0,0.25,0.15,0.035,False,stop_confirm,2,6,2022-12-30 20:55:00+00:00,2022-12-30 15:55:00-05:00,2023-01-02 20:55:00+00:00,2023-01-04 18:25:00+00:00,2023-01-02 15:55:00-05:00,2023-01-04 13:25:00-05:00,3125,2023-01-02,2023-01-04,Monday,bounce,long,3,49,22.03,21.895,21.879416666666664,,3127,3130,3126,22.03,2,0.15058333333333707,0.00683537600242111,-0.006128007262823476,-0.8965135583840501,safety_break,3,1.5,support,3076,3121,19.205,21.595,0.05311111111111112,0.002435457820214301,21.807444444444442,21.913666666666664,3,support,3076,3121,19.205,21.595,0.05311111111111112,0.002435457820214301,21.807444444444442,21.913666666666664,3,3076,3121,19.205,21.595,0.05311111111111112,3,0,"[{""start_idx"":3127,""end_idx"":3130,""kind"":""support"",""anchor1_idx"":3076,""anchor2_idx"":3121,""anchor1_price"":19.205,""anchor2_price"":21.595,""slope"":0.05311111111111112,""touch_count"":3}]",3.3868289983396926,-1.46098505810734
57,XAG,240,12,3,0.0006,0.25,0.0,0.25,0.15,0.035,False,stop_confirm,2,6,2023-02-02 18:25:00+00:00,2023-02-02 13:25:00-05:00,2023-02-03 18:25:00+00:00,2023-03-17 17:25:00+00:00,2023-02-03 13:25:00-05:00,2023-03-17 13:25:00-04:00,3172,2023-02-03,2023-03-17,Friday,bounce,short,4,27,21.54,20.535,21.775095238095236,,3174,3234,3173,21.54,2,0.23509523809523714,0.010914356457531901,0.04665738161559885,4.274863277293917,safety_break,60,30.0,resistance,3145,3166,22.35,21.82,-0.025238095238095292,-0.0011647327707454314,21.66857142857143,21.618095238095236,4,resistance,3145,3166,22.35,21.82,-0.025238095238095292,-0.0011647327707454314,21.66857142857143,21.618095238095236,4,3145,3166,22.35,21.82,-0.025238095238095292,4,0,"[{""start_idx"":3174,""end_idx"":3234,""kind"":""resistance"",""anchor1_idx"":3145,""anchor2_idx"":3166,""anchor1_price"":22.35,""anchor2_price"":21.82,""slope"":-0.025238095238095292,""touch_count"":4}]",13.441361150496308,0.0
58,XAG,240,12,3,0.0006,0.25,0.0,0.25,0.15,0.035,False,stop_confirm,2,6,2023-03-27 19:55:00+00:00,2023-03-27 15:55:00-04:00,2023-03-28 19:55:00+00:00,2023-04-19 19:55:00+00:00,2023-03-28 15:55:00-04:00,2023-04-19 15:55:00-04:00,3247,2023-03-28,2023-04-19,Tuesday,bounce,long,4,18,21.44,23.225,21.14941176470588,,3249,3281,3248,21.44,2,0.2905882352941198,0.013553555750658572,0.08325559701492535,6.142712550607242,safety_break,32,16.0,support,3229,3246,19.865,20.995,0.06647058823529427,0.0031560278735913152,21.061470588235295,21.194411764705883,4,support,3229,3246,19.865,20.995,0.06647058823529427,0.0031560278735913152,21.061470588235295,21.194411764705883,4,3229,3246,19.865,20.995,0.06647058823529427,4,0,"[{""start_idx"":3249,""end_idx"":3281,""kind"":""support"",""anchor1_idx"":3229,""anchor2_idx"":3246,""anchor1_price"":19.865,""anchor2_price"":20.995,""slope"":0.06647058823529427,""touch_count"":4}]",8.43117408906876,-0.481781376518217
59,XAG,240,12,3,0.0006,0.25,0.0,0.25,0.15,0.035,False,stop_confirm,2,6,2023-04-20 19:55:00+00:00,2023-04-20 15:55:00-04:00,2023-04-24 17:25:00+00:00,2023-04-28 17:25:00+00:00,2023-04-24 13:25:00-04:00,2023-04-28 13:25:00-04:00,3283,2023-04-24,2023-04-28,Monday,break,short,5,37,22.875,22.91,23.31725,,3286,3294,3284,22.875,3,0.44225000000000136,0.019333333333333393,-0.0015300546448087093,-0.07914075749010749,safety_break,8,4.0,support,3246,3280,20.995,23.055,0.06058823529411761,0.0026074299094993973,23.23676470588235,23.418529411764705,5,resistance,3272,3282,23.86,23.425,-0.04349999999999987,-0.0018604452237880318,23.381500000000003,23.251,3,3272,3292,23.86,22.93,-0.046499999999999986,7,1,"[{""start_idx"":3286,""end_idx"":3293,""kind"":""resistance"",""anchor1_idx"":3272,""anchor2_idx"":3282,""anchor1_price"":23.86,""anchor2_price"":23.425,""slope"":-0.04349999999999987,""touch_count"":3},{""start_idx"":3294,""end_idx"":3294,""kind"":""resistance"",""anchor1_idx"":3272,""anchor2_idx"":3292,""anchor1_price"":23.86,""anchor2_price"":22.93,""slope"":-0.046499999999999986,""touch_count"":7}]",0.8253250423968282,-0.6670435274166213
60,XAG,240,12,3,0.0006,0.25,0.0,0.25,0.15,0.035,False,stop_confirm,2,6,2023-04-28 19:55:00+00:00,2023-04-28 15:55:00-04:00,2023-05-03 17:25:00+00:00,2023-05-10 17:25:00+00:00,2023-05-03 13:25:00-04:00,2023-05-10 13:25:00-04:00,3295,2023-05-03,2023-05-10,Wednesday,break,long,7,23,23.41,23.345,22.66075,,3300,3310,3299,23.41,5,0.74925,0.032005553182400684,-0.0027765912003417936,-0.08675342008675513,safety_break,10,5.0,resistance,3272,3292,23.86,22.93,-0.046499999999999986,-0.002040323819135165,22.7905,22.558,7,support,3262,3294,22.58,22.74,0.0050000000000000044,0.00021982853374368015,22.744999999999997,22.77,4,3288,3308,22.63,23.36,0.03650000000000002,5,1,"[{""start_idx"":3300,""end_idx"":3309,""kind"":""support"",""anchor1_idx"":3262,""anchor2_idx"":3294,""anchor1_price"":22.58,""anchor2_price"":22.74,""slope"":0.0050000000000000044,""touch_count"":4},{""start_idx"":3310,""end_idx"":3310,""kind"":""support"",""anchor1_idx"":3288,""anchor2_idx"":3308,""anchor1_price"":22.63,""anchor2_price"":23.36,""slope"":0.03650000000000002,""touch_count"":5}]",0.7007007007006988,-0.3870537203870526
61,XAG,240,12,3,0.0006,0.25,0.0,0.25,0.15,0.035,False,stop_confirm,2,6,2023-06-07 19:55:00+00:00,2023-06-07 15:55:00-04:00,2023-06-09 17:25:00+00:00,2023-06-20 17:25:00+00:00,2023-06-09 13:25:00-04:00,2023-06-20 13:25:00-04:00,3351,2023-06-09,2023-06-20,Friday,bounce,long,4,13,22.36,21.28,21.51125,,3354,3368,3352,22.36,3,0.848749999999999,0.03795840787119852,-0.04830053667262957,-1.2724594992636225,safety_break,14,7.0,support,3338,3348,21.125,21.425,0.030000000000000072,0.0013943760167325155,21.515,21.605,4,support,3338,3348,21.125,21.425,0.030000000000000072,0.0013943760167325155,21.515,21.605,4,3338,3348,21.125,21.425,0.030000000000000072,4,0,"[{""start_idx"":3354,""end_idx"":3368,""kind"":""support"",""anchor1_idx"":3338,""anchor2_idx"":3348,""anchor1_price"":21.125,""anchor2_price"":21.425,""slope"":0.030000000000000072,""touch_count"":4}]",0.0,-1.4079528718703995
62,XAG,240,12,3,0.0006,0.25,0.0,0.25,0.15,0.035,False,stop_confirm,2,6,2023-07-10 17:25:00+00:00,2023-07-10 13:25:00-04:00,2023-07-11 17:25:00+00:00,2023-07-27 17:25:00+00:00,2023-07-11 13:25:00-04:00,2023-07-27 13:25:00-04:00,3396,2023-07-11,2023-07-27,Tuesday,break,long,4,42,21.245,22.205,20.691,,3398,3422,3397,21.245,2,0.554000000000002,0.026076723935043636,0.045187102847728644,1.7328519855595554,safety_break,24,12.0,resistance,3354,3394,22.52,21.245,-0.031874999999999966,-0.0015048686928297416,21.181250000000002,21.1175,4,support,3372,3392,20.46,20.67,0.010500000000000042,0.0005069524913093878,20.712000000000003,20.733,4,3392,3416,20.67,22.26,0.06624999999999999,3,1,"[{""start_idx"":3398,""end_idx"":3417,""kind"":""support"",""anchor1_idx"":3372,""anchor2_idx"":3392,""anchor1_price"":20.46,""anchor2_price"":20.67,""slope"":0.010500000000000042,""touch_count"":4},{""start_idx"":3418,""end_idx"":3422,""kind"":""support"",""anchor1_idx"":3392,""anchor2_idx"":3416,""anchor1_price"":20.67,""anchor2_price"":22.26,""slope"":0.06624999999999999,""touch_count"":3}]",3.4566787003609964,-0.1444043321299667
63,XAG,240,12,3,0.0006,0.25,0.0,0.25,0.15,0.035,False,stop_confirm,2,6,2023-07-31 19:55:00+00:00,2023-07-31 15:55:00-04:00,2023-08-02 17:25:00+00:00,2023-08-23 17:25:00+00:00,2023-08-02 13:25:00-04:00,2023-08-23 13:25:00-04:00,3427,2023-08-02,2023-08-23,Wednesday,bounce,short,4,17,22.135,22.31,22.78425,,3430,3460,3428,22.135,3,0.6492499999999986,0.02933137564942392,-0.007906031172351335,-0.26954177897573744,safety_break,30,15.0,resistance,3410,3426,23.16,22.785,-0.0234375,-0.0010296964454878702,22.7615625,22.69125,4,resistance,3410,3426,23.16,22.785,-0.0234375,-0.0010296964454878702,22.7615625,22.69125,4,3410,3426,23.16,22.785,-0.0234375,4,0,"[{""start_idx"":3430,""end_idx"":3460,""kind"":""resistance"",""anchor1_idx"":3410,""anchor2_idx"":3426,""anchor1_price"":23.16,""anchor2_price"":22.785,""slope"":-0.0234375,""touch_count"":4}]",2.4874855602618493,-0.2772429726607626
64,XAG,240,12,3,0.0006,0.25,0.0,0.25,0.15,0.035,False,stop_confirm,2,6,2023-08-24 17:25:00+00:00,2023-08-24 13:25:00-04:00,2023-08-25 17:25:00+00:00,2023-08-29 17:25:00+00:00,2023-08-25 13:25:00-04:00,2023-08-29 13:25:00-04:00,3462,2023-08-25,2023-08-29,Friday,bounce,short,3,41,22.055,22.665,22.370375000000003,,3464,3468,3463,22.055,2,0.31537500000000307,0.014299478576286696,-0.027658127408750843,-1.9342053111375141,safety_break,4,2.0,resistance,3421,3461,22.97,22.335,-0.01587499999999995,-0.0007112734034152303,22.319125,22.287375,3,resistance,3421,3461,22.97,22.335,-0.01587499999999995,-0.0007112734034152303,22.319125,22.287375,3,3421,3461,22.97,22.335,-0.01587499999999995,3,0,"[{""start_idx"":3464,""end_idx"":3468,""kind"":""resistance"",""anchor1_idx"":3421,""anchor2_idx"":3461,""anchor1_price"":22.97,""anchor2_price"":22.335,""slope"":-0.01587499999999995,""touch_count"":3}]",0.0317082837891333,-2.156163297661492
65,XAG,240,12,3,0.0006,0.25,0.0,0.25,0.15,0.035,False,stop_confirm,2,6,2023-09-25 17:25:00+00:00,2023-09-25 13:25:00-04:00,2023-09-26 17:25:00+00:00,2023-10-13 17:25:00+00:00,2023-09-26 13:25:00-04:00,2023-10-13 13:25:00-04:00,3506,2023-09-26,2023-10-13,Tuesday,bounce,short,3,36,21.125,20.8,21.32908333333333,,3508,3534,3507,21.125,2,0.20408333333332962,0.009660749506903177,0.01538461538461533,1.5924867292772815,safety_break,26,13.0,resistance,3470,3500,22.94,21.625,-0.04383333333333338,-0.002051930218768532,21.362,21.27433333333333,3,resistance,3470,3500,22.94,21.625,-0.04383333333333338,-0.002051930218768532,21.362,21.27433333333333,3,3470,3500,22.94,21.625,-0.04383333333333338,3,0,"[{""start_idx"":3508,""end_idx"":3534,""kind"":""resistance"",""anchor1_idx"":3470,""anchor2_idx"":3500,""anchor1_price"":22.94,""anchor2_price"":21.625,""slope"":-0.04383333333333338,""touch_count"":3}]",10.559412004900157,-1.4699877501021128
66,XAG,240,12,3,0.0006,0.25,0.0,0.25,0.15,0.035,False,stop_confirm,2,6,2023-10-18 17:25:00+00:00,2023-10-18 13:25:00-04:00,2023-10-19 17:25:00+00:00,2023-10-19 19:55:00+00:00,2023-10-19 13:25:00-04:00,2023-10-19 15:55:00-04:00,3540,2023-10-19,2023-10-19,Thursday,bounce,short,3,40,20.78,21.1,21.105157894736845,,3542,3543,3541,20.78,2,0.32515789473684364,0.01564763689782693,-0.015399422521655382,-0.9841372612495916,safety_break,1,0.5,resistance,3500,3538,21.625,21.085,-0.014210526315789451,-0.0006748734612260191,21.056578947368422,21.028157894736843,3,resistance,3500,3538,21.625,21.085,-0.014210526315789451,-0.0006748734612260191,21.056578947368422,21.028157894736843,3,3500,3538,21.625,21.085,-0.014210526315789451,3,0,"[{""start_idx"":3542,""end_idx"":3543,""kind"":""resistance"",""anchor1_idx"":3500,""anchor2_idx"":3538,""anchor1_price"":21.625,""anchor2_price"":21.085,""slope"":-0.014210526315789451,""touch_count"":3}]",0.0,-1.1532858530268641
67,XAG,240,12,3,0.0006,0.25,0.0,0.25,0.15,0.035,False,stop_confirm,2,6,2024-01-31 18:25:00+00:00,2024-01-31 13:25:00-05:00,2024-02-02 18:25:00+00:00,2024-02-15 20:55:00+00:00,2024-02-02 13:25:00-05:00,2024-02-15 15:55:00-05:00,3688,2024-02-02,2024-02-15,Friday,bounce,short,3,54,20.845,20.95,21.36258333333334,,3692,3711,3689,20.845,4,0.5175833333333415,0.02483009514671823,-0.005037179179659512,-0.20286588311060783,safety_break,19,9.5,resistance,3634,3640,22.525,22.395,-0.0216666666666665,-0.0010145945524077029,21.355000000000008,21.26833333333334,3,resistance,3634,3640,22.525,22.395,-0.0216666666666665,-0.0010145945524077029,21.355000000000008,21.26833333333334,3,3634,3640,22.525,22.395,-0.0216666666666665,3,0,"[{""start_idx"":3692,""end_idx"":3711,""kind"":""resistance"",""anchor1_idx"":3634,""anchor2_idx"":3640,""anchor1_price"":22.525,""anchor2_price"":22.395,""slope"":-0.0216666666666665,""touch_count"":3}]",1.4104009016261256,-0.4443728868137114
68,XAG,240,12,3,0.0006,0.25,0.0,0.25,0.15,0.035,False,stop_confirm,2,6,2024-03-27 17:25:00+00:00,2024-03-27 13:25:00-04:00,2024-03-28 17:25:00+00:00,2024-04-30 17:25:00+00:00,2024-03-28 13:25:00-04:00,2024-04-30 13:25:00-04:00,3768,2024-03-28,2024-04-30,Thursday,bounce,long,3,40,22.555,24.1,22.430684210526312,,3770,3816,3769,22.555,2,0.12431578947368749,0.0055116732198487025,0.0684992241188207,12.428027095681312,safety_break,46,23.0,support,3728,3766,20.45,22.29,0.04842105263157894,0.002162924650287998,22.386842105263156,22.483684210526313,3,support,3728,3766,20.45,22.29,0.04842105263157894,0.002162924650287998,22.386842105263156,22.483684210526313,3,3728,3766,20.45,22.29,0.04842105263157894,3,0,"[{""start_idx"":3770,""end_idx"":3816,""kind"":""support"",""anchor1_idx"":3728,""anchor2_idx"":3766,""anchor1_price"":20.45,""anchor2_price"":22.29,""slope"":0.04842105263157894,""touch_count"":3}]",37.646062658762766,0.0
69,XAG,240,12,3,0.0006,0.25,0.0,0.25,0.15,0.035,False,stop_confirm,2,6,2024-05-07 17:25:00+00:00,2024-05-07 13:25:00-04:00,2024-05-08 17:25:00+00:00,2024-05-09 17:25:00+00:00,2024-05-08 13:25:00-04:00,2024-05-09 13:25:00-04:00,3826,2024-05-08,2024-05-09,Wednesday,bounce,short,4,31,24.875,25.725,25.0765,,3828,3830,3827,24.875,2,0.20149999999999935,0.008100502512562788,-0.0341708542713568,-4.218362282878433,safety_break,2,1.0,resistance,3795,3825,26.415,25.125,-0.04299999999999997,-0.0017143768439518367,25.082,24.996,4,resistance,3795,3825,26.415,25.125,-0.04299999999999997,-0.0017143768439518367,25.082,24.996,4,3795,3825,26.415,25.125,-0.04299999999999997,4,0,"[{""start_idx"":3828,""end_idx"":3830,""kind"":""resistance"",""anchor1_idx"":3795,""anchor2_idx"":3825,""anchor1_price"":26.415,""anchor2_price"":25.125,""slope"":-0.04299999999999997,""touch_count"":4}]",0.0,-4.491315136476447
70,XAG,240,12,3,0.0006,0.25,0.0,0.25,0.15,0.035,False,stop_confirm,2,6,2024-06-04 19:55:00+00:00,2024-06-04 15:55:00-04:00,2024-06-05 19:55:00+00:00,2024-06-07 17:25:00+00:00,2024-06-05 15:55:00-04:00,2024-06-07 13:25:00-04:00,3867,2024-06-05,2024-06-07,Wednesday,bounce,long,4,35,27.435,26.795,26.847897058823527,,3869,3872,3868,27.435,2,0.5871029411764717,0.02139977915715224,-0.023327865864771202,-1.0900984394960227,safety_break,3,1.5,support,3832,3866,25.62,26.84,0.035882352941176435,0.0013351134846461936,26.875882352941176,26.947647058823527,4,support,3832,3866,25.62,26.84,0.035882352941176435,0.0013351134846461936,26.875882352941176,26.947647058823527,4,3832,3866,25.62,26.84,0.035882352941176435,4,0,"[{""start_idx"":3869,""end_idx"":3872,""kind"":""support"",""anchor1_idx"":3832,""anchor2_idx"":3866,""anchor1_price"":25.62,""anchor2_price"":26.84,""slope"":0.035882352941176435,""touch_count"":4}]",2.03541817999649,-1.2178443503744685
71,XAG,240,12,3,0.0006,0.25,0.0,0.25,0.15,0.035,False,stop_confirm,2,6,2024-07-17 17:25:00+00:00,2024-07-17 13:25:00-04:00,2024-07-19 17:25:00+00:00,2024-08-21 17:25:00+00:00,2024-07-19 13:25:00-04:00,2024-08-21 13:25:00-04:00,3928,2024-07-19,2024-08-21,Friday,bounce,short,3,16,27.145,26.905,28.304583333333333,,3932,3978,3931,27.145,4,1.1595833333333339,0.04271811874501138,0.008841407257321743,0.20697089471792884,safety_break,46,23.0,resistance,3912,3924,28.745,28.39,-0.029583333333333368,-0.0010463950952072168,28.27166666666667,28.153333333333332,3,resistance,3912,3924,28.745,28.39,-0.029583333333333368,-0.0010463950952072168,28.27166666666667,28.153333333333332,3,3912,3924,28.745,28.39,-0.029583333333333368,3,0,"[{""start_idx"":3932,""end_idx"":3978,""kind"":""resistance"",""anchor1_idx"":3912,""anchor2_idx"":3924,""anchor1_price"":28.745,""anchor2_price"":28.39,""slope"":-0.029583333333333368,""touch_count"":3}]",2.4965864175350325,-0.18541142651814568
72,XAG,240,12,3,0.0006,0.25,0.0,0.25,0.15,0.035,False,stop_confirm,2,6,2024-09-06 19:55:00+00:00,2024-09-06 15:55:00-04:00,2024-09-10 17:25:00+00:00,2024-12-18 18:25:00+00:00,2024-09-10 13:25:00-04:00,2024-12-18 13:25:00-05:00,4003,2024-09-10,2024-12-18,Tuesday,bounce,long,3,35,25.885,27.565,25.33335714285714,,4006,4148,4004,25.885,3,0.5516428571428627,0.02131129446176792,0.06490245315819965,3.0454486598471786,safety_break,142,71.0,support,3968,3996,24.8,25.27,0.016785714285714244,0.0006611802771330082,25.3875,25.43785714285714,3,support,3968,3996,24.8,25.27,0.016785714285714244,0.0006611802771330082,25.3875,25.43785714285714,3,3968,3996,24.8,25.27,0.016785714285714244,3,0,"[{""start_idx"":4006,""end_idx"":4148,""kind"":""support"",""anchor1_idx"":3968,""anchor2_idx"":3996,""anchor1_price"":24.8,""anchor2_price"":25.27,""slope"":0.016785714285714244,""touch_count"":3}]",10.713453321248112,-0.48944710604687375
73,XAG,240,12,3,0.0006,0.25,0.0,0.25,0.15,0.035,False,stop_confirm,2,6,2025-01-14 18:25:00+00:00,2025-01-14 13:25:00-05:00,2025-01-15 18:25:00+00:00,2025-01-27 18:25:00+00:00,2025-01-15 13:25:00-05:00,2025-01-27 13:25:00-05:00,4186,2025-01-15,2025-01-27,Wednesday,bounce,long,3,20,27.305,27.39,26.94972222222222,,4188,4204,4187,27.305,2,0.35527777777777914,0.013011454963478452,0.003112982970151945,0.2392494136043799,safety_break,16,8.0,support,4166,4184,26.215,26.9,0.03805555555555548,0.0014107131824453707,26.97611111111111,27.05222222222222,3,support,4166,4184,26.215,26.9,0.03805555555555548,0.0014107131824453707,26.97611111111111,27.05222222222222,3,4166,4184,26.215,26.9,0.03805555555555548,3,0,"[{""start_idx"":4188,""end_idx"":4204,""kind"":""support"",""anchor1_idx"":4166,""anchor2_idx"":4184,""anchor1_price"":26.215,""anchor2_price"":26.9,""slope"":0.03805555555555548,""touch_count"":3}]",2.5191555903049148,-0.7318217357310315
74,XAG,240,12,3,0.0006,0.25,0.0,0.25,0.15,0.035,False,stop_confirm,2,6,2025-02-06 18:25:00+00:00,2025-02-06 13:25:00-05:00,2025-02-07 18:25:00+00:00,2025-02-07 20:55:00+00:00,2025-02-07 13:25:00-05:00,2025-02-07 15:55:00-05:00,4220,2025-02-07,2025-02-07,Friday,bounce,long,3,16,29.405,29.035,29.0275,,4222,4223,4221,29.405,2,0.3775000000000013,0.012837952729127742,-0.012582894065635175,-0.9801324503311252,safety_break,1,0.5,support,4204,4214,27.045,28.2,0.11549999999999976,0.003997508046931775,28.892999999999997,29.124,3,support,4204,4214,27.045,28.2,0.11549999999999976,0.003997508046931775,28.892999999999997,29.124,3,4204,4214,27.045,28.2,0.11549999999999976,3,0,"[{""start_idx"":4222,""end_idx"":4223,""kind"":""support"",""anchor1_idx"":4204,""anchor2_idx"":4214,""anchor1_price"":27.045,""anchor2_price"":28.2,""slope"":0.11549999999999976,""touch_count"":3}]",0.0,-1.2185430463576141
75,XAG,240,12,3,0.0006,0.25,0.0,0.25,0.15,0.035,False,stop_confirm,2,6,2025-02-12 18:25:00+00:00,2025-02-12 13:25:00-05:00,2025-02-13 20:55:00+00:00,2025-02-14 20:55:00+00:00,2025-02-13 15:55:00-05:00,2025-02-14 15:55:00-05:00,4228,2025-02-13,2025-02-14,Thursday,bounce,long,3,19,29.465,29.305,29.347,,4231,4233,4229,29.465,3,0.11799999999999855,0.0040047513999660125,-0.005430171389784522,-1.3559322033898484,safety_break,2,1.0,support,4209,4214,27.845,28.2,0.07100000000000009,0.0024320065766938446,29.194,29.407,3,support,4209,4214,27.845,28.2,0.07100000000000009,0.0024320065766938446,29.194,29.407,3,4209,4214,27.845,28.2,0.07100000000000009,3,0,"[{""start_idx"":4231,""end_idx"":4233,""kind"":""support"",""anchor1_idx"":4209,""anchor2_idx"":4214,""anchor1_price"":27.845,""anchor2_price"":28.2,""slope"":0.07100000000000009,""touch_count"":3}]",6.906779661017045,-2.203389830508515
76,XAG,240,12,3,0.0006,0.25,0.0,0.25,0.15,0.035,False,stop_confirm,2,6,2025-02-17 18:25:00+00:00,2025-02-17 13:25:00-05:00,2025-02-18 18:25:00+00:00,2025-02-21 20:55:00+00:00,2025-02-18 13:25:00-05:00,2025-02-21 15:55:00-05:00,4234,2025-02-18,2025-02-21,Tuesday,bounce,long,5,25,29.305,29.61,29.293088235294118,,4236,4243,4235,29.305,2,0.011911764705882177,0.00040647550608709015,0.010407780242279507,25.604938271605292,safety_break,7,3.5,support,4209,4226,27.845,28.815,0.057058823529411905,0.0019492981521859315,29.271470588235296,29.38558823529412,5,support,4209,4226,27.845,28.815,0.057058823529411905,0.0019492981521859315,29.271470588235296,29.38558823529412,5,4209,4226,27.845,28.815,0.057058823529411905,5,0,"[{""start_idx"":4236,""end_idx"":4243,""kind"":""support"",""anchor1_idx"":4209,""anchor2_idx"":4226,""anchor1_price"":27.845,""anchor2_price"":28.815,""slope"":0.057058823529411905,""touch_count"":5}]",69.67901234568019,0.0
77,XAG,240,12,3,0.0006,0.25,0.0,0.25,0.15,0.035,False,stop_confirm,2,6,2025-03-21 19:55:00+00:00,2025-03-21 15:55:00-04:00,2025-03-26 17:25:00+00:00,2025-04-03 17:25:00+00:00,2025-03-26 13:25:00-04:00,2025-04-03 13:25:00-04:00,4283,2025-03-26,2025-04-03,Wednesday,bounce,long,3,27,30.755,29.045,30.073861111111114,,4288,4300,4287,30.755,5,0.681138888888885,0.022147256995249064,-0.05560071533084043,-2.510501203050457,safety_break,12,6.0,support,4256,4265,28.64,29.065,0.047222222222222304,0.0015785466228387865,29.915000000000003,30.151111111111113,3,support,4256,4265,28.64,29.065,0.047222222222222304,0.0015785466228387865,29.915000000000003,30.151111111111113,3,4256,4265,28.64,29.065,0.047222222222222304,3,0,"[{""start_idx"":4288,""end_idx"":4300,""kind"":""support"",""anchor1_idx"":4256,""anchor2_idx"":4265,""anchor1_price"":28.64,""anchor2_price"":29.065,""slope"":0.047222222222222304,""touch_count"":3}]",0.9689653766159676,-2.7600831939969965
78,XAG,240,12,3,0.0006,0.25,0.0,0.25,0.15,0.035,False,stop_confirm,2,6,2025-04-14 19:55:00+00:00,2025-04-14 15:55:00-04:00,2025-04-15 19:55:00+00:00,2025-04-16 19:55:00+00:00,2025-04-15 15:55:00-04:00,2025-04-16 15:55:00-04:00,4315,2025-04-15,2025-04-16,Tuesday,break,long,3,23,29.455,29.765,29.399749999999997,,4317,4319,4316,29.455,2,0.05525000000000091,0.0018757426582923413,0.010524528942454703,5.610859728506736,safety_break,2,1.0,resistance,4292,4313,31.415,29.375,-0.0971428571428571,-0.0033290088855163617,29.180714285714288,28.986428571428572,3,support,4302,4314,26.565,28.88,0.1929166666666665,0.006635614475098525,29.072916666666664,29.45875,3,4302,4314,26.565,28.88,0.1929166666666665,3,0,"[{""start_idx"":4317,""end_idx"":4319,""kind"":""support"",""anchor1_idx"":4302,""anchor2_idx"":4314,""anchor1_price"":26.565,""anchor2_price"":28.88,""slope"":0.1929166666666665,""touch_count"":3}]",10.226244343891258,0.0
79,XAG,240,12,3,0.0006,0.25,0.0,0.25,0.15,0.035,False,stop_confirm,2,6,2025-04-25 19:55:00+00:00,2025-04-25 15:55:00-04:00,2025-04-29 19:55:00+00:00,2025-05-06 17:25:00+00:00,2025-04-29 15:55:00-04:00,2025-05-06 13:25:00-04:00,4333,2025-04-29,2025-05-06,Tuesday,break,short,4,31,29.83,30.15,30.598022727272724,,4337,4346,4334,29.83,4,0.7680227272727258,0.025746655289062215,-0.010727455581629242,-0.41665433669695023,safety_break,9,4.5,support,4302,4327,26.565,29.5,0.11739999999999995,0.003886850922382168,30.2044,30.674,4,resistance,4295,4328,31.02,30.625,-0.011969696969696957,-0.00039161255143012894,30.565151515151516,30.517272727272726,4,4328,4344,30.625,29.555,-0.06687500000000002,4,1,"[{""start_idx"":4337,""end_idx"":4345,""kind"":""resistance"",""anchor1_idx"":4295,""anchor2_idx"":4328,""anchor1_price"":31.02,""anchor2_price"":30.625,""slope"":-0.011969696969696957,""touch_count"":4},{""start_idx"":4346,""end_idx"":4346,""kind"":""resistance"",""anchor1_idx"":4328,""anchor2_idx"":4344,""anchor1_price"":30.625,""anchor2_price"":29.555,""slope"":-0.06687500000000002,""touch_count"":4}]",1.0351256177314825,-0.5143076968603015
80,XAG,240,12,3,0.0006,0.25,0.0,0.25,0.15,0.035,False,stop_confirm,2,6,2025-05-20 17:25:00+00:00,2025-05-20 13:25:00-04:00,2025-05-21 17:25:00+00:00,2025-06-12 17:25:00+00:00,2025-05-21 13:25:00-04:00,2025-06-12 13:25:00-04:00,4366,2025-05-21,2025-06-12,Wednesday,break,long,6,38,30.125,32.945,29.103113636363634,,4368,4400,4367,30.125,2,1.0218863636363658,0.03392153904187106,0.093609958506224,2.759602339701527,safety_break,32,16.0,resistance,4328,4364,30.625,29.53,-0.030416666666666634,-0.00103215224952634,29.469166666666666,29.408333333333335,6,support,4327,4349,29.5,29.325,-0.007954545454545487,-0.00027251138708296135,29.189772727272725,29.173863636363635,6,4386,4398,31.065,32.755,0.14083333333333345,3,2,"[{""start_idx"":4368,""end_idx"":4383,""kind"":""support"",""anchor1_idx"":4327,""anchor2_idx"":4349,""anchor1_price"":29.5,""anchor2_price"":29.325,""slope"":-0.007954545454545487,""touch_count"":6},{""start_idx"":4384,""end_idx"":4399,""kind"":""support"",""anchor1_idx"":4340,""anchor2_idx"":4382,""anchor1_price"":29.17,""anchor2_price"":29.785,""slope"":0.014642857142857105,""touch_count"":5},{""start_idx"":4400,""end_idx"":4400,""kind"":""support"",""anchor1_idx"":4386,""anchor2_idx"":4398,""anchor1_price"":31.065,""anchor2_price"":32.755,""slope"":0.14083333333333345,""touch_count"":3}]",3.3369659497809208,-0.3376109245379516
81,XAG,240,12,3,0.0006,0.25,0.0,0.25,0.15,0.035,False,stop_confirm,2,6,2025-06-24 19:55:00+00:00,2025-06-24 15:55:00-04:00,2025-06-25 19:55:00+00:00,2025-07-01 19:55:00+00:00,2025-06-25 15:55:00-04:00,2025-07-01 15:55:00-04:00,4417,2025-06-25,2025-07-01,Wednesday,break,long,3,11,32.905,32.73,32.07625,,4419,4427,4418,32.905,2,0.8287499999999994,0.02518614192371978,-0.005318340677708644,-0.21116138763198117,safety_break,8,4.0,resistance,4406,4411,33.865,33.27,-0.11899999999999977,-0.0036552402014989483,32.556000000000004,32.318000000000005,3,support,4386,4416,31.065,32.06,0.0331666666666667,0.0010334494882088096,32.09316666666667,32.1595,3,4382,4422,29.785,32.525,0.06849999999999996,3,1,"[{""start_idx"":4419,""end_idx"":4423,""kind"":""support"",""anchor1_idx"":4386,""anchor2_idx"":4416,""anchor1_price"":31.065,""anchor2_price"":32.06,""slope"":0.0331666666666667,""touch_count"":3},{""start_idx"":4424,""end_idx"":4427,""kind"":""support"",""anchor1_idx"":4382,""anchor2_idx"":4422,""anchor1_price"":29.785,""anchor2_price"":32.525,""slope"":0.06849999999999996,""touch_count"":3}]",0.5550527903469094,-0.4585218702865796
82,XAG,240,12,3,0.0006,0.25,0.0,0.25,0.15,0.035,False,stop_confirm,2,6,2025-07-02 17:25:00+00:00,2025-07-02 13:25:00-04:00,2025-07-03 17:25:00+00:00,2025-07-09 17:25:00+00:00,2025-07-03 13:25:00-04:00,2025-07-09 13:25:00-04:00,4428,2025-07-03,2025-07-09,Thursday,bounce,long,3,42,33.24,33.075,32.95025,,4430,4438,4429,33.24,2,0.28975000000000506,0.008716907340553701,-0.0049638989169674685,-0.5694564279551209,safety_break,8,4.0,support,4386,4418,31.065,32.485,0.04437499999999994,0.0013476065748016532,32.92875,33.0175,3,support,4386,4418,31.065,32.485,0.04437499999999994,0.0013476065748016532,32.92875,33.0175,3,4386,4418,31.065,32.485,0.04437499999999994,3,0,"[{""start_idx"":4430,""end_idx"":4438,""kind"":""support"",""anchor1_idx"":4386,""anchor2_idx"":4418,""anchor1_price"":31.065,""anchor2_price"":32.485,""slope"":0.04437499999999994,""touch_count"":3}]",1.0181190681621723,-0.9663503019844564
83,XAG,240,12,3,0.0006,0.25,0.0,0.25,0.15,0.035,False,stop_confirm,2,6,2025-07-10 17:25:00+00:00,2025-07-10 13:25:00-04:00,2025-07-11 17:25:00+00:00,2025-07-30 19:55:00+00:00,2025-07-11 13:25:00-04:00,2025-07-30 15:55:00-04:00,4440,2025-07-11,2025-07-30,Friday,bounce,long,5,22,33.76,33.525,33.00966666666667,,4442,4469,4441,33.76,2,0.7503333333333302,0.022225513428119972,-0.006960900473933607,-0.31319413593958295,safety_break,27,13.5,support,4418,4436,32.485,32.97,0.026944444444444413,0.00081457843466577,33.077777777777776,33.13166666666667,5,support,4418,4436,32.485,32.97,0.026944444444444413,0.00081457843466577,33.077777777777776,33.13166666666667,5,4418,4436,32.485,32.97,0.026944444444444413,5,0,"[{""start_idx"":4442,""end_idx"":4469,""kind"":""support"",""anchor1_idx"":4418,""anchor2_idx"":4436,""anchor1_price"":32.485,""anchor2_price"":32.97,""slope"":0.026944444444444413,""touch_count"":5}]",2.8653931585961896,-0.47978676143936155
84,XAG,240,12,3,0.0006,0.25,0.0,0.25,0.15,0.035,False,stop_confirm,2,6,2025-08-04 17:25:00+00:00,2025-08-04 13:25:00-04:00,2025-08-05 19:55:00+00:00,2025-08-18 17:25:00+00:00,2025-08-05 15:55:00-04:00,2025-08-18 13:25:00-04:00,4474,2025-08-05,2025-08-18,Tuesday,break,long,4,16,34.41,34.51,33.076218749999995,,4477,4494,4476,34.41,3,1.3337812500000013,0.03876144289450745,0.0029061319383900663,0.07497481314870885,safety_break,17,8.5,resistance,4458,4466,35.91,34.775,-0.14187499999999975,-0.0042174494649227035,33.64,33.214375000000004,4,support,4438,4470,32.96,33.105,0.004531249999999876,0.00013680019623751915,33.123124999999995,33.13671874999999,2,4470,4486,33.105,34.11,0.06281250000000016,3,1,"[{""start_idx"":4477,""end_idx"":4491,""kind"":""support"",""anchor1_idx"":4438,""anchor2_idx"":4470,""anchor1_price"":32.96,""anchor2_price"":33.105,""slope"":0.004531249999999876,""touch_count"":2},{""start_idx"":4492,""end_idx"":4494,""kind"":""support"",""anchor1_idx"":4470,""anchor2_idx"":4486,""anchor1_price"":33.105,""anchor2_price"":34.11,""slope"":0.06281250000000016,""touch_count"":3}]",0.4685925821794237,-0.22492443944612123
85,XAG,240,12,3,0.0006,0.25,0.0,0.25,0.15,0.035,False,stop_confirm,2,6,2025-09-09 19:55:00+00:00,2025-09-09 15:55:00-04:00,2025-09-12 17:25:00+00:00,2025-09-17 19:55:00+00:00,2025-09-12 13:25:00-04:00,2025-09-17 15:55:00-04:00,4527,2025-09-12,2025-09-17,Friday,bounce,long,3,12,37.915,37.795,37.365272727272725,,4532,4539,4530,37.915,5,0.5497272727272744,0.01449893901430237,-0.0031649742845838436,-0.21829006118736033,safety_break,7,3.5,support,4515,4526,36.195,37.015,0.07454545454545457,0.002009877814135324,37.08954545454546,37.462272727272726,3,support,4515,4526,36.195,37.015,0.07454545454545457,0.002009877814135324,37.08954545454546,37.462272727272726,3,4515,4526,36.195,37.015,0.07454545454545457,3,0,"[{""start_idx"":4532,""end_idx"":4539,""kind"":""support"",""anchor1_idx"":4515,""anchor2_idx"":4526,""anchor1_price"":36.195,""anchor2_price"":37.015,""slope"":0.07454545454545457,""touch_count"":3}]",1.9828013891185714,-1.0277823714238392
86,XAG,240,12,3,0.0006,0.25,0.0,0.25,0.15,0.035,False,stop_confirm,2,6,2025-09-18 17:25:00+00:00,2025-09-18 13:25:00-04:00,2025-09-19 17:25:00+00:00,2026-03-23 19:55:00+00:00,2025-09-19 13:25:00-04:00,2026-03-23 15:55:00-04:00,4540,2025-09-19,2026-03-23,Friday,bounce,long,3,20,37.995,62.47,37.87608333333334,,4542,4805,4541,37.995,2,0.11891666666665657,0.0031297977804094373,0.6441637057507568,205.81639803785913,end_of_data,263,131.5,support,4520,4526,36.635,37.015,0.06333333333333376,0.001670990721604162,37.90166666666667,38.02833333333334,3,support,4520,4526,36.635,37.015,0.06333333333333376,0.001670990721604162,37.90166666666667,38.02833333333334,3,4520,4526,36.635,37.015,0.06333333333333376,3,0,"[{""start_idx"":4542,""end_idx"":4805,""kind"":""support"",""anchor1_idx"":4520,""anchor2_idx"":4526,""anchor1_price"":36.635,""anchor2_price"":37.015,""slope"":0.06333333333333376,""touch_count"":3}]",604.1625788367717,0.0
