trade_id,asset,bar_minutes,recent_pivots,min_touches,slope_threshold,stop_buffer,take_profit_r,touch_tolerance,break_buffer,max_break_risk_pct,use_take_profit,entry_mode,confirmation_bars,entry_timeout_bars,min_volume_norm,setup_time_utc,setup_time_et,entry_time_utc,exit_time_utc,entry_time_et,exit_time_et,setup_bar_idx,entry_date_et,exit_date_et,entry_weekday,setup,side,touch_count,touch_age_bars,entry_price,exit_price,initial_stop,take_profit_price,entry_bar_idx,exit_bar_idx,confirmation_end_idx,entry_trigger_price,entry_wait_bars,confirmation_avg_volume_norm,entry_volume_norm,initial_risk,risk_pct_of_entry,return_pct,r_multiple,exit_reason,hold_bars,hold_days_est,action_kind,action_anchor1_idx,action_anchor2_idx,action_anchor1_price,action_anchor2_price,action_slope,action_slope_pct,action_line_setup,action_line_entry,action_touch_count,safety_kind,safety_anchor1_idx,safety_anchor2_idx,safety_anchor1_price,safety_anchor2_price,safety_slope,safety_slope_pct,safety_line_setup,safety_line_entry,safety_touch_count,final_safety_anchor1_idx,final_safety_anchor2_idx,final_safety_anchor1_price,final_safety_anchor2_price,final_safety_slope,final_safety_touch_count,safety_update_count,safety_path,mfe_r,mae_r
1,XAU,240,8,3,0.0002,0.25,0.0,0.25,0.15,0.035,False,stop_confirm,2,6,1.2,2017-01-19 18:25:00+00:00,2017-01-19 13:25:00-05:00,2017-01-23 18:25:00+00:00,2017-01-24 20:55:00+00:00,2017-01-23 13:25:00-05:00,2017-01-24 15:55:00-05:00,24,2017-01-23,2017-01-24,Monday,bounce,long,4,21,115.77,115.26,114.72722222222225,,28,31,27,115.77,4,1.6907103699262973,1.1091091665471238,1.0427777777777436,0.00900732294875826,-0.004405286343612258,-0.48907831646244737,safety_break,3,1.5,support,3,12,110.6,112.165,0.1738888888888902,0.0015219812013440226,114.2516666666667,114.94722222222225,4,support,3,12,110.6,112.165,0.1738888888888902,0.0015219812013440226,114.2516666666667,114.94722222222225,4,3,12,110.6,112.165,0.1738888888888902,4,0,"[{""start_idx"":28,""end_idx"":31,""kind"":""support"",""anchor1_idx"":3,""anchor2_idx"":12,""anchor1_price"":110.6,""anchor2_price"":112.165,""slope"":0.1738888888888902,""touch_count"":4}]",0.23974427277571378,-0.795950985615368
2,XAU,240,8,3,0.0002,0.25,0.0,0.25,0.15,0.035,False,stop_confirm,2,6,1.2,2017-01-31 18:25:00+00:00,2017-01-31 13:25:00-05:00,2017-02-02 18:25:00+00:00,2017-02-13 18:25:00+00:00,2017-02-02 13:25:00-05:00,2017-02-13 13:25:00-05:00,40,2017-02-02,2017-02-13,Thursday,break,long,3,12,115.755,116.69,112.83652272727272,,44,58,42,115.755,4,1.5018373145810155,0.9049394500783274,2.918477272727273,0.025212537451749582,0.008077404863720883,0.32037254795075343,safety_break,14,7.0,resistance,28,38,116.17,114.3,-0.18700000000000044,-0.0016414163579867671,113.926,113.178,3,support,12,34,112.165,112.83,0.030227272727272367,0.0002674710910004996,113.01136363636363,113.13227272727272,3,36,56,112.805,116.675,0.1934999999999995,3,1,"[{""start_idx"":44,""end_idx"":57,""kind"":""support"",""anchor1_idx"":12,""anchor2_idx"":34,""anchor1_price"":112.165,""anchor2_price"":112.83,""slope"":0.030227272727272367,""touch_count"":3},{""start_idx"":58,""end_idx"":58,""kind"":""support"",""anchor1_idx"":36,""anchor2_idx"":56,""anchor1_price"":112.805,""anchor2_price"":116.675,""slope"":0.1934999999999995,""touch_count"":3}]",0.9713969769415896,-0.015418999633994027
3,XAU,240,8,3,0.0002,0.25,0.0,0.25,0.15,0.035,False,stop_confirm,2,6,1.2,2017-02-15 20:55:00+00:00,2017-02-15 15:55:00-05:00,2017-02-17 18:25:00+00:00,2017-02-21 20:55:00+00:00,2017-02-17 13:25:00-05:00,2017-02-21 15:55:00-05:00,63,2017-02-17,2017-02-21,Friday,break,long,4,11,118.35,117.745,117.09766666666667,,66,71,64,118.35,3,1.2735295476524449,1.4926788863357023,1.2523333333333255,0.01058160822419371,-0.005111956062526346,-0.48309821666222535,safety_break,5,2.5,resistance,52,60,118.59,117.55,-0.13000000000000078,-0.0011095937179924956,117.16,116.77,4,support,34,58,112.83,116.15,0.13833333333333364,0.0011839383781470677,116.84166666666667,117.25666666666667,5,34,58,112.83,116.15,0.13833333333333364,5,0,"[{""start_idx"":66,""end_idx"":71,""kind"":""support"",""anchor1_idx"":34,""anchor2_idx"":58,""anchor1_price"":112.83,""anchor2_price"":116.15,""slope"":0.13833333333333364,""touch_count"":5}]",0.0,-1.2696300239552827
4,XAU,240,8,3,0.0002,0.25,0.0,0.25,0.15,0.035,False,stop_confirm,2,6,1.2,2017-03-06 20:55:00+00:00,2017-03-06 15:55:00-05:00,2017-03-09 20:55:00+00:00,2017-03-14 17:25:00+00:00,2017-03-09 15:55:00-05:00,2017-03-14 13:25:00-04:00,89,2017-03-09,2017-03-14,Thursday,break,short,3,29,114.41,114.57,115.88349999999998,,95,100,94,114.41,6,1.2337375608259689,0.5923868361090884,1.4734999999999872,0.012879118958132919,-0.001398479153920107,-0.10858500169663929,safety_break,5,2.5,support,60,70,116.385,116.76,0.0375,0.0003192236480878503,117.47250000000001,117.6975,3,resistance,78,80,120.4,119.855,-0.27250000000000085,-0.0023210749345201408,117.4025,115.76749999999998,4,78,80,120.4,119.855,-0.27250000000000085,4,0,"[{""start_idx"":95,""end_idx"":100,""kind"":""resistance"",""anchor1_idx"":78,""anchor2_idx"":80,""anchor1_price"":120.4,""anchor2_price"":119.855,""slope"":-0.27250000000000085,""touch_count"":4}]",0.19341703427214052,-0.41058703766542876
5,XAU,240,8,3,0.0002,0.25,0.0,0.25,0.15,0.035,False,stop_confirm,2,6,1.2,2017-04-05 17:25:00+00:00,2017-04-05 13:25:00-04:00,2017-04-10 17:25:00+00:00,2017-04-11 17:25:00+00:00,2017-04-10 13:25:00-04:00,2017-04-11 13:25:00-04:00,132,2017-04-10,2017-04-11,Monday,break,short,3,27,119.135,120.97,119.74258333333333,,138,140,137,119.135,6,1.6908205346381204,0.9663222453645596,0.6075833333333236,0.0050999566318321535,-0.015402694422294028,-3.020161843368575,safety_break,2,1.0,support,105,128,116.69,118.67,0.0860869565217393,0.0007233325905170381,119.01434782608696,119.5308695652174,3,resistance,118,130,120.08,119.77,-0.025833333333333524,-0.00021578427141485034,119.71833333333333,119.56333333333333,3,118,130,120.08,119.77,-0.025833333333333524,3,0,"[{""start_idx"":138,""end_idx"":140,""kind"":""resistance"",""anchor1_idx"":118,""anchor2_idx"":130,""anchor1_price"":120.08,""anchor2_price"":119.77,""slope"":-0.025833333333333524,""touch_count"":3}]",0.07406391441503622,-3.5221505966260347
6,XAU,240,8,3,0.0002,0.25,0.0,0.25,0.15,0.035,False,stop_confirm,2,6,1.2,2017-05-01 17:25:00+00:00,2017-05-01 13:25:00-04:00,2017-05-04 17:25:00+00:00,2017-05-17 17:25:00+00:00,2017-05-04 13:25:00-04:00,2017-05-17 13:25:00-04:00,168,2017-05-04,2017-05-17,Thursday,bounce,short,4,20,117.945,119.75,120.12142105263158,,174,192,173,117.945,6,1.728880910791803,1.4640398250802096,2.176421052631582,0.018452847112057164,-0.015303743270168368,-0.8293431998452331,safety_break,18,9.0,resistance,148,167,123.08,120.755,-0.12236842105263172,-0.001014389054196736,120.63263157894737,119.89842105263158,4,resistance,148,167,123.08,120.755,-0.12236842105263172,-0.001014389054196736,120.63263157894737,119.89842105263158,4,148,167,123.08,120.755,-0.12236842105263172,4,0,"[{""start_idx"":174,""end_idx"":192,""kind"":""resistance"",""anchor1_idx"":148,""anchor2_idx"":167,""anchor1_price"":123.08,""anchor2_price"":120.755,""slope"":-0.12236842105263172,""touch_count"":4}]",1.1004304507641676,-0.9143451344554101
7,XAU,240,8,3,0.0002,0.25,0.0,0.25,0.15,0.035,False,stop_confirm,2,6,1.2,2017-05-17 19:55:00+00:00,2017-05-17 15:55:00-04:00,2017-05-22 19:55:00+00:00,2017-05-25 19:55:00+00:00,2017-05-22 15:55:00-04:00,2017-05-25 15:55:00-04:00,193,2017-05-22,2017-05-25,Monday,break,long,3,22,120.05,119.51,118.64025000000001,,199,205,198,120.05,6,1.453979097848289,1.8092645304546044,1.4097499999999883,0.011743023740108192,-0.004498125780924567,-0.3830466394750818,safety_break,6,3.0,resistance,171,188,119.65,117.535,-0.12441176470588289,-0.0010641402350668216,116.91294117647058,116.16647058823528,3,support,181,189,115.55,116.98,0.17875000000000085,0.0015187561068864509,117.69500000000001,118.76750000000001,3,181,189,115.55,116.98,0.17875000000000085,3,0,"[{""start_idx"":199,""end_idx"":205,""kind"":""support"",""anchor1_idx"":181,""anchor2_idx"":189,""anchor1_price"":115.55,""anchor2_price"":116.98,""slope"":0.17875000000000085,""touch_count"":3}]",0.10285511615534472,-0.8015605603830501
8,XAU,240,8,3,0.0002,0.25,0.0,0.25,0.15,0.035,False,stop_confirm,2,6,1.2,2017-06-01 19:55:00+00:00,2017-06-01 15:55:00-04:00,2017-06-05 17:30:00+00:00,2017-06-08 17:25:00+00:00,2017-06-05 13:30:00-04:00,2017-06-08 13:25:00-04:00,215,2017-06-05,2017-06-08,Monday,bounce,long,4,34,121.71,121.44,121.02403448275862,,218,224,216,121.71,3,1.400739285998195,0.0,0.685965517241371,0.005636065378698308,-0.0022183879714073873,-0.39360579098175136,safety_break,6,3.0,support,181,210,115.55,119.94,0.1513793103448276,0.001254210461658015,120.69689655172414,121.15103448275862,4,support,181,210,115.55,119.94,0.1513793103448276,0.001254210461658015,120.69689655172414,121.15103448275862,4,181,210,115.55,119.94,0.1513793103448276,4,0,"[{""start_idx"":218,""end_idx"":224,""kind"":""support"",""anchor1_idx"":181,""anchor2_idx"":210,""anchor1_price"":115.55,""anchor2_price"":119.94,""slope"":0.1513793103448276,""touch_count"":4}]",2.3470567536319584,-1.01317046197155
9,XAU,240,8,3,0.0002,0.25,0.0,0.25,0.15,0.035,False,stop_confirm,2,6,1.2,2017-06-15 17:25:00+00:00,2017-06-15 13:25:00-04:00,2017-06-19 19:55:00+00:00,2017-06-23 17:25:00+00:00,2017-06-19 15:55:00-04:00,2017-06-23 13:25:00-04:00,234,2017-06-19,2017-06-23,Monday,break,short,4,39,118.43,119.39,121.24192307692307,,239,246,238,118.43,5,1.73538066616579,1.010001141836207,2.8119230769230654,0.023743334264317024,-0.00810605420923749,-0.34140336479277716,safety_break,7,3.5,support,195,228,118.55,120.26,0.05181818181818206,0.0004297735018246544,120.5709090909091,120.83000000000001,4,resistance,220,233,123.32,121.84,-0.11384615384615306,-0.0009352645281969551,121.72615384615385,121.15692307692308,2,233,244,121.84,119.205,-0.239545454545455,2,1,"[{""start_idx"":239,""end_idx"":245,""kind"":""resistance"",""anchor1_idx"":220,""anchor2_idx"":233,""anchor1_price"":123.32,""anchor2_price"":121.84,""slope"":-0.11384615384615306,""touch_count"":2},{""start_idx"":246,""end_idx"":246,""kind"":""resistance"",""anchor1_idx"":233,""anchor2_idx"":244,""anchor1_price"":121.84,""anchor2_price"":119.205,""slope"":-0.239545454545455,""touch_count"":2}]",0.1298044043222579,-0.4338667760908234
10,XAU,240,8,3,0.0002,0.25,0.0,0.25,0.15,0.035,False,stop_confirm,2,6,1.2,2017-06-30 19:55:00+00:00,2017-06-30 15:55:00-04:00,2017-07-05 17:25:00+00:00,2017-07-12 19:55:00+00:00,2017-07-05 13:25:00-04:00,2017-07-12 15:55:00-04:00,257,2017-07-05,2017-07-12,Wednesday,bounce,short,3,37,115.96,116.015,117.52353846153848,,262,273,258,115.96,5,3.6164182343284796,1.809889664297757,1.563538461538485,0.013483429299228054,-0.00047430148327021193,-0.03517662107645764,safety_break,11,5.5,resistance,220,246,123.32,119.65,-0.14115384615384569,-0.0011952333961889273,118.09730769230771,117.39153846153847,3,resistance,220,246,123.32,119.65,-0.14115384615384569,-0.0011952333961889273,118.09730769230771,117.39153846153847,3,220,246,123.32,119.65,-0.14115384615384569,3,0,"[{""start_idx"":262,""end_idx"":273,""kind"":""resistance"",""anchor1_idx"":220,""anchor2_idx"":246,""anchor1_price"":123.32,""anchor2_price"":119.65,""slope"":-0.14115384615384569,""touch_count"":3}]",0.7355111679621994,-0.4604939486372148
11,XAU,240,8,3,0.0002,0.25,0.0,0.25,0.15,0.035,False,stop_confirm,2,6,1.2,2018-05-14 19:55:00+00:00,2018-05-14 15:55:00-04:00,2018-05-15 19:55:00+00:00,2018-05-29 19:55:00+00:00,2018-05-15 15:55:00-04:00,2018-05-29 15:55:00-04:00,707,2018-05-15,2018-05-29,Tuesday,break,short,3,19,122.23,123.235,125.77520454545454,,709,729,708,122.23,2,7.658466355240521,8.280610294373197,3.5452045454545384,0.029004373275419604,-0.008222204041560932,-0.2834815275436081,safety_break,20,10.0,support,688,701,123.415,124.25,0.06423076923076874,0.000515349388369764,124.63538461538461,124.76384615384615,3,resistance,682,704,125.545,125.58,0.001590909090908936,1.2668009475669855e-05,125.58477272727272,125.58795454545454,3,704,722,125.58,123.82,-0.09777777777777806,2,1,"[{""start_idx"":709,""end_idx"":723,""kind"":""resistance"",""anchor1_idx"":682,""anchor2_idx"":704,""anchor1_price"":125.545,""anchor2_price"":125.58,""slope"":0.001590909090908936,""touch_count"":3},{""start_idx"":724,""end_idx"":729,""kind"":""resistance"",""anchor1_idx"":704,""anchor2_idx"":722,""anchor1_price"":125.58,""anchor2_price"":123.82,""slope"":-0.09777777777777806,""touch_count"":2}]",0.07051779292129587,-0.4484931629794387
12,XAU,240,8,3,0.0002,0.25,0.0,0.25,0.15,0.035,False,stop_confirm,2,6,1.2,2018-06-29 19:55:00+00:00,2018-06-29 15:55:00-04:00,2018-07-02 19:55:00+00:00,2018-07-03 17:25:00+00:00,2018-07-02 15:55:00-04:00,2018-07-03 13:25:00-04:00,775,2018-07-02,2018-07-03,Monday,bounce,short,3,19,117.43,118.65,118.65925000000001,,777,778,776,117.43,2,1.4415841236453828,5.156409279715586,1.2292500000000075,0.010467938346248892,-0.010389168014987682,-0.992475086434811,safety_break,1,0.5,resistance,756,774,121.42,118.93,-0.13833333333333306,-0.001164503682918272,118.79166666666667,118.51500000000001,3,resistance,756,774,121.42,118.93,-0.13833333333333306,-0.001164503682918272,118.79166666666667,118.51500000000001,3,756,774,121.42,118.93,-0.13833333333333306,3,0,"[{""start_idx"":777,""end_idx"":778,""kind"":""resistance"",""anchor1_idx"":756,""anchor2_idx"":774,""anchor1_price"":121.42,""anchor2_price"":118.93,""slope"":-0.13833333333333306,""touch_count"":3}]",0.0,-1.334146837502523
13,XAU,240,8,3,0.0002,0.25,0.0,0.25,0.15,0.035,False,stop_confirm,2,6,1.2,2018-08-01 17:25:00+00:00,2018-08-01 13:25:00-04:00,2018-08-02 17:25:00+00:00,2018-08-08 17:25:00+00:00,2018-08-02 13:25:00-04:00,2018-08-08 13:25:00-04:00,820,2018-08-02,2018-08-08,Thursday,bounce,short,3,28,115.135,114.87,115.64502272727273,,822,830,821,115.135,2,3.918096990158946,1.1753383124017747,0.5100227272727267,0.004429780060561312,0.0023016458939505435,0.5195846887393627,safety_break,8,4.0,resistance,792,814,118.25,116.235,-0.09159090909090911,-0.0007917236393355024,115.68545454545455,115.50227272727273,3,resistance,792,814,118.25,116.235,-0.09159090909090911,-0.0007917236393355024,115.68545454545455,115.50227272727273,3,792,814,118.25,116.235,-0.09159090909090911,3,0,"[{""start_idx"":822,""end_idx"":830,""kind"":""resistance"",""anchor1_idx"":792,""anchor2_idx"":814,""anchor1_price"":118.25,""anchor2_price"":116.235,""slope"":-0.09159090909090911,""touch_count"":3}]",1.6175749743772634,-0.7352613519896626
14,XAU,240,8,3,0.0002,0.25,0.0,0.25,0.15,0.035,False,stop_confirm,2,6,1.2,2018-08-09 17:25:00+00:00,2018-08-09 13:25:00-04:00,2018-08-13 17:25:00+00:00,2018-08-27 17:25:00+00:00,2018-08-13 13:25:00-04:00,2018-08-27 13:25:00-04:00,832,2018-08-13,2018-08-27,Monday,bounce,short,5,24,114.61,114.51,115.13674999999999,,836,856,834,114.61,4,1.605323593783215,2.587340068902319,0.5267499999999927,0.0045960212895907225,0.0008725242125467991,0.1898433792121418,safety_break,20,10.0,resistance,808,816,116.43,116.015,-0.05187500000000078,-0.00045036246038981454,115.18499999999999,114.97749999999999,5,resistance,808,816,116.43,116.015,-0.05187500000000078,-0.00045036246038981454,115.18499999999999,114.97749999999999,5,808,816,116.43,116.015,-0.05187500000000078,5,0,"[{""start_idx"":836,""end_idx"":856,""kind"":""resistance"",""anchor1_idx"":808,""anchor2_idx"":816,""anchor1_price"":116.43,""anchor2_price"":116.015,""slope"":-0.05187500000000078,""touch_count"":5}]",6.739439962031412,-0.33222591362126164
15,XAU,240,8,3,0.0002,0.25,0.0,0.25,0.15,0.035,False,stop_confirm,2,6,1.2,2018-09-10 19:55:00+00:00,2018-09-10 15:55:00-04:00,2018-09-13 17:25:00+00:00,2018-09-14 17:25:00+00:00,2018-09-13 13:25:00-04:00,2018-09-14 13:25:00-04:00,877,2018-09-13,2018-09-14,Thursday,bounce,long,4,32,114.39,113.185,113.14064130434782,,882,884,881,114.39,5,1.5495061219509494,0.5866406043057699,1.2493586956521767,0.01092192233282784,-0.01053413759944044,-0.964494827781206,safety_break,2,1.0,support,845,868,111.4,112.595,0.05195652173913014,0.0004595376167110155,113.06260869565217,113.32239130434782,4,support,845,868,111.4,112.595,0.05195652173913014,0.0004595376167110155,113.06260869565217,113.32239130434782,4,845,868,111.4,112.595,0.05195652173913014,4,0,"[{""start_idx"":882,""end_idx"":884,""kind"":""support"",""anchor1_idx"":845,""anchor2_idx"":868,""anchor1_price"":111.4,""anchor2_price"":112.595,""slope"":0.05195652173913014,""touch_count"":4}]",0.0,-1.1926118617377544
16,XAU,240,8,3,0.0002,0.25,0.0,0.25,0.15,0.035,False,stop_confirm,2,6,1.2,2018-10-03 17:25:00+00:00,2018-10-03 13:25:00-04:00,2018-10-04 19:55:00+00:00,2018-10-05 17:25:00+00:00,2018-10-04 15:55:00-04:00,2018-10-05 13:25:00-04:00,910,2018-10-04,2018-10-05,Thursday,bounce,short,3,20,113.255,113.71,113.58649999999997,,913,914,911,113.255,3,1.2762051364045732,0.5171959375774089,0.33149999999997704,0.00292702308948812,-0.0040174826718466505,-1.372549019607933,safety_break,1,0.5,resistance,890,896,114.15,113.97,-0.030000000000001137,-0.0002642007926023879,113.54999999999998,113.45999999999998,3,resistance,890,896,114.15,113.97,-0.030000000000001137,-0.0002642007926023879,113.54999999999998,113.45999999999998,3,890,896,114.15,113.97,-0.030000000000001137,3,0,"[{""start_idx"":913,""end_idx"":914,""kind"":""resistance"",""anchor1_idx"":890,""anchor2_idx"":896,""anchor1_price"":114.15,""anchor2_price"":113.97,""slope"":-0.030000000000001137,""touch_count"":3}]",0.0,-2.5490196078433103
17,XAU,240,8,3,0.0002,0.25,0.0,0.25,0.15,0.035,False,stop_confirm,2,6,1.2,2018-11-07 18:25:00+00:00,2018-11-07 13:25:00-05:00,2018-11-12 18:25:00+00:00,2018-11-16 18:25:00+00:00,2018-11-12 13:25:00-05:00,2018-11-16 13:25:00-05:00,960,2018-11-12,2018-11-16,Monday,bounce,short,3,16,114.145,115.625,116.04967857142857,,966,974,964,114.145,6,2.350568695229483,1.339695799166113,1.904678571428576,0.01668648273186365,-0.01296596434359798,-0.7770339952372918,safety_break,8,4.0,resistance,944,958,117.655,116.52,-0.08107142857142893,-0.0006967421931111565,116.35785714285714,115.87142857142857,3,resistance,944,958,117.655,116.52,-0.08107142857142893,-0.0006967421931111565,116.35785714285714,115.87142857142857,3,944,958,117.655,116.52,-0.08107142857142893,3,0,"[{""start_idx"":966,""end_idx"":974,""kind"":""resistance"",""anchor1_idx"":944,""anchor2_idx"":958,""anchor1_price"":117.655,""anchor2_price"":116.52,""slope"":-0.08107142857142893,""touch_count"":3}]",0.3858918827698699,-0.9109148525247954
18,XAU,240,8,3,0.0002,0.25,0.0,0.25,0.15,0.035,False,stop_confirm,2,6,1.2,2018-11-19 20:55:00+00:00,2018-11-19 15:55:00-05:00,2018-11-20 20:55:00+00:00,2018-11-21 18:25:00+00:00,2018-11-20 15:55:00-05:00,2018-11-21 13:25:00-05:00,977,2018-11-20,2018-11-21,Tuesday,bounce,short,3,19,115.385,116.1,115.76575,,979,980,978,115.385,2,1.4436246826040717,1.1289700735528063,0.38074999999999193,0.0032998223339254836,-0.006196646011179974,-1.8778726198292957,safety_break,1,0.5,resistance,958,974,116.52,115.88,-0.040000000000000036,-0.0003455425017277128,115.75999999999999,115.67999999999999,3,resistance,958,974,116.52,115.88,-0.040000000000000036,-0.0003455425017277128,115.75999999999999,115.67999999999999,3,958,974,116.52,115.88,-0.040000000000000036,3,0,"[{""start_idx"":979,""end_idx"":980,""kind"":""resistance"",""anchor1_idx"":958,""anchor2_idx"":974,""anchor1_price"":116.52,""anchor2_price"":115.88,""slope"":-0.040000000000000036,""touch_count"":3}]",0.0,-2.5476034143139055
19,XAU,240,8,3,0.0002,0.25,0.0,0.25,0.15,0.035,False,stop_confirm,2,6,1.2,2018-11-27 20:55:00+00:00,2018-11-27 15:55:00-05:00,2018-11-29 18:25:00+00:00,2019-03-01 20:55:00+00:00,2018-11-29 13:25:00-05:00,2019-03-01 15:55:00-05:00,989,2018-11-29,2019-03-01,Thursday,bounce,long,3,21,116.05,121.87,114.634,,992,1125,990,116.05,3,1.659234188498674,0.8971189502709899,1.4159999999999968,0.012201637225333881,0.0501507970702284,4.110169491525438,safety_break,133,66.5,support,968,988,113.41,114.595,0.059250000000000115,0.000516771074774813,114.65425,114.832,3,support,968,988,113.41,114.595,0.059250000000000115,0.000516771074774813,114.65425,114.832,3,968,988,113.41,114.595,0.059250000000000115,3,0,"[{""start_idx"":992,""end_idx"":1125,""kind"":""support"",""anchor1_idx"":968,""anchor2_idx"":988,""anchor1_price"":113.41,""anchor2_price"":114.595,""slope"":0.059250000000000115,""touch_count"":3}]",7.8884180790960645,-0.7062146892655383
20,XAU,240,8,3,0.0002,0.25,0.0,0.25,0.15,0.035,False,stop_confirm,2,6,1.2,2019-03-12 17:25:00+00:00,2019-03-12 13:25:00-04:00,2019-03-13 19:55:00+00:00,2019-03-20 17:25:00+00:00,2019-03-13 15:55:00-04:00,2019-03-20 13:25:00-04:00,1138,2019-03-13,2019-03-20,Wednesday,break,long,4,28,123.7,122.95,121.35825000000001,,1141,1150,1140,123.7,3,1.3784965131265763,2.5268429972158333,2.3417499999999905,0.01893088116410663,-0.006063055780113125,-0.32027329988256775,safety_break,9,4.5,resistance,1110,1119,127.22,125.615,-0.1783333333333338,-0.0014590378531689795,122.22666666666666,121.69166666666665,4,support,1126,1130,121.185,121.26,0.01875000000000071,0.00015443538423524182,121.41000000000001,121.46625000000002,4,1128,1146,121.03,122.88,0.10277777777777747,4,2,"[{""start_idx"":1141,""end_idx"":1143,""kind"":""support"",""anchor1_idx"":1126,""anchor2_idx"":1130,""anchor1_price"":121.185,""anchor2_price"":121.26,""slope"":0.01875000000000071,""touch_count"":4},{""start_idx"":1144,""end_idx"":1147,""kind"":""support"",""anchor1_idx"":1128,""anchor2_idx"":1142,""anchor1_price"":121.03,""anchor2_price"":122.12,""slope"":0.0778571428571431,""touch_count"":4},{""start_idx"":1148,""end_idx"":1150,""kind"":""support"",""anchor1_idx"":1128,""anchor2_idx"":1146,""anchor1_price"":121.03,""anchor2_price"":122.88,""slope"":0.10277777777777747,""touch_count"":4}]",0.03843279598590959,-0.6747090850859421
21,XAU,240,8,3,0.0002,0.25,0.0,0.25,0.15,0.035,False,stop_confirm,2,6,1.2,2019-05-30 17:25:00+00:00,2019-05-30 13:25:00-04:00,2019-05-31 17:25:00+00:00,2019-11-11 20:55:00+00:00,2019-05-31 13:25:00-04:00,2019-11-11 15:55:00-05:00,1252,2019-05-31,2019-11-11,Friday,bounce,long,3,14,121.69,137.055,120.7725,,1254,1487,1253,121.69,2,3.8153688661840284,6.019011816538365,0.917500000000004,0.007539649930150415,0.12626345632344482,16.746594005449527,safety_break,233,116.5,support,1238,1251,119.83,120.74,0.06999999999999974,0.0005794222332588341,120.80999999999999,120.94999999999999,3,support,1238,1251,119.83,120.74,0.06999999999999974,0.0005794222332588341,120.80999999999999,120.94999999999999,3,1238,1251,119.83,120.74,0.06999999999999974,3,0,"[{""start_idx"":1254,""end_idx"":1487,""kind"":""support"",""anchor1_idx"":1238,""anchor2_idx"":1251,""anchor1_price"":119.83,""anchor2_price"":120.74,""slope"":0.06999999999999974,""touch_count"":3}]",27.384196185285983,0.0
22,XAU,240,8,3,0.0002,0.25,0.0,0.25,0.15,0.035,False,stop_confirm,2,6,1.2,2019-12-09 20:55:00+00:00,2019-12-09 15:55:00-05:00,2019-12-12 18:25:00+00:00,2020-03-16 17:25:00+00:00,2019-12-12 13:25:00-05:00,2020-03-16 13:25:00-04:00,1527,2019-12-12,2020-03-16,Thursday,bounce,long,3,17,139.29,139.79,137.47528571428572,,1532,1666,1531,139.29,5,1.594704033754426,1.7401551991722712,1.814714285714274,0.013028317077423175,0.0035896331394931202,0.27552546642525566,safety_break,134,67.0,support,1510,1524,136.845,137.395,0.0392857142857151,0.00028568757207118883,137.51285714285714,137.70928571428573,3,support,1510,1524,136.845,137.395,0.0392857142857151,0.00028568757207118883,137.51285714285714,137.70928571428573,3,1510,1524,136.845,137.395,0.0392857142857151,3,0,"[{""start_idx"":1532,""end_idx"":1666,""kind"":""support"",""anchor1_idx"":1510,""anchor2_idx"":1524,""anchor1_price"":136.845,""anchor2_price"":137.395,""slope"":0.0392857142857151,""touch_count"":3}]",10.993466110367711,-1.5539636306384381
23,XAU,240,8,3,0.0002,0.25,0.0,0.25,0.15,0.035,False,stop_confirm,2,6,1.2,2020-04-21 19:55:00+00:00,2020-04-21 15:55:00-04:00,2020-04-23 17:25:00+00:00,2020-05-06 17:25:00+00:00,2020-04-23 13:25:00-04:00,2020-05-06 13:25:00-04:00,1719,2020-04-23,2020-05-06,Thursday,bounce,long,3,20,161.745,158.595,157.06799999999998,,1722,1740,1721,161.745,3,1.3673429958382168,0.9028911575040877,4.677000000000021,0.028915886117036205,-0.019475099693962772,-0.6735086593970476,safety_break,18,9.0,support,1699,1718,154.66,157.035,0.125,0.0007953677780605752,157.16,157.535,3,support,1699,1718,154.66,157.035,0.125,0.0007953677780605752,157.16,157.535,3,1699,1718,154.66,157.035,0.125,3,0,"[{""start_idx"":1722,""end_idx"":1740,""kind"":""support"",""anchor1_idx"":1699,""anchor2_idx"":1718,""anchor1_price"":154.66,""anchor2_price"":157.035,""slope"":0.125,""touch_count"":3}]",0.3335471456061568,-0.84669660038486
24,XAU,240,8,3,0.0002,0.25,0.0,0.25,0.15,0.035,False,stop_confirm,2,6,1.2,2020-05-12 19:55:00+00:00,2020-05-12 15:55:00-04:00,2020-05-15 17:25:00+00:00,2020-05-26 17:25:00+00:00,2020-05-15 13:25:00-04:00,2020-05-26 13:25:00-04:00,1749,2020-05-15,2020-05-26,Friday,break,long,5,27,163.33,160.945,159.05299999999997,,1754,1768,1752,163.33,5,1.3944977258302123,0.7447858708193095,4.277000000000044,0.026186248698953304,-0.014602338823241356,-0.5576338555061947,safety_break,14,7.0,resistance,1722,1739,163.55,161.1,-0.14411764705882454,-0.0009026600840026591,159.65882352941176,158.93823529411762,5,support,1728,1738,159.34,159.345,0.0004999999999995453,3.1377372521551257e-06,159.35049999999998,159.35299999999998,4,1740,1762,158.25,161.64,0.15409090909090847,4,1,"[{""start_idx"":1754,""end_idx"":1763,""kind"":""support"",""anchor1_idx"":1728,""anchor2_idx"":1738,""anchor1_price"":159.34,""anchor2_price"":159.345,""slope"":0.0004999999999995453,""touch_count"":4},{""start_idx"":1764,""end_idx"":1768,""kind"":""support"",""anchor1_idx"":1740,""anchor2_idx"":1762,""anchor1_price"":158.25,""anchor2_price"":161.64,""slope"":0.15409090909090847,""touch_count"":4}]",0.35538929155949645,-0.6008884732288977
25,XAU,240,8,3,0.0002,0.25,0.0,0.25,0.15,0.035,False,stop_confirm,2,6,1.2,2020-05-27 17:25:00+00:00,2020-05-27 13:25:00-04:00,2020-05-28 17:25:00+00:00,2020-06-03 17:25:00+00:00,2020-05-28 13:25:00-04:00,2020-06-03 13:25:00-04:00,1770,2020-05-28,2020-06-03,Thursday,bounce,long,3,38,161.325,159.875,160.3929285714285,,1772,1780,1771,161.325,2,1.2583902898465027,0.8204856233695498,0.9320714285714757,0.0057776006729984555,-0.008988067565473323,-1.5556747643496678,safety_break,8,4.0,support,1732,1746,158.235,159.1,0.0617857142857129,0.000384759091879573,160.5828571428571,160.70642857142852,3,support,1732,1746,158.235,159.1,0.0617857142857129,0.000384759091879573,160.5828571428571,160.70642857142852,3,1732,1746,158.235,159.1,0.0617857142857129,3,0,"[{""start_idx"":1772,""end_idx"":1780,""kind"":""support"",""anchor1_idx"":1732,""anchor2_idx"":1746,""anchor1_price"":158.235,""anchor2_price"":159.1,""slope"":0.0617857142857129,""touch_count"":3}]",2.9235956778295953,-2.6714690780901194
26,XAU,240,8,3,0.0002,0.25,0.0,0.25,0.15,0.035,False,stop_confirm,2,6,1.2,2020-07-01 19:55:00+00:00,2020-07-01 15:55:00-04:00,2020-07-06 17:25:00+00:00,2020-07-16 17:25:00+00:00,2020-07-06 13:25:00-04:00,2020-07-16 13:25:00-04:00,1821,2020-07-06,2020-07-16,Monday,bounce,long,3,19,167.255,169.17,166.77874999999997,,1826,1842,1822,167.255,5,1.3239653382486358,0.8273249521272167,0.4762500000000216,0.0028474485067712272,0.011449582972108407,4.020997375327885,safety_break,16,8.0,support,1802,1814,161.68,164.295,0.21791666666666507,0.0013141727119448908,165.82041666666663,166.90999999999997,3,support,1802,1814,161.68,164.295,0.21791666666666507,0.0013141727119448908,165.82041666666663,166.90999999999997,3,1802,1814,161.68,164.295,0.21791666666666507,3,0,"[{""start_idx"":1826,""end_idx"":1842,""kind"":""support"",""anchor1_idx"":1802,""anchor2_idx"":1814,""anchor1_price"":161.68,""anchor2_price"":164.295,""slope"":0.21791666666666507,""touch_count"":3}]",7.580052493438005,0.0
27,XAU,240,8,3,0.0002,0.25,0.0,0.25,0.15,0.035,False,stop_confirm,2,6,1.2,2020-07-17 17:25:00+00:00,2020-07-17 13:25:00-04:00,2020-07-20 17:25:00+00:00,2020-09-23 17:25:00+00:00,2020-07-20 13:25:00-04:00,2020-09-23 13:25:00-04:00,1844,2020-07-20,2020-09-23,Monday,bounce,long,3,10,170.265,175.12,169.30650000000003,,1846,1940,1845,170.265,2,1.3180389737730052,1.1533515511975567,0.9584999999999582,0.0056294599594746905,0.02851437465127904,5.065206051121784,safety_break,94,47.0,support,1834,1838,168.575,168.9,0.08125000000000426,0.00047966939709249057,169.38750000000005,169.55000000000004,3,support,1834,1838,168.575,168.9,0.08125000000000426,0.00047966939709249057,169.38750000000005,169.55000000000004,3,1834,1838,168.575,168.9,0.08125000000000426,3,0,"[{""start_idx"":1846,""end_idx"":1940,""kind"":""support"",""anchor1_idx"":1834,""anchor2_idx"":1838,""anchor1_price"":168.575,""anchor2_price"":168.9,""slope"":0.08125000000000426,""touch_count"":3}]",25.221700573814363,0.0
28,XAU,240,8,3,0.0002,0.25,0.0,0.25,0.15,0.035,False,stop_confirm,2,6,1.2,2020-10-23 17:25:00+00:00,2020-10-23 13:25:00-04:00,2020-10-28 17:25:00+00:00,2020-11-02 18:25:00+00:00,2020-10-28 13:25:00-04:00,2020-11-02 13:25:00-05:00,1984,2020-10-28,2020-11-02,Wednesday,break,short,5,24,178.215,177.575,181.70908333333335,,1990,1996,1987,178.215,6,1.7661958198673833,4.977890007927885,3.49408333333335,0.01960600024315209,0.0035911679712707922,0.18316678194090344,safety_break,6,3.0,support,1960,1974,176.42,178.175,0.12535714285714455,0.000698646496815296,179.42857142857144,180.18071428571432,5,resistance,1965,1980,181.165,181.305,0.00933333333333432,5.1468033755683e-05,181.34233333333336,181.39833333333334,2,1980,1994,181.305,177.365,-0.28142857142857125,2,1,"[{""start_idx"":1990,""end_idx"":1995,""kind"":""resistance"",""anchor1_idx"":1965,""anchor2_idx"":1980,""anchor1_price"":181.165,""anchor2_price"":181.305,""slope"":0.00933333333333432,""touch_count"":2},{""start_idx"":1996,""end_idx"":1996,""kind"":""resistance"",""anchor1_idx"":1980,""anchor2_idx"":1994,""anchor1_price"":181.305,""anchor2_price"":177.365,""slope"":-0.28142857142857125,""touch_count"":2}]",0.9644875861575487,0.0
29,XAU,240,8,3,0.0002,0.25,0.0,0.25,0.15,0.035,False,stop_confirm,2,6,1.2,2020-11-19 18:25:00+00:00,2020-11-19 13:25:00-05:00,2020-11-24 18:25:00+00:00,2020-12-07 18:25:00+00:00,2020-11-24 13:25:00-05:00,2020-12-07 13:25:00-05:00,2022,2020-11-24,2020-12-07,Tuesday,break,short,4,16,171.79,174.695,177.01574999999997,,2028,2046,2026,171.79,6,1.227717465001434,2.8525195317438246,5.225749999999977,0.030419407416031066,-0.01691018103498454,-0.5559010668325148,safety_break,18,9.0,support,2006,2015,173.67,176.825,0.3505555555555557,0.0019553643919157622,179.27888888888887,181.38222222222223,4,resistance,2014,2018,177.81,177.45,-0.09000000000000341,-0.0005082161612739479,177.08999999999997,176.54999999999995,3,2016,2044,177.92,173.275,-0.16589285714285648,4,1,"[{""start_idx"":2028,""end_idx"":2045,""kind"":""resistance"",""anchor1_idx"":2014,""anchor2_idx"":2018,""anchor1_price"":177.81,""anchor2_price"":177.45,""slope"":-0.09000000000000341,""touch_count"":3},{""start_idx"":2046,""end_idx"":2046,""kind"":""resistance"",""anchor1_idx"":2016,""anchor2_idx"":2044,""anchor1_price"":177.92,""anchor2_price"":173.275,""slope"":-0.16589285714285648,""touch_count"":4}]",1.0955365258575362,-0.6716739224034894
30,XAU,240,8,3,0.0002,0.25,0.0,0.25,0.15,0.035,False,stop_confirm,2,6,1.2,2021-01-29 18:25:00+00:00,2021-01-29 13:25:00-05:00,2021-02-02 18:25:00+00:00,2021-04-21 17:25:00+00:00,2021-02-02 13:25:00-05:00,2021-04-21 13:25:00-04:00,2124,2021-02-02,2021-04-21,Tuesday,bounce,short,4,13,172.63,167.93,174.83054545454544,,2128,2240,2125,172.63,4,3.42100401865899,0.2801182187046035,2.2005454545454484,0.01274717867430602,0.027225858773098466,2.1358340907213096,safety_break,112,56.0,resistance,2111,2122,175.475,174.75,-0.06590909090909039,-0.00037744689712619444,174.61818181818182,174.35454545454544,4,resistance,2111,2122,175.475,174.75,-0.06590909090909039,-0.00037744689712619444,174.61818181818182,174.35454545454544,4,2111,2122,175.475,174.75,-0.06590909090909039,4,0,"[{""start_idx"":2128,""end_idx"":2240,""kind"":""resistance"",""anchor1_idx"":2111,""anchor2_idx"":2122,""anchor1_price"":175.475,""anchor2_price"":174.75,""slope"":-0.06590909090909039,""touch_count"":4}]",7.04370817152774,-0.26357101545072115
31,XAU,240,8,3,0.0002,0.25,0.0,0.25,0.15,0.035,False,stop_confirm,2,6,1.2,2021-04-28 19:55:00+00:00,2021-04-28 15:55:00-04:00,2021-05-03 17:25:00+00:00,2021-05-24 19:55:00+00:00,2021-05-03 13:25:00-04:00,2021-05-24 15:55:00-04:00,2251,2021-05-03,2021-05-24,Monday,break,long,3,11,166.96,176.35,165.53199999999998,,2256,2287,2252,166.96,5,1.6980585117199243,2.215046320945586,1.4280000000000257,0.008552946813608204,0.05624101581217045,6.575630252100712,safety_break,31,15.5,resistance,2240,2248,168.395,167.15,-0.15562500000000057,-0.0009336578012921257,166.68312500000002,165.905,3,support,2236,2244,165.72,165.79,0.008749999999999147,5.2758119097680284e-05,165.85125,165.89499999999998,3,2258,2281,165.845,174.35,0.369782608695652,3,3,"[{""start_idx"":2256,""end_idx"":2271,""kind"":""support"",""anchor1_idx"":2236,""anchor2_idx"":2244,""anchor1_price"":165.72,""anchor2_price"":165.79,""slope"":0.008749999999999147,""touch_count"":3},{""start_idx"":2272,""end_idx"":2273,""kind"":""support"",""anchor1_idx"":2252,""anchor2_idx"":2258,""anchor1_price"":164.49,""anchor2_price"":165.845,""slope"":0.22583333333333164,""touch_count"":3},{""start_idx"":2274,""end_idx"":2282,""kind"":""support"",""anchor1_idx"":2252,""anchor2_idx"":2272,""anchor1_price"":164.49,""anchor2_price"":170.225,""slope"":0.2867499999999993,""touch_count"":4},{""start_idx"":2283,""end_idx"":2287,""kind"":""support"",""anchor1_idx"":2258,""anchor2_idx"":2281,""anchor1_price"":165.845,""anchor2_price"":174.35,""slope"":0.369782608695652,""touch_count"":3}]",7.027310924369619,-0.7808123249299643
32,XAU,240,8,3,0.0002,0.25,0.0,0.25,0.15,0.035,False,stop_confirm,2,6,1.2,2021-05-25 17:25:00+00:00,2021-05-25 13:25:00-04:00,2021-05-26 17:25:00+00:00,2021-05-27 17:25:00+00:00,2021-05-26 13:25:00-04:00,2021-05-27 13:25:00-04:00,2288,2021-05-26,2021-05-27,Wednesday,bounce,long,5,34,177.95,177.515,177.20299999999997,,2290,2292,2289,177.95,2,1.5639067888617912,0.841820933093861,0.7470000000000141,0.0041978083731386015,-0.0024445068839561435,-0.5823293172690683,safety_break,2,1.0,support,2254,2281,165.23,174.35,0.33777777777777795,0.0019114327571788771,176.71444444444444,177.39,5,support,2254,2281,165.23,174.35,0.33777777777777795,0.0019114327571788771,176.71444444444444,177.39,5,2254,2281,165.23,174.35,0.33777777777777795,5,0,"[{""start_idx"":2290,""end_idx"":2292,""kind"":""support"",""anchor1_idx"":2254,""anchor2_idx"":2281,""anchor1_price"":165.23,""anchor2_price"":174.35,""slope"":0.33777777777777795,""touch_count"":5}]",0.10709504685409772,-1.5127175368138877
33,XAU,240,8,3,0.0002,0.25,0.0,0.25,0.15,0.035,False,stop_confirm,2,6,1.2,2021-05-28 17:25:00+00:00,2021-05-28 13:25:00-04:00,2021-06-01 17:25:00+00:00,2021-06-01 19:55:00+00:00,2021-06-01 13:25:00-04:00,2021-06-01 15:55:00-04:00,2294,2021-06-01,2021-06-01,Tuesday,bounce,long,4,13,178.43,177.875,178.01702272727272,,2298,2299,2295,178.43,4,1.236608590852844,1.4096533778337177,0.41297727272728935,0.0023145058158789964,-0.0031104634870817716,-1.3438996202740254,safety_break,1,0.5,support,2281,2292,174.35,176.82,0.22454545454545444,0.0012666926501056427,177.2690909090909,178.16727272727272,4,support,2281,2292,174.35,176.82,0.22454545454545444,0.0012666926501056427,177.2690909090909,178.16727272727272,4,2281,2292,174.35,176.82,0.22454545454545444,4,0,"[{""start_idx"":2298,""end_idx"":2299,""kind"":""support"",""anchor1_idx"":2281,""anchor2_idx"":2292,""anchor1_price"":174.35,""anchor2_price"":176.82,""slope"":0.22454545454545444,""touch_count"":4}]",0.0,-1.489186065709059
34,XAU,240,8,3,0.0002,0.25,0.0,0.25,0.15,0.035,False,stop_confirm,2,6,1.2,2021-06-09 17:25:00+00:00,2021-06-09 13:25:00-04:00,2021-06-14 17:25:00+00:00,2021-11-05 17:25:00+00:00,2021-06-14 13:25:00-04:00,2021-11-05 13:25:00-04:00,2310,2021-06-14,2021-11-05,Monday,bounce,short,4,20,175.48,169.66,177.86286764705883,,2316,2524,2315,175.48,6,1.3390495518369412,0.778649469547568,2.382867647058845,0.013579140910980425,0.03316617278322309,2.4424352763291637,safety_break,208,104.0,resistance,2290,2307,178.61,177.9,-0.04176470588235341,-0.00023493053004960276,177.77470588235295,177.52411764705883,4,resistance,2290,2307,178.61,177.9,-0.04176470588235341,-0.00023493053004960276,177.77470588235295,177.52411764705883,4,2290,2307,178.61,177.9,-0.04176470588235341,4,0,"[{""start_idx"":2316,""end_idx"":2524,""kind"":""resistance"",""anchor1_idx"":2290,""anchor2_idx"":2307,""anchor1_price"":178.61,""anchor2_price"":177.9,""slope"":-0.04176470588235341,""touch_count"":4}]",6.2068071712900945,0.0
35,XAU,240,8,3,0.0002,0.25,0.0,0.25,0.15,0.035,False,stop_confirm,2,6,1.2,2021-11-15 18:25:00+00:00,2021-11-15 13:25:00-05:00,2021-11-16 20:55:00+00:00,2021-12-03 18:25:00+00:00,2021-11-16 15:55:00-05:00,2021-12-03 13:25:00-05:00,2536,2021-11-16,2021-12-03,Tuesday,break,short,3,16,173.01,166.61,174.888,,2539,2564,2538,173.01,3,1.2748293194165308,1.8087380461278826,1.8780000000000143,0.010854863880700621,0.03699208138257892,3.407880724174616,safety_break,25,12.5,support,2520,2531,164.395,172.085,0.6990909090909089,0.003981598697307889,175.58045454545456,177.67772727272728,3,resistance,2530,2535,174.65,174.68,0.006000000000000227,3.434734323300223e-05,174.686,174.704,3,2541,2560,174.61,167.46,-0.3763157894736845,2,3,"[{""start_idx"":2539,""end_idx"":2542,""kind"":""resistance"",""anchor1_idx"":2530,""anchor2_idx"":2535,""anchor1_price"":174.65,""anchor2_price"":174.68,""slope"":0.006000000000000227,""touch_count"":3},{""start_idx"":2543,""end_idx"":2545,""kind"":""resistance"",""anchor1_idx"":2535,""anchor2_idx"":2541,""anchor1_price"":174.68,""anchor2_price"":174.61,""slope"":-0.01166666666666553,""touch_count"":3},{""start_idx"":2546,""end_idx"":2561,""kind"":""resistance"",""anchor1_idx"":2535,""anchor2_idx"":2544,""anchor1_price"":174.68,""anchor2_price"":174.11,""slope"":-0.06333333333333258,""touch_count"":4},{""start_idx"":2562,""end_idx"":2564,""kind"":""resistance"",""anchor1_idx"":2541,""anchor2_idx"":2560,""anchor1_price"":174.61,""anchor2_price"":167.46,""slope"":-0.3763157894736845,""touch_count"":2}]",4.472843450479187,-0.8519701810436691
36,XAU,240,8,3,0.0002,0.25,0.0,0.25,0.15,0.035,False,stop_confirm,2,6,1.2,2021-12-16 18:25:00+00:00,2021-12-16 13:25:00-05:00,2021-12-17 18:25:00+00:00,2021-12-24 20:55:00+00:00,2021-12-17 13:25:00-05:00,2021-12-24 15:55:00-05:00,2582,2021-12-17,2021-12-24,Friday,break,long,5,22,168.125,168.97,164.80175000000003,,2584,2595,2583,168.125,2,1.6696752426113584,1.0638854567919183,3.323249999999973,0.01976654275092921,0.0050260223048326225,0.2542691642217726,safety_break,11,5.5,resistance,2560,2571,167.46,166.96,-0.045454545454545456,-0.000273065874411543,166.46,166.36909090909091,5,support,2558,2578,165.35,165.18,-0.008499999999999374,-5.146960870986505e-05,165.14600000000002,165.12900000000002,2,2581,2588,164.03,166.72,0.38428571428571395,3,1,"[{""start_idx"":2584,""end_idx"":2593,""kind"":""support"",""anchor1_idx"":2558,""anchor2_idx"":2578,""anchor1_price"":165.35,""anchor2_price"":165.18,""slope"":-0.008499999999999374,""touch_count"":2},{""start_idx"":2594,""end_idx"":2595,""kind"":""support"",""anchor1_idx"":2581,""anchor2_idx"":2588,""anchor1_price"":164.03,""anchor2_price"":166.72,""slope"":0.38428571428571395,""touch_count"":3}]",0.31746031746032205,-0.4227789061912322
37,XAU,240,8,3,0.0002,0.25,0.0,0.25,0.15,0.035,False,stop_confirm,2,6,1.2,2022-01-03 20:55:00+00:00,2022-01-03 15:55:00-05:00,2022-01-05 18:25:00+00:00,2022-01-06 18:25:00+00:00,2022-01-05 13:25:00-05:00,2022-01-06 13:25:00-05:00,2607,2022-01-05,2022-01-06,Wednesday,bounce,long,3,26,169.74,167.17,168.28445,,2610,2612,2608,169.74,3,1.712061861129559,1.0805447964950157,1.4555500000000166,0.00857517379521631,-0.015140803581949025,-1.7656555941053158,safety_break,2,1.0,support,2581,2606,164.03,167.975,0.15779999999999972,0.0009385438177440672,168.1328,168.6062,3,support,2581,2606,164.03,167.975,0.15779999999999972,0.0009385438177440672,168.1328,168.6062,3,2581,2606,164.03,167.975,0.15779999999999972,3,0,"[{""start_idx"":2610,""end_idx"":2612,""kind"":""support"",""anchor1_idx"":2581,""anchor2_idx"":2606,""anchor1_price"":164.03,""anchor2_price"":167.975,""slope"":0.15779999999999972,""touch_count"":3}]",0.5187042698636164,-1.8755796777850209
38,XAU,240,8,3,0.0002,0.25,0.0,0.25,0.15,0.035,False,stop_confirm,2,6,1.2,2022-01-07 18:25:00+00:00,2022-01-07 13:25:00-05:00,2022-01-12 18:25:00+00:00,2022-01-27 18:25:00+00:00,2022-01-12 13:25:00-05:00,2022-01-27 13:25:00-05:00,2614,2022-01-12,2022-01-27,Wednesday,bounce,long,3,26,170.315,167.595,168.0564166666667,,2620,2642,2619,170.315,6,1.3528410338289925,1.7484067871657414,2.2585833333332914,0.013261212067834843,-0.015970407773830853,-1.2042947275209606,safety_break,22,11.0,support,2588,2600,166.72,167.3,0.04833333333333437,0.00028773837636180246,167.9766666666667,168.2666666666667,3,support,2588,2600,166.72,167.3,0.04833333333333437,0.00028773837636180246,167.9766666666667,168.2666666666667,3,2588,2600,166.72,167.3,0.04833333333333437,3,0,"[{""start_idx"":2620,""end_idx"":2642,""kind"":""support"",""anchor1_idx"":2588,""anchor2_idx"":2600,""anchor1_price"":166.72,""anchor2_price"":167.3,""slope"":0.04833333333333437,""touch_count"":3}]",1.261852931409828,-1.337121351879895
39,XAU,240,8,3,0.0002,0.25,0.0,0.25,0.15,0.035,False,stop_confirm,2,6,1.2,2022-02-16 18:25:00+00:00,2022-02-16 13:25:00-05:00,2022-02-17 18:25:00+00:00,2022-02-25 18:25:00+00:00,2022-02-17 13:25:00-05:00,2022-02-25 13:25:00-05:00,2670,2022-02-17,2022-02-25,Thursday,bounce,long,3,18,174.88,176.06,173.29900000000004,,2672,2684,2671,174.88,2,1.694565199923237,4.422619257173033,1.5809999999999604,0.0090404849039339,0.006747483989021141,0.7463630613535966,safety_break,12,6.0,support,2652,2668,167.025,172.36,0.3334375000000005,0.0019270850265312857,173.02687500000002,173.69375000000002,3,support,2652,2668,167.025,172.36,0.3334375000000005,0.0019270850265312857,173.02687500000002,173.69375000000002,3,2652,2668,167.025,172.36,0.3334375000000005,3,0,"[{""start_idx"":2672,""end_idx"":2684,""kind"":""support"",""anchor1_idx"":2652,""anchor2_idx"":2668,""anchor1_price"":167.025,""anchor2_price"":172.36,""slope"":0.3334375000000005,""touch_count"":3}]",4.724857685009606,0.0
40,XAU,240,8,3,0.0002,0.25,0.0,0.25,0.15,0.035,False,stop_confirm,2,6,1.2,2022-02-25 20:55:00+00:00,2022-02-25 15:55:00-05:00,2022-03-01 20:55:00+00:00,2022-03-15 17:25:00+00:00,2022-03-01 15:55:00-05:00,2022-03-15 13:25:00-04:00,2685,2022-03-01,2022-03-15,Tuesday,bounce,long,4,31,181.345,179.93,177.30233333333337,,2689,2708,2688,181.345,4,1.6427859588862117,4.595693416397144,4.0426666666666335,0.022292683375150314,-0.007802806804709239,-0.3500164907651724,safety_break,19,9.5,support,2654,2663,168.04,170.53,0.27666666666666767,0.0015664810795508217,176.6166666666667,177.72333333333336,4,support,2654,2663,168.04,170.53,0.27666666666666767,0.0015664810795508217,176.6166666666667,177.72333333333336,4,2654,2663,168.04,170.53,0.27666666666666767,4,0,"[{""start_idx"":2689,""end_idx"":2708,""kind"":""support"",""anchor1_idx"":2654,""anchor2_idx"":2663,""anchor1_price"":168.04,""anchor2_price"":170.53,""slope"":0.27666666666666767,""touch_count"":4}]",2.9448383905013436,-0.829897757255941
41,XAU,240,8,3,0.0002,0.25,0.0,0.25,0.15,0.035,False,stop_confirm,2,6,1.2,2022-05-10 17:25:00+00:00,2022-05-10 13:25:00-04:00,2022-05-12 17:25:00+00:00,2022-05-19 17:25:00+00:00,2022-05-12 13:25:00-04:00,2022-05-19 13:25:00-04:00,2788,2022-05-12,2022-05-19,Thursday,bounce,short,4,29,171.2,171.875,173.11525,,2792,2802,2789,171.2,4,1.2742775042323067,0.5477742670879495,1.9152500000000146,0.01118720794392532,-0.003942757009345765,-0.352434408040729,safety_break,10,5.0,resistance,2759,2774,183.595,178.63,-0.33100000000000024,-0.001902342582588107,173.99599999999998,172.672,4,resistance,2759,2774,183.595,178.63,-0.33100000000000024,-0.001902342582588107,173.99599999999998,172.672,4,2759,2774,183.595,178.63,-0.33100000000000024,4,0,"[{""start_idx"":2792,""end_idx"":2802,""kind"":""resistance"",""anchor1_idx"":2759,""anchor2_idx"":2774,""anchor1_price"":183.595,""anchor2_price"":178.63,""slope"":-0.33100000000000024,""touch_count"":4}]",1.6420832789452855,-0.6918156898577246
42,XAU,240,8,3,0.0002,0.25,0.0,0.25,0.15,0.035,False,stop_confirm,2,6,1.2,2022-06-08 17:25:00+00:00,2022-06-08 13:25:00-04:00,2022-06-10 17:25:00+00:00,2022-06-29 19:55:00+00:00,2022-06-10 13:25:00-04:00,2022-06-29 15:55:00-04:00,2830,2022-06-10,2022-06-29,Friday,break,short,3,34,171.565,169.49,174.86882142857144,,2834,2861,2832,171.565,4,2.2162911281052367,3.4892602617268005,3.303821428571439,0.01925696633096167,0.012094541427447258,0.6280605791994065,safety_break,27,13.5,support,2796,2824,168.345,172.225,0.1385714285714284,0.0008007297372038013,173.05642857142857,173.61071428571427,3,resistance,2808,2822,174.43,174.475,0.003214285714284821,1.841990004133732e-05,174.50071428571428,174.51357142857142,2,2834,2848,174.965,171.93,-0.21678571428571405,3,1,"[{""start_idx"":2834,""end_idx"":2849,""kind"":""resistance"",""anchor1_idx"":2808,""anchor2_idx"":2822,""anchor1_price"":174.43,""anchor2_price"":174.475,""slope"":0.003214285714284821,""touch_count"":2},{""start_idx"":2850,""end_idx"":2861,""kind"":""resistance"",""anchor1_idx"":2834,""anchor2_idx"":2848,""anchor1_price"":174.965,""anchor2_price"":171.93,""slope"":-0.21678571428571405,""touch_count"":3}]",0.9973299317889388,-1.0154907196212115
43,XAU,240,8,3,0.0002,0.25,0.0,0.25,0.15,0.035,False,stop_confirm,2,6,1.2,2022-06-30 17:25:00+00:00,2022-06-30 13:25:00-04:00,2022-07-01 17:25:00+00:00,2022-07-28 17:25:00+00:00,2022-07-01 13:25:00-04:00,2022-07-28 13:25:00-04:00,2862,2022-07-01,2022-07-28,Friday,bounce,short,3,19,168.25,163.36,169.40625,,2864,2902,2863,168.25,2,1.4973355877185073,1.544674750321969,1.15625,0.00687221396731055,0.0290638930163446,4.229189189189177,safety_break,38,19.0,resistance,2843,2848,172.8,171.93,-0.1740000000000009,-0.0010265850118588323,169.494,169.146,3,resistance,2843,2848,172.8,171.93,-0.1740000000000009,-0.0010265850118588323,169.494,169.146,3,2843,2848,172.8,171.93,-0.1740000000000009,3,0,"[{""start_idx"":2864,""end_idx"":2902,""kind"":""resistance"",""anchor1_idx"":2843,""anchor2_idx"":2848,""anchor1_price"":172.8,""anchor2_price"":171.93,""slope"":-0.1740000000000009,""touch_count"":3}]",8.843243243243238,-0.3632432432432324
44,XAU,240,8,3,0.0002,0.25,0.0,0.25,0.15,0.035,False,stop_confirm,2,6,1.2,2022-08-25 19:55:00+00:00,2022-08-25 15:55:00-04:00,2022-08-30 17:25:00+00:00,2022-09-12 17:25:00+00:00,2022-08-30 13:25:00-04:00,2022-09-12 13:25:00-04:00,2943,2022-08-30,2022-09-12,Tuesday,bounce,short,3,23,161.545,161.15,163.17329545454547,,2948,2966,2944,161.545,5,1.2632745241572456,0.7381031891801637,1.62829545454548,0.010079516262004273,0.002445139125320961,0.2425849675483136,safety_break,18,9.0,resistance,2920,2942,167.97,163.99,-0.18090909090909044,-0.0011043898107553109,163.8090909090909,162.90454545454546,3,resistance,2920,2942,167.97,163.99,-0.18090909090909044,-0.0011043898107553109,163.8090909090909,162.90454545454546,3,2920,2942,167.97,163.99,-0.18090909090909044,3,0,"[{""start_idx"":2948,""end_idx"":2966,""kind"":""resistance"",""anchor1_idx"":2920,""anchor2_idx"":2942,""anchor1_price"":167.97,""anchor2_price"":163.99,""slope"":-0.18090909090909044,""touch_count"":3}]",2.591667248237798,-0.07062600321027736
45,XAU,240,8,3,0.0002,0.25,0.0,0.25,0.15,0.035,False,stop_confirm,2,6,1.2,2022-09-13 17:25:00+00:00,2022-09-13 13:25:00-04:00,2022-09-14 19:55:00+00:00,2022-09-28 17:25:00+00:00,2022-09-14 15:55:00-04:00,2022-09-28 13:25:00-04:00,2968,2022-09-14,2022-09-28,Wednesday,break,short,3,16,158.215,154.765,161.6755,,2971,2990,2970,158.215,3,1.370891850792606,2.2681276184337738,3.460499999999996,0.02187213601744459,0.02180577062857514,0.9969657563935908,safety_break,19,9.5,support,2952,2962,157.325,158.7,0.1375,0.000861933866165178,159.52499999999998,159.9375,3,resistance,2946,2966,162.58,161.66,-0.0460000000000008,-0.00028470984353337793,161.56799999999998,161.43,2,2981,2988,157.22,152.755,-0.6378571428571433,3,2,"[{""start_idx"":2971,""end_idx"":2982,""kind"":""resistance"",""anchor1_idx"":2946,""anchor2_idx"":2966,""anchor1_price"":162.58,""anchor2_price"":161.66,""slope"":-0.0460000000000008,""touch_count"":2},{""start_idx"":2983,""end_idx"":2989,""kind"":""resistance"",""anchor1_idx"":2966,""anchor2_idx"":2981,""anchor1_price"":161.66,""anchor2_price"":157.22,""slope"":-0.2959999999999999,""touch_count"":2},{""start_idx"":2990,""end_idx"":2990,""kind"":""resistance"",""anchor1_idx"":2981,""anchor2_idx"":2988,""anchor1_price"":157.22,""anchor2_price"":152.755,""slope"":-0.6378571428571433,""touch_count"":3}]",2.074844675624914,0.0
46,XAU,240,8,3,0.0002,0.25,0.0,0.25,0.15,0.035,False,stop_confirm,2,6,1.2,2022-10-17 17:25:00+00:00,2022-10-17 13:25:00-04:00,2022-10-18 17:25:00+00:00,2022-10-18 19:55:00+00:00,2022-10-18 13:25:00-04:00,2022-10-18 15:55:00-04:00,3016,2022-10-18,2022-10-18,Tuesday,bounce,short,4,18,153.315,153.74,154.10969230769228,,3018,3019,3017,153.315,2,1.2875093235990396,1.1476251021705568,0.7946923076922872,0.005183395673562842,-0.002772070573655583,-0.5347981802342746,safety_break,1,0.5,resistance,2998,3011,160.96,156.285,-0.3596153846153855,-0.0023278046934517792,154.48692307692306,153.7676923076923,4,resistance,2998,3011,160.96,156.285,-0.3596153846153855,-0.0023278046934517792,154.48692307692306,153.7676923076923,4,2998,3011,160.96,156.285,-0.3596153846153855,4,0,"[{""start_idx"":3018,""end_idx"":3019,""kind"":""resistance"",""anchor1_idx"":2998,""anchor2_idx"":3011,""anchor1_price"":160.96,""anchor2_price"":156.285,""slope"":-0.3596153846153855,""touch_count"":4}]",0.0,-0.7424257090310951
47,XAU,240,8,3,0.0002,0.25,0.0,0.25,0.15,0.035,False,stop_confirm,2,6,1.2,2022-11-04 17:25:00+00:00,2022-11-04 13:25:00-04:00,2022-11-07 18:25:00+00:00,2022-11-16 18:25:00+00:00,2022-11-07 13:25:00-05:00,2022-11-16 13:25:00-05:00,3044,2022-11-07,2022-11-16,Monday,break,long,3,33,156.585,165.02,151.68574999999998,,3046,3060,3045,156.585,2,1.7424431511697536,1.2300619834710744,4.899250000000023,0.03128811827441979,0.05386850592330039,1.7216920957289303,safety_break,14,7.0,resistance,3011,3041,156.285,155.25,-0.034499999999999885,-0.00022237046920168927,155.1465,155.0775,3,support,3021,3037,151.525,151.885,0.022499999999999076,0.00014798493842181677,152.0425,152.08749999999998,3,3042,3051,150.545,158.435,0.8766666666666683,3,1,"[{""start_idx"":3046,""end_idx"":3059,""kind"":""support"",""anchor1_idx"":3021,""anchor2_idx"":3037,""anchor1_price"":151.525,""anchor2_price"":151.885,""slope"":0.022499999999999076,""touch_count"":3},{""start_idx"":3060,""end_idx"":3060,""kind"":""support"",""anchor1_idx"":3042,""anchor2_idx"":3051,""anchor1_price"":150.545,""anchor2_price"":158.435,""slope"":0.8766666666666683,""touch_count"":3}]",1.9666275450323916,-0.15308465581466477
48,XAU,240,8,3,0.0002,0.25,0.0,0.25,0.15,0.035,False,stop_confirm,2,6,1.2,2022-12-06 20:55:00+00:00,2022-12-06 15:55:00-05:00,2022-12-07 20:55:00+00:00,2022-12-12 18:25:00+00:00,2022-12-07 15:55:00-05:00,2022-12-12 13:25:00-05:00,3089,2022-12-07,2022-12-12,Wednesday,bounce,long,3,12,166.415,165.71,165.05225000000002,,3091,3096,3090,166.415,2,1.4305645729507952,1.7613911512216596,1.362749999999977,0.008188865186431374,-0.004236396959408584,-0.5173362685745705,safety_break,5,2.5,support,3077,3087,161.895,164.3,0.2405000000000001,0.0014595129292818958,164.781,165.262,3,support,3077,3087,161.895,164.3,0.2405000000000001,0.0014595129292818958,164.781,165.262,3,3077,3087,161.895,164.3,0.2405000000000001,3,0,"[{""start_idx"":3091,""end_idx"":3096,""kind"":""support"",""anchor1_idx"":3077,""anchor2_idx"":3087,""anchor1_price"":161.895,""anchor2_price"":164.3,""slope"":0.2405000000000001,""touch_count"":3}]",1.221794166208071,-0.5650339387268353
49,XAU,240,8,3,0.0002,0.25,0.0,0.25,0.15,0.035,False,stop_confirm,2,6,1.2,2022-12-16 18:25:00+00:00,2022-12-16 13:25:00-05:00,2022-12-19 18:25:00+00:00,2023-02-15 18:25:00+00:00,2022-12-19 13:25:00-05:00,2023-02-15 13:25:00-05:00,3104,2022-12-19,2023-02-15,Monday,bounce,long,3,17,166.99,170.64,165.5,,3106,3190,3105,166.99,2,1.9089313381271045,1.1057314940742182,1.490000000000009,0.008922689981436069,0.021857596263249235,2.4496644295301713,safety_break,84,42.0,support,3087,3089,164.3,164.46,0.0799999999999983,0.000482916817578162,165.65999999999997,165.82,3,support,3087,3089,164.3,164.46,0.0799999999999983,0.000482916817578162,165.65999999999997,165.82,3,3087,3089,164.3,164.46,0.0799999999999983,3,0,"[{""start_idx"":3106,""end_idx"":3190,""kind"":""support"",""anchor1_idx"":3087,""anchor2_idx"":3089,""anchor1_price"":164.3,""anchor2_price"":164.46,""slope"":0.0799999999999983,""touch_count"":3}]",9.882550335570405,-0.6442953020134242
50,XAU,240,8,3,0.0002,0.25,0.0,0.25,0.15,0.035,False,stop_confirm,2,6,1.2,2023-03-30 17:25:00+00:00,2023-03-30 13:25:00-04:00,2023-04-04 17:25:00+00:00,2023-04-10 17:25:00+00:00,2023-04-04 13:25:00-04:00,2023-04-10 13:25:00-04:00,3252,2023-04-04,2023-04-10,Tuesday,bounce,long,3,24,185.065,184.915,183.71228260869566,,3258,3266,3256,185.065,6,1.3983865581477892,1.9504706823355686,1.3527173913043384,0.007309417725147048,-0.0008105260313944207,-0.11088790678988042,safety_break,8,4.0,support,3228,3251,176.23,182.275,0.26282608695652243,0.0014398445110840672,182.53782608695653,184.11478260869566,3,support,3228,3251,176.23,182.275,0.26282608695652243,0.0014398445110840672,182.53782608695653,184.11478260869566,3,3228,3251,176.23,182.275,0.26282608695652243,3,0,"[{""start_idx"":3258,""end_idx"":3266,""kind"":""support"",""anchor1_idx"":3228,""anchor2_idx"":3251,""anchor1_price"":176.23,""anchor2_price"":182.275,""slope"":0.26282608695652243,""touch_count"":3}]",2.761108879067928,-0.6505423865006038
51,XAU,240,8,3,0.0002,0.25,0.0,0.25,0.15,0.035,False,stop_confirm,2,6,1.2,2023-05-02 17:25:00+00:00,2023-05-02 13:25:00-04:00,2023-05-03 17:25:00+00:00,2023-05-11 17:25:00+00:00,2023-05-03 13:25:00-04:00,2023-05-11 13:25:00-04:00,3298,2023-05-03,2023-05-11,Wednesday,break,long,4,20,187.635,187.215,183.62959615384617,,3300,3312,3299,187.635,2,1.675322408968054,1.5063520871143377,4.0054038461538255,0.021346784161557417,-0.0022383883603804833,-0.10485834041510969,safety_break,12,6.0,resistance,3278,3296,187.0,186.2,-0.04444444444444508,-0.00023880597014925715,186.1111111111111,186.0222222222222,4,support,3284,3297,183.185,183.895,0.054615384615385225,0.00029690404354035406,183.94961538461538,184.05884615384616,5,3292,3310,183.435,187.825,0.24388888888888813,4,2,"[{""start_idx"":3300,""end_idx"":3305,""kind"":""support"",""anchor1_idx"":3284,""anchor2_idx"":3297,""anchor1_price"":183.185,""anchor2_price"":183.895,""slope"":0.054615384615385225,""touch_count"":5},{""start_idx"":3306,""end_idx"":3311,""kind"":""support"",""anchor1_idx"":3284,""anchor2_idx"":3304,""anchor1_price"":183.185,""anchor2_price"":185.76,""slope"":0.12874999999999942,""touch_count"":4},{""start_idx"":3312,""end_idx"":3312,""kind"":""support"",""anchor1_idx"":3292,""anchor2_idx"":3310,""anchor1_price"":183.435,""anchor2_price"":187.825,""slope"":0.24388888888888813,""touch_count"":4}]",0.9299936143959467,-0.4681175911388965
52,XAU,240,8,3,0.0002,0.25,0.0,0.25,0.15,0.035,False,stop_confirm,2,6,1.2,2023-05-12 17:25:00+00:00,2023-05-12 13:25:00-04:00,2023-05-17 17:25:00+00:00,2023-05-23 17:25:00+00:00,2023-05-17 13:25:00-04:00,2023-05-23 13:25:00-04:00,3314,2023-05-17,2023-05-23,Wednesday,break,short,3,22,184.435,183.245,187.65974999999995,,3320,3328,3318,184.435,6,2.7393933862165176,1.4248713609835275,3.2247499999999434,0.017484479626968544,0.006452137609455844,0.3690208543297988,safety_break,8,4.0,support,3292,3304,183.435,185.76,0.19374999999999906,0.0010322460341773282,187.6975,188.85999999999999,3,resistance,3302,3310,191.36,189.575,-0.22312500000000313,-0.0011825421011487718,188.68249999999998,187.34374999999994,2,3310,3324,189.575,184.375,-0.3714285714285706,3,1,"[{""start_idx"":3320,""end_idx"":3325,""kind"":""resistance"",""anchor1_idx"":3302,""anchor2_idx"":3310,""anchor1_price"":191.36,""anchor2_price"":189.575,""slope"":-0.22312500000000313,""touch_count"":2},{""start_idx"":3326,""end_idx"":3328,""kind"":""resistance"",""anchor1_idx"":3310,""anchor2_idx"":3324,""anchor1_price"":189.575,""anchor2_price"":184.375,""slope"":-0.3714285714285706,""touch_count"":3}]",0.9690673695635491,0.0
53,XAU,240,8,3,0.0002,0.25,0.0,0.25,0.15,0.035,False,stop_confirm,2,6,1.2,2023-06-02 17:25:00+00:00,2023-06-02 13:25:00-04:00,2023-06-05 17:25:00+00:00,2023-06-06 17:25:00+00:00,2023-06-05 13:25:00-04:00,2023-06-06 13:25:00-04:00,3344,2023-06-05,2023-06-06,Monday,bounce,short,3,30,180.925,182.53,182.73223076923077,,3346,3348,3345,180.925,2,2.2069157083286655,0.8352224781627021,1.807230769230756,0.009988839404342992,-0.008871079176454355,-0.8880990891291402,safety_break,2,1.0,resistance,3314,3340,187.945,183.435,-0.1734615384615381,-0.0009492198927865583,182.74115384615385,182.39423076923077,3,resistance,3314,3340,187.945,183.435,-0.1734615384615381,-0.0009492198927865583,182.74115384615385,182.39423076923077,3,3314,3340,187.945,183.435,-0.1734615384615381,3,0,"[{""start_idx"":3346,""end_idx"":3348,""kind"":""resistance"",""anchor1_idx"":3314,""anchor2_idx"":3340,""anchor1_price"":187.945,""anchor2_price"":183.435,""slope"":-0.1734615384615381,""touch_count"":3}]",0.0,-0.9600323486847694
54,XAU,240,8,3,0.0002,0.25,0.0,0.25,0.15,0.035,False,stop_confirm,2,6,1.2,2023-06-20 17:25:00+00:00,2023-06-20 13:25:00-04:00,2023-06-21 17:25:00+00:00,2023-06-30 17:25:00+00:00,2023-06-21 13:25:00-04:00,2023-06-30 13:25:00-04:00,3368,2023-06-21,2023-06-30,Wednesday,break,short,3,22,179.2,178.39,181.76250000000002,,3370,3384,3369,179.2,2,1.438700163706201,0.7114996232102486,2.5625000000000284,0.014299665178571588,0.004520089285714346,0.31609756097560715,safety_break,14,7.0,support,3346,3356,180.62,181.015,0.03949999999999818,0.00021764404454263447,181.48899999999998,181.56799999999996,3,resistance,3350,3358,183.02,182.43,-0.07375000000000043,-0.00040590558223372144,181.6925,181.54500000000002,7,3364,3376,182.57,179.105,-0.2887500000000003,4,2,"[{""start_idx"":3370,""end_idx"":3375,""kind"":""resistance"",""anchor1_idx"":3350,""anchor2_idx"":3358,""anchor1_price"":183.02,""anchor2_price"":182.43,""slope"":-0.07375000000000043,""touch_count"":7},{""start_idx"":3376,""end_idx"":3377,""kind"":""resistance"",""anchor1_idx"":3364,""anchor2_idx"":3374,""anchor1_price"":182.57,""anchor2_price"":179.94,""slope"":-0.26299999999999957,""touch_count"":3},{""start_idx"":3378,""end_idx"":3384,""kind"":""resistance"",""anchor1_idx"":3364,""anchor2_idx"":3376,""anchor1_price"":182.57,""anchor2_price"":179.105,""slope"":-0.2887500000000003,""touch_count"":4}]",1.2936585365853506,-0.2965853658536628
55,XAU,240,8,3,0.0002,0.25,0.0,0.25,0.15,0.035,False,stop_confirm,2,6,1.2,2023-07-05 17:25:00+00:00,2023-07-05 13:25:00-04:00,2023-07-06 17:25:00+00:00,2023-07-10 19:55:00+00:00,2023-07-06 13:25:00-04:00,2023-07-10 15:55:00-04:00,3390,2023-07-06,2023-07-10,Thursday,bounce,short,5,21,177.81,178.81,179.00725000000014,,3392,3397,3391,177.81,2,1.2461273418415324,1.047381974248927,1.197250000000139,0.0067333108374115005,-0.005623980653506555,-0.8352474420546118,safety_break,5,2.5,resistance,3369,3371,180.065,179.96,-0.052499999999994884,-0.00029335754697210227,178.9625000000001,178.85750000000013,5,resistance,3369,3371,180.065,179.96,-0.052499999999994884,-0.00029335754697210227,178.9625000000001,178.85750000000013,5,3369,3371,180.065,179.96,-0.052499999999994884,5,0,"[{""start_idx"":3392,""end_idx"":3397,""kind"":""resistance"",""anchor1_idx"":3369,""anchor2_idx"":3371,""anchor1_price"":180.065,""anchor2_price"":179.96,""slope"":-0.052499999999994884,""touch_count"":5}]",0.4969722280224931,-1.5619127166421278
56,XAU,240,8,3,0.0002,0.25,0.0,0.25,0.15,0.035,False,stop_confirm,2,6,1.2,2023-07-31 19:55:00+00:00,2023-07-31 15:55:00-04:00,2023-08-01 19:55:00+00:00,2023-09-04 19:55:00+00:00,2023-08-01 15:55:00-04:00,2023-09-04 15:55:00-04:00,3427,2023-08-01,2023-09-04,Tuesday,bounce,short,5,19,180.195,180.09,183.1815,,3429,3477,3428,180.195,2,1.550548392959247,1.439923602268781,2.9865000000000066,0.016573711812203483,0.0005827020727544596,0.035158211953788564,safety_break,48,24.0,resistance,3408,3426,184.265,183.125,-0.06333333333333258,-0.0003459672059506318,183.06166666666667,182.935,5,resistance,3408,3426,184.265,183.125,-0.06333333333333258,-0.0003459672059506318,183.06166666666667,182.935,5,3408,3426,184.265,183.125,-0.06333333333333258,5,0,"[{""start_idx"":3429,""end_idx"":3477,""kind"":""resistance"",""anchor1_idx"":3408,""anchor2_idx"":3426,""anchor1_price"":184.265,""anchor2_price"":183.125,""slope"":-0.06333333333333258,""touch_count"":5}]",1.7713042022434222,-0.31809810815336176
57,XAU,240,8,3,0.0002,0.25,0.0,0.25,0.15,0.035,False,stop_confirm,2,6,1.2,2023-11-27 18:25:00+00:00,2023-11-27 13:25:00-05:00,2023-11-29 18:25:00+00:00,2023-12-04 18:25:00+00:00,2023-11-29 13:25:00-05:00,2023-12-04 13:25:00-05:00,3596,2023-11-29,2023-12-04,Wednesday,bounce,long,3,20,189.435,187.62,187.03425000000001,,3600,3606,3598,189.435,4,1.2949297587283293,0.9560800717060052,2.400749999999988,0.01267321244754131,-0.009581122812574172,-0.7560137457044702,safety_break,6,3.0,support,3576,3591,179.11,184.235,0.3416666666666667,0.0018374773676568129,185.94333333333336,187.31,3,support,3576,3591,179.11,184.235,0.3416666666666667,0.0018374773676568129,185.94333333333336,187.31,3,3576,3591,179.11,184.235,0.3416666666666667,3,0,"[{""start_idx"":3600,""end_idx"":3606,""kind"":""support"",""anchor1_idx"":3576,""anchor2_idx"":3591,""anchor1_price"":179.11,""anchor2_price"":184.235,""slope"":0.3416666666666667,""touch_count"":3}]",1.2329480370717578,-0.8893054253879003
58,XAU,240,8,3,0.0002,0.25,0.0,0.25,0.15,0.035,False,stop_confirm,2,6,1.2,2024-01-03 20:55:00+00:00,2024-01-03 15:55:00-05:00,2024-01-05 18:25:00+00:00,2024-01-08 18:25:00+00:00,2024-01-05 13:25:00-05:00,2024-01-08 13:25:00-05:00,3651,2024-01-05,2024-01-08,Friday,bounce,long,3,35,189.8,187.82,188.3394117647059,,3654,3656,3652,189.8,3,1.3815103466321956,0.9008058608058608,1.460588235294125,0.007695406929895284,-0.010432033719705025,-1.3556182037857487,safety_break,2,1.0,support,3616,3650,183.115,188.125,0.14735294117647033,0.0007826584141247178,188.27235294117648,188.7144117647059,3,support,3616,3650,183.115,188.125,0.14735294117647033,0.0007826584141247178,188.27235294117648,188.7144117647059,3,3616,3650,183.115,188.125,0.14735294117647033,3,0,"[{""start_idx"":3654,""end_idx"":3656,""kind"":""support"",""anchor1_idx"":3616,""anchor2_idx"":3650,""anchor1_price"":183.115,""anchor2_price"":188.125,""slope"":0.14735294117647033,""touch_count"":3}]",0.15404752315746612,-1.851993556182037
59,XAU,240,8,3,0.0002,0.25,0.0,0.25,0.15,0.035,False,stop_confirm,2,6,1.2,2024-02-09 18:25:00+00:00,2024-02-09 13:25:00-05:00,2024-02-14 18:25:00+00:00,2024-02-16 18:25:00+00:00,2024-02-14 13:25:00-05:00,2024-02-16 13:25:00-05:00,3702,2024-02-14,2024-02-16,Wednesday,break,short,4,33,184.285,186.415,188.12500000000003,,3708,3712,3707,184.285,6,2.1371331411539907,1.5629145564450253,3.840000000000032,0.020837290067015936,-0.01155818433404776,-0.5546874999999942,safety_break,4,2.0,support,3669,3700,185.43,187.775,0.07564516129032255,0.0004025256985623222,187.92629032258066,188.38016129032258,4,resistance,3686,3696,189.79,188.895,-0.08949999999999818,-0.0004751590057231345,188.35800000000003,187.82100000000003,3,3690,3710,191.385,186.025,-0.26799999999999924,4,1,"[{""start_idx"":3708,""end_idx"":3711,""kind"":""resistance"",""anchor1_idx"":3686,""anchor2_idx"":3696,""anchor1_price"":189.79,""anchor2_price"":188.895,""slope"":-0.08949999999999818,""touch_count"":3},{""start_idx"":3712,""end_idx"":3712,""kind"":""resistance"",""anchor1_idx"":3690,""anchor2_idx"":3710,""anchor1_price"":191.385,""anchor2_price"":186.025,""slope"":-0.26799999999999924,""touch_count"":4}]",0.00911458333333237,-0.6197916666666603
60,XAU,240,8,3,0.0002,0.25,0.0,0.25,0.15,0.035,False,stop_confirm,2,6,1.2,2024-02-22 20:55:00+00:00,2024-02-22 15:55:00-05:00,2024-02-23 20:55:00+00:00,2024-02-27 20:55:00+00:00,2024-02-23 15:55:00-05:00,2024-02-27 15:55:00-05:00,3721,2024-02-23,2024-02-27,Friday,bounce,long,3,13,188.97,188.005,187.55950000000007,,3723,3727,3722,188.97,2,1.2225283265041929,2.055863581134869,1.410499999999928,0.007464147748319458,-0.005106630682118918,-0.6841545551223345,safety_break,4,2.0,support,3708,3712,183.765,184.83,0.26625000000000654,0.001422076231297729,187.22625000000008,187.75875000000008,3,support,3708,3712,183.765,184.83,0.26625000000000654,0.001422076231297729,187.22625000000008,187.75875000000008,3,3708,3712,183.765,184.83,0.26625000000000654,3,0,"[{""start_idx"":3723,""end_idx"":3727,""kind"":""support"",""anchor1_idx"":3708,""anchor2_idx"":3712,""anchor1_price"":183.765,""anchor2_price"":184.83,""slope"":0.26625000000000654,""touch_count"":3}]",0.0,-1.0244594115562333
61,XAU,240,8,3,0.0002,0.25,0.0,0.25,0.15,0.035,False,stop_confirm,2,6,1.2,2024-03-19 19:55:00+00:00,2024-03-19 15:55:00-04:00,2024-03-21 17:25:00+00:00,2026-03-23 19:55:00+00:00,2024-03-21 13:25:00-04:00,2026-03-23 15:55:00-04:00,3757,2024-03-21,2026-03-23,Thursday,bounce,long,3,10,202.705,403.955,199.3298214285714,,3760,4805,3759,202.705,3,1.5471140064769369,2.4987254381306427,3.37517857142862,0.016650692244535754,0.9928220813497446,59.6264747896928,end_of_data,1045,522.5,support,3747,3754,199.115,199.475,0.05142857142856932,0.00025762037490919615,199.62928571428571,199.7835714285714,3,support,3747,3754,199.115,199.475,0.05142857142856932,0.00025762037490919615,199.62928571428571,199.7835714285714,3,3747,3754,199.115,199.475,0.05142857142856932,3,0,"[{""start_idx"":3760,""end_idx"":4805,""kind"":""support"",""anchor1_idx"":3747,""anchor2_idx"":3754,""anchor1_price"":199.115,""anchor2_price"":199.475,""slope"":0.05142857142856932,""touch_count"":3}]",90.9537061531123,-0.8947674726204864
