total_trades,win_rate_pct,avg_winner_usd,avg_loser_usd,profit_factor,sharpe_365d,max_drawdown_pct,ending_equity,total_return_pct,best_month,best_month_pnl_usd,worst_month,worst_month_pnl_usd,buffer_pct,sizing_mode,pboc_filter,volume_filter,atr_filter,config_id,volume_threshold,asset,available_on_binance,resolved_symbol
1250,49.84,1028.8375252309554,-919.2408520779741,1.1192251986029933,1.0679671217594822,-16.4407757301565,168278.72737430723,68.27872737430722,2023-10,17224.359082475927,2023-09,-13116.397273499582,0,risk_1pct,False,False,False,buf0_size-risk_1pct_pboc-0_vol-0_atr-0,1.3,BTC,True,BTCUSDT
1224,48.8562091503268,926.4238388729763,-837.7739276571277,1.0597403622591102,0.5933655502654396,-20.02817811634928,131230.52478799204,31.230524787992042,2025-01,11732.41788508184,2025-06,-12094.575834502113,0,risk_1pct,False,False,False,buf0_size-risk_1pct_pboc-0_vol-0_atr-0,1.3,ETH,True,ETHUSDT
1248,49.43910256410257,814.1162015656785,-795.8414932105911,1.0131107801887174,0.19384621928964257,-22.697159247795597,106500.44609582538,6.500446095825385,2022-11,7449.402591301756,2025-10,-9983.77765463579,0,risk_1pct,False,False,False,buf0_size-risk_1pct_pboc-0_vol-0_atr-0,1.3,SOL,True,SOLUSDT
1142,38.528896672504374,249.16177381563378,-304.4011791593214,0.5827728153234994,-3.2986458615472642,-81.08550748042613,21511.25175841835,-78.48874824158165,2023-06,2128.478779229116,2022-02,-8823.501480906132,0,risk_1pct,False,False,False,buf0_size-risk_1pct_pboc-0_vol-0_atr-0,1.3,XAU,True,PAXGUSDT
0,0.0,0.0,0.0,0.0,0.0,0.0,100000.0,0.0,,0.0,,0.0,0,risk_1pct,False,False,False,buf0_size-risk_1pct_pboc-0_vol-0_atr-0,1.3,XAG,False,
960,50.416666666666664,1062.1364602788806,-948.5529368446113,1.1482120684071255,1.1777505540986875,-16.44077573015643,166357.06058432185,66.35706058432184,2025-01,12704.413692749666,2025-02,-12105.677678149645,0,risk_1pct,False,False,True,buf0_size-risk_1pct_pboc-0_vol-0_atr-1,1.3,BTC,True,BTCUSDT
861,49.12891986062718,948.7850666831343,-851.5620476493622,1.076013697348869,0.6288737691145178,-20.02817811634928,128351.90633654513,28.35190633654512,2025-01,11475.060424547077,2025-06,-11829.274227152257,0,risk_1pct,False,False,True,buf0_size-risk_1pct_pboc-0_vol-0_atr-1,1.3,ETH,True,ETHUSDT
837,48.50657108721625,730.0164390352289,-713.9962873293525,0.972153502100275,-0.14484915598355771,-20.563934954035734,91510.25955866935,-8.489740441330651,2025-04,5061.623849629723,2025-10,-8578.537631004134,0,risk_1pct,False,False,True,buf0_size-risk_1pct_pboc-0_vol-0_atr-1,1.3,SOL,True,SOLUSDT
917,39.36750272628135,316.27875504630316,-365.34054911330657,0.6288150921306038,-2.650721213839817,-71.12768965202233,32602.377662402112,-67.3976223375979,2023-06,2377.8363999909966,2024-01,-6825.621930130248,0,risk_1pct,False,False,True,buf0_size-risk_1pct_pboc-0_vol-0_atr-1,1.3,XAU,True,PAXGUSDT
0,0.0,0.0,0.0,0.0,0.0,0.0,100000.0,0.0,,0.0,,0.0,0,risk_1pct,False,False,True,buf0_size-risk_1pct_pboc-0_vol-0_atr-1,1.3,XAG,False,
334,59.88023952095808,1321.9060395782249,-1067.9023055870498,1.8755348015227422,2.7887213028648485,-5.956426267302451,223418.10357815438,123.41810357815439,2025-07,15462.840922636851,2025-02,-5935.797941409245,0,risk_1pct,False,True,False,buf0_size-risk_1pct_pboc-0_vol-1_atr-0,1.3,BTC,True,BTCUSDT
329,58.96656534954408,1316.5078129534718,-997.1338926293216,1.911467394017952,2.82623208252526,-3.674591593559151,221786.5741006444,121.7865741006444,2025-11,9993.0370097474,2026-01,-3173.0534127386136,0,risk_1pct,False,True,False,buf0_size-risk_1pct_pboc-0_vol-1_atr-0,1.3,ETH,True,ETHUSDT
341,56.30498533724341,1105.0162778045872,-944.0832340417231,1.5184409371706482,1.926982310327937,-8.687697969435549,172438.8067003058,72.4388067003058,2025-12,7404.680422765754,2024-09,-6242.06813390883,0,risk_1pct,False,True,False,buf0_size-risk_1pct_pboc-0_vol-1_atr-0,1.3,SOL,True,SOLUSDT
403,43.67245657568238,575.8872257649554,-566.2600754703212,0.8817351063301294,-0.47850993686465404,-28.143285708952035,86405.35641415694,-13.594643585843059,2022-10,5616.341714530284,2024-01,-3699.8326475867534,0,risk_1pct,False,True,False,buf0_size-risk_1pct_pboc-0_vol-1_atr-0,1.3,XAU,True,PAXGUSDT
0,0.0,0.0,0.0,0.0,0.0,0.0,100000.0,0.0,,0.0,,0.0,0,risk_1pct,False,True,False,buf0_size-risk_1pct_pboc-0_vol-1_atr-0,1.3,XAG,False,
257,59.53307392996109,1156.127090643485,-918.2431579577791,1.8885963058218243,2.4343533375972326,-5.956426267302417,183226.64275675974,83.22664275675974,2025-07,12681.17661174892,2025-02,-4867.986575252833,0,risk_1pct,False,True,True,buf0_size-risk_1pct_pboc-0_vol-1_atr-1,1.3,BTC,True,BTCUSDT
225,59.111111111111114,1191.498768689623,-894.1448059190916,1.9264136790464463,2.387632836505679,-3.67459159355914,176208.0140911634,76.2080140911634,2025-11,7939.403966932782,2026-01,-2520.970634634259,0,risk_1pct,False,True,True,buf0_size-risk_1pct_pboc-0_vol-1_atr-1,1.3,ETH,True,ETHUSDT
216,56.481481481481474,932.6266754105194,-840.682282221687,1.455300976492846,1.3362658037280049,-8.127828233711732,135597.00215346648,35.597002153466484,2025-12,5822.659565120487,2024-09,-4908.4411008871775,0,risk_1pct,False,True,True,buf0_size-risk_1pct_pboc-0_vol-1_atr-1,1.3,SOL,True,SOLUSDT
320,43.75,604.0756102247918,-570.2533541137462,0.9098376075993161,-0.3099734073823987,-24.647200162232664,91619.28871093018,-8.38071128906982,2026-01,4162.14150490841,2024-01,-3871.4980104141227,0,risk_1pct,False,True,True,buf0_size-risk_1pct_pboc-0_vol-1_atr-1,1.3,XAU,True,PAXGUSDT
0,0.0,0.0,0.0,0.0,0.0,0.0,100000.0,0.0,,0.0,,0.0,0,risk_1pct,False,True,True,buf0_size-risk_1pct_pboc-0_vol-1_atr-1,1.3,XAG,False,
1250,49.84,1028.8375252309554,-919.2408520779741,1.1192251986029933,1.0679671217594822,-16.4407757301565,168278.72737430723,68.27872737430722,2023-10,17224.359082475927,2023-09,-13116.397273499582,0,risk_1pct,True,False,False,buf0_size-risk_1pct_pboc-1_vol-0_atr-0,1.3,BTC,True,BTCUSDT
1224,48.8562091503268,926.4238388729763,-837.7739276571277,1.0597403622591102,0.5933655502654396,-20.02817811634928,131230.52478799204,31.230524787992042,2025-01,11732.41788508184,2025-06,-12094.575834502113,0,risk_1pct,True,False,False,buf0_size-risk_1pct_pboc-1_vol-0_atr-0,1.3,ETH,True,ETHUSDT
1248,49.43910256410257,814.1162015656785,-795.8414932105911,1.0131107801887174,0.19384621928964257,-22.697159247795597,106500.44609582538,6.500446095825385,2022-11,7449.402591301756,2025-10,-9983.77765463579,0,risk_1pct,True,False,False,buf0_size-risk_1pct_pboc-1_vol-0_atr-0,1.3,SOL,True,SOLUSDT
1066,37.89868667917448,257.51134058866097,-315.2350832053308,0.5680244729491956,-3.4473575695320395,-81.0999655573641,20882.998255521714,-79.11700174447829,2023-06,2085.430180655915,2022-02,-8791.939629640883,0,risk_1pct,True,False,False,buf0_size-risk_1pct_pboc-1_vol-0_atr-0,1.3,XAU,True,PAXGUSDT
0,0.0,0.0,0.0,0.0,0.0,0.0,100000.0,0.0,,0.0,,0.0,0,risk_1pct,True,False,False,buf0_size-risk_1pct_pboc-1_vol-0_atr-0,1.3,XAG,False,
960,50.416666666666664,1062.1364602788806,-948.5529368446113,1.1482120684071255,1.1777505540986875,-16.44077573015643,166357.06058432185,66.35706058432184,2025-01,12704.413692749666,2025-02,-12105.677678149645,0,risk_1pct,True,False,True,buf0_size-risk_1pct_pboc-1_vol-0_atr-1,1.3,BTC,True,BTCUSDT
861,49.12891986062718,948.7850666831343,-851.5620476493622,1.076013697348869,0.6288737691145178,-20.02817811634928,128351.90633654513,28.35190633654512,2025-01,11475.060424547077,2025-06,-11829.274227152257,0,risk_1pct,True,False,True,buf0_size-risk_1pct_pboc-1_vol-0_atr-1,1.3,ETH,True,ETHUSDT
837,48.50657108721625,730.0164390352289,-713.9962873293525,0.972153502100275,-0.14484915598355771,-20.563934954035734,91510.25955866935,-8.489740441330651,2025-04,5061.623849629723,2025-10,-8578.537631004134,0,risk_1pct,True,False,True,buf0_size-risk_1pct_pboc-1_vol-0_atr-1,1.3,SOL,True,SOLUSDT
844,38.74407582938388,330.29347117571143,-381.8443726453232,0.6135647794752779,-2.77507549083011,-70.85304549434129,31975.7092849638,-68.0242907150362,2023-06,2353.705078871661,2024-01,-6771.400096873397,0,risk_1pct,True,False,True,buf0_size-risk_1pct_pboc-1_vol-0_atr-1,1.3,XAU,True,PAXGUSDT
0,0.0,0.0,0.0,0.0,0.0,0.0,100000.0,0.0,,0.0,,0.0,0,risk_1pct,True,False,True,buf0_size-risk_1pct_pboc-1_vol-0_atr-1,1.3,XAG,False,
334,59.88023952095808,1321.9060395782249,-1067.9023055870498,1.8755348015227422,2.7887213028648485,-5.956426267302451,223418.10357815438,123.41810357815439,2025-07,15462.840922636851,2025-02,-5935.797941409245,0,risk_1pct,True,True,False,buf0_size-risk_1pct_pboc-1_vol-1_atr-0,1.3,BTC,True,BTCUSDT
329,58.96656534954408,1316.5078129534718,-997.1338926293216,1.911467394017952,2.82623208252526,-3.674591593559151,221786.5741006444,121.7865741006444,2025-11,9993.0370097474,2026-01,-3173.0534127386136,0,risk_1pct,True,True,False,buf0_size-risk_1pct_pboc-1_vol-1_atr-0,1.3,ETH,True,ETHUSDT
341,56.30498533724341,1105.0162778045872,-944.0832340417231,1.5184409371706482,1.926982310327937,-8.687697969435549,172438.8067003058,72.4388067003058,2025-12,7404.680422765754,2024-09,-6242.06813390883,0,risk_1pct,True,True,False,buf0_size-risk_1pct_pboc-1_vol-1_atr-0,1.3,SOL,True,SOLUSDT
365,42.73972602739726,564.8893684820065,-579.1452753505257,0.8180644825780786,-0.7695967823486356,-29.953417788774384,80401.7202679952,-19.598279732004798,2022-10,5597.311230273595,2024-01,-3617.598438543105,0,risk_1pct,True,True,False,buf0_size-risk_1pct_pboc-1_vol-1_atr-0,1.3,XAU,True,PAXGUSDT
0,0.0,0.0,0.0,0.0,0.0,0.0,100000.0,0.0,,0.0,,0.0,0,risk_1pct,True,True,False,buf0_size-risk_1pct_pboc-1_vol-1_atr-0,1.3,XAG,False,
257,59.53307392996109,1156.127090643485,-918.2431579577791,1.8885963058218243,2.4343533375972326,-5.956426267302417,183226.64275675974,83.22664275675974,2025-07,12681.17661174892,2025-02,-4867.986575252833,0,risk_1pct,True,True,True,buf0_size-risk_1pct_pboc-1_vol-1_atr-1,1.3,BTC,True,BTCUSDT
225,59.111111111111114,1191.498768689623,-894.1448059190916,1.9264136790464463,2.387632836505679,-3.67459159355914,176208.0140911634,76.2080140911634,2025-11,7939.403966932782,2026-01,-2520.970634634259,0,risk_1pct,True,True,True,buf0_size-risk_1pct_pboc-1_vol-1_atr-1,1.3,ETH,True,ETHUSDT
216,56.481481481481474,932.6266754105194,-840.682282221687,1.455300976492846,1.3362658037280049,-8.127828233711732,135597.00215346648,35.597002153466484,2025-12,5822.659565120487,2024-09,-4908.4411008871775,0,risk_1pct,True,True,True,buf0_size-risk_1pct_pboc-1_vol-1_atr-1,1.3,SOL,True,SOLUSDT
285,42.80701754385965,595.2781806042809,-588.3929391674628,0.8396436495078627,-0.5864317895569419,-26.00113806565163,86130.17597610524,-13.869824023894761,2022-10,4037.471966685759,2024-01,-3824.3802028983387,0,risk_1pct,True,True,True,buf0_size-risk_1pct_pboc-1_vol-1_atr-1,1.3,XAU,True,PAXGUSDT
0,0.0,0.0,0.0,0.0,0.0,0.0,100000.0,0.0,,0.0,,0.0,0,risk_1pct,True,True,True,buf0_size-risk_1pct_pboc-1_vol-1_atr-1,1.3,XAG,False,
1250,49.84,3.9713657582174813,-3.658553038339306,1.0855017589194682,0.5613867003340394,-0.11980328271049556,100194.8823244841,0.19488232448410248,2023-10,51.778877848892165,2025-11,-55.36301241183696,0,fixed_1000,False,False,False,buf0_size-fixed_1000_pboc-0_vol-0_atr-0,1.3,BTC,True,BTCUSDT
1224,48.8562091503268,5.6707724173784255,-4.951261517333505,1.0975970900134817,0.6592459368291195,-0.16928165813400176,100301.5347187762,0.3015347187761863,2024-12,81.06375992341061,2024-03,-71.56533078904883,0,fixed_1000,False,False,False,buf0_size-fixed_1000_pboc-0_vol-0_atr-0,1.3,ETH,True,ETHUSDT
1248,49.43910256410257,8.638917727309757,-8.552292428784444,1.000400529899161,0.003825076858521741,-0.24278290842598693,100002.13405461742,0.0021340546174197783,2022-06,101.11016273448,2024-06,-111.66015180600105,0,fixed_1000,False,False,False,buf0_size-fixed_1000_pboc-0_vol-0_atr-0,1.3,SOL,True,SOLUSDT
1142,38.528896672504374,1.6890009552399656,-1.7593594320397763,0.6835015802067201,-2.2787150153846674,-0.40958817171709017,99655.876291305,-0.34412370869499886,2026-01,29.146201379522243,2022-02,-30.842466216084212,0,fixed_1000,False,False,False,buf0_size-fixed_1000_pboc-0_vol-0_atr-0,1.3,XAU,True,PAXGUSDT
0,0.0,0.0,0.0,0.0,0.0,0.0,100000.0,0.0,,0.0,,0.0,0,fixed_1000,False,False,False,buf0_size-fixed_1000_pboc-0_vol-0_atr-0,1.3,XAG,False,
960,50.416666666666664,4.006083665941685,-3.821354389037583,1.074994055106103,0.44021995031128236,-0.11987453825402783,100135.26522269004,0.1352652226900286,2023-10,41.42588656385801,2022-06,-60.576813575113746,0,fixed_1000,False,False,True,buf0_size-fixed_1000_pboc-0_vol-0_atr-1,1.3,BTC,True,BTCUSDT
861,49.12891986062718,6.029149599476966,-5.226589613946083,1.1140480319960218,0.6525455871634455,-0.1693499449198166,100261.08402967037,0.2610840296703776,2024-12,81.06375992341061,2024-03,-71.56533078904883,0,fixed_1000,False,False,True,buf0_size-fixed_1000_pboc-0_vol-0_atr-1,1.3,ETH,True,ETHUSDT
837,48.50657108721625,8.690583304011048,-8.81978588260218,0.9368909492517351,-0.358081760219408,-0.28856636967619087,99762.32824955735,-0.23767175044264732,2023-12,94.87037938521831,2024-06,-111.66015180600105,0,fixed_1000,False,False,True,buf0_size-fixed_1000_pboc-0_vol-0_atr-1,1.3,SOL,True,SOLUSDT
917,39.36750272628135,1.8323305559558571,-1.8532605531814836,0.7181549450777656,-1.7819251279440684,-0.32544631029276516,99740.40083576887,-0.25959916423112794,2026-01,29.146201379522243,2024-01,-27.828953504985037,0,fixed_1000,False,False,True,buf0_size-fixed_1000_pboc-0_vol-0_atr-1,1.3,XAU,True,PAXGUSDT
0,0.0,0.0,0.0,0.0,0.0,0.0,100000.0,0.0,,0.0,,0.0,0,fixed_1000,False,False,True,buf0_size-fixed_1000_pboc-0_vol-0_atr-1,1.3,XAG,False,
334,59.88023952095808,6.170790080743518,-5.214961430046725,1.7928573520507727,2.1365574571065076,-0.04961956265860934,100545.78310738254,0.5457831073825359,2022-09,60.03280011675714,2022-11,-31.948586423705997,0,fixed_1000,False,True,False,buf0_size-fixed_1000_pboc-0_vol-1_atr-0,1.3,BTC,True,BTCUSDT
329,58.96656534954408,8.252217143986519,-6.989415435902516,1.7093331846326039,2.0199629063371893,-0.05571419313712411,100664.34845752244,0.6643484575224345,2022-07,81.30265288490506,2022-06,-37.32607180890008,0,fixed_1000,False,True,False,buf0_size-fixed_1000_pboc-0_vol-1_atr-0,1.3,ETH,True,ETHUSDT
341,56.30498533724341,12.30971618328802,-12.247977316071864,1.3038366354680675,0.9390383255008807,-0.15861682754485518,100550.76486441266,0.5507648644126562,2023-06,66.57867975814165,2023-07,-58.948829599486764,0,fixed_1000,False,True,False,buf0_size-fixed_1000_pboc-0_vol-1_atr-0,1.3,SOL,True,SOLUSDT
403,43.67245657568238,2.327364273800673,-2.082122179751725,0.9691138109758529,-0.11093840160383482,-0.09952620441256999,99986.94530969932,-0.01305469030067341,2026-01,41.58538412833737,2022-11,-14.760953223660811,0,fixed_1000,False,True,False,buf0_size-fixed_1000_pboc-0_vol-1_atr-0,1.3,XAU,True,PAXGUSDT
0,0.0,0.0,0.0,0.0,0.0,0.0,100000.0,0.0,,0.0,,0.0,0,fixed_1000,False,True,False,buf0_size-fixed_1000_pboc-0_vol-1_atr-0,1.3,XAG,False,
257,59.53307392996109,6.12667495434926,-5.189612321986859,1.7708475819260168,1.8496627860934538,-0.0528697104984599,100408.04081117277,0.4080408111727829,2024-11,50.929884458833,2022-06,-38.256581412756496,0,fixed_1000,False,True,True,buf0_size-fixed_1000_pboc-0_vol-1_atr-1,1.3,BTC,True,BTCUSDT
225,59.111111111111114,8.767467830060081,-7.3464421763204815,1.7252853318702974,1.722429866054108,-0.0558107528985774,100490.20054117651,0.490200541176522,2025-11,52.304545663732775,2022-02,-34.43545707396576,0,fixed_1000,False,True,True,buf0_size-fixed_1000_pboc-0_vol-1_atr-1,1.3,ETH,True,ETHUSDT
216,56.481481481481474,12.119325767922836,-13.686015351089633,1.1616580834066925,0.4144434352227561,-0.21615908397933925,100205.75831603525,0.20575831603524275,2025-02,64.35314259550847,2022-11,-120.07125709192582,0,fixed_1000,False,True,True,buf0_size-fixed_1000_pboc-0_vol-1_atr-1,1.3,SOL,True,SOLUSDT
320,43.75,2.591841539814716,-2.2028156076224965,1.0105800777132126,0.03341405622550622,-0.09084489601279833,100003.79887153159,0.003798871531590642,2026-01,41.58538412833737,2022-11,-15.583540985522111,0,fixed_1000,False,True,True,buf0_size-fixed_1000_pboc-0_vol-1_atr-1,1.3,XAU,True,PAXGUSDT
0,0.0,0.0,0.0,0.0,0.0,0.0,100000.0,0.0,,0.0,,0.0,0,fixed_1000,False,True,True,buf0_size-fixed_1000_pboc-0_vol-1_atr-1,1.3,XAG,False,
1250,49.84,3.9713657582174813,-3.658553038339306,1.0855017589194682,0.5613867003340394,-0.11980328271049556,100194.8823244841,0.19488232448410248,2023-10,51.778877848892165,2025-11,-55.36301241183696,0,fixed_1000,True,False,False,buf0_size-fixed_1000_pboc-1_vol-0_atr-0,1.3,BTC,True,BTCUSDT
1224,48.8562091503268,5.6707724173784255,-4.951261517333505,1.0975970900134817,0.6592459368291195,-0.16928165813400176,100301.5347187762,0.3015347187761863,2024-12,81.06375992341061,2024-03,-71.56533078904883,0,fixed_1000,True,False,False,buf0_size-fixed_1000_pboc-1_vol-0_atr-0,1.3,ETH,True,ETHUSDT
1248,49.43910256410257,8.638917727309757,-8.552292428784444,1.000400529899161,0.003825076858521741,-0.24278290842598693,100002.13405461742,0.0021340546174197783,2022-06,101.11016273448,2024-06,-111.66015180600105,0,fixed_1000,True,False,False,buf0_size-fixed_1000_pboc-1_vol-0_atr-0,1.3,SOL,True,SOLUSDT
1066,37.89868667917448,1.4586153146045346,-1.67318606737718,0.6061802217653158,-3.285078538508838,-0.39664165595280076,99617.15948195409,-0.3828405180459127,2025-04,20.125087357959263,2022-02,-30.32163288275088,0,fixed_1000,True,False,False,buf0_size-fixed_1000_pboc-1_vol-0_atr-0,1.3,XAU,True,PAXGUSDT
0,0.0,0.0,0.0,0.0,0.0,0.0,100000.0,0.0,,0.0,,0.0,0,fixed_1000,True,False,False,buf0_size-fixed_1000_pboc-1_vol-0_atr-0,1.3,XAG,False,
960,50.416666666666664,4.006083665941685,-3.821354389037583,1.074994055106103,0.44021995031128236,-0.11987453825402783,100135.26522269004,0.1352652226900286,2023-10,41.42588656385801,2022-06,-60.576813575113746,0,fixed_1000,True,False,True,buf0_size-fixed_1000_pboc-1_vol-0_atr-1,1.3,BTC,True,BTCUSDT
861,49.12891986062718,6.029149599476966,-5.226589613946083,1.1140480319960218,0.6525455871634455,-0.1693499449198166,100261.08402967037,0.2610840296703776,2024-12,81.06375992341061,2024-03,-71.56533078904883,0,fixed_1000,True,False,True,buf0_size-fixed_1000_pboc-1_vol-0_atr-1,1.3,ETH,True,ETHUSDT
837,48.50657108721625,8.690583304011048,-8.81978588260218,0.9368909492517351,-0.358081760219408,-0.28856636967619087,99762.32824955735,-0.23767175044264732,2023-12,94.87037938521831,2024-06,-111.66015180600105,0,fixed_1000,True,False,True,buf0_size-fixed_1000_pboc-1_vol-0_atr-1,1.3,SOL,True,SOLUSDT
844,38.74407582938388,1.570437671583309,-1.750549591079644,0.6363456995532712,-2.6598914186539755,-0.30765416881244345,99706.52975712002,-0.29347024287997847,2025-04,20.125087357959263,2024-01,-27.828953504985037,0,fixed_1000,True,False,True,buf0_size-fixed_1000_pboc-1_vol-0_atr-1,1.3,XAU,True,PAXGUSDT
0,0.0,0.0,0.0,0.0,0.0,0.0,100000.0,0.0,,0.0,,0.0,0,fixed_1000,True,False,True,buf0_size-fixed_1000_pboc-1_vol-0_atr-1,1.3,XAG,False,
334,59.88023952095808,6.170790080743518,-5.214961430046725,1.7928573520507727,2.1365574571065076,-0.04961956265860934,100545.78310738254,0.5457831073825359,2022-09,60.03280011675714,2022-11,-31.948586423705997,0,fixed_1000,True,True,False,buf0_size-fixed_1000_pboc-1_vol-1_atr-0,1.3,BTC,True,BTCUSDT
329,58.96656534954408,8.252217143986519,-6.989415435902516,1.7093331846326039,2.0199629063371893,-0.05571419313712411,100664.34845752244,0.6643484575224345,2022-07,81.30265288490506,2022-06,-37.32607180890008,0,fixed_1000,True,True,False,buf0_size-fixed_1000_pboc-1_vol-1_atr-0,1.3,ETH,True,ETHUSDT
341,56.30498533724341,12.30971618328802,-12.247977316071864,1.3038366354680675,0.9390383255008807,-0.15861682754485518,100550.76486441266,0.5507648644126562,2023-06,66.57867975814165,2023-07,-58.948829599486764,0,fixed_1000,True,True,False,buf0_size-fixed_1000_pboc-1_vol-1_atr-0,1.3,SOL,True,SOLUSDT
365,42.73972602739726,1.8689472245899834,-2.00298061656899,0.7825857678716448,-0.980299866214979,-0.11637301388205401,99919.0013723542,-0.08099862764578969,2023-03,11.634930020763228,2022-11,-14.760953223660811,0,fixed_1000,True,True,False,buf0_size-fixed_1000_pboc-1_vol-1_atr-0,1.3,XAU,True,PAXGUSDT
0,0.0,0.0,0.0,0.0,0.0,0.0,100000.0,0.0,,0.0,,0.0,0,fixed_1000,True,True,False,buf0_size-fixed_1000_pboc-1_vol-1_atr-0,1.3,XAG,False,
257,59.53307392996109,6.12667495434926,-5.189612321986859,1.7708475819260168,1.8496627860934538,-0.0528697104984599,100408.04081117277,0.4080408111727829,2024-11,50.929884458833,2022-06,-38.256581412756496,0,fixed_1000,True,True,True,buf0_size-fixed_1000_pboc-1_vol-1_atr-1,1.3,BTC,True,BTCUSDT
225,59.111111111111114,8.767467830060081,-7.3464421763204815,1.7252853318702974,1.722429866054108,-0.0558107528985774,100490.20054117651,0.490200541176522,2025-11,52.304545663732775,2022-02,-34.43545707396576,0,fixed_1000,True,True,True,buf0_size-fixed_1000_pboc-1_vol-1_atr-1,1.3,ETH,True,ETHUSDT
216,56.481481481481474,12.119325767922836,-13.686015351089633,1.1616580834066925,0.4144434352227561,-0.21615908397933925,100205.75831603525,0.20575831603524275,2025-02,64.35314259550847,2022-11,-120.07125709192582,0,fixed_1000,True,True,True,buf0_size-fixed_1000_pboc-1_vol-1_atr-1,1.3,SOL,True,SOLUSDT
285,42.80701754385965,2.05523845519844,-2.1091049431677407,0.8087355307759277,-0.7558312946122366,-0.10336524993007634,99940.70066488856,-0.05929933511144014,2025-09,10.836233808298601,2022-11,-15.583540985522111,0,fixed_1000,True,True,True,buf0_size-fixed_1000_pboc-1_vol-1_atr-1,1.3,XAU,True,PAXGUSDT
0,0.0,0.0,0.0,0.0,0.0,0.0,100000.0,0.0,,0.0,,0.0,0,fixed_1000,True,True,True,buf0_size-fixed_1000_pboc-1_vol-1_atr-1,1.3,XAG,False,
1192,51.34228187919463,972.787334668315,-887.7360644463495,1.1582622511081568,1.31574518535502,-17.25332659722114,181346.6675025724,81.3466675025724,2023-10,14454.932168271142,2025-06,-12087.208557079663,10,risk_1pct,False,False,False,buf10_size-risk_1pct_pboc-0_vol-0_atr-0,1.3,BTC,True,BTCUSDT
1170,50.34188034188034,859.1645150756536,-791.5702736239341,1.1098893050204197,0.9273596864615569,-16.760588658844277,150103.42177217396,50.10342177217395,2025-01,11530.350378274165,2025-06,-9363.10708372438,10,risk_1pct,False,False,False,buf10_size-risk_1pct_pboc-0_vol-0_atr-0,1.3,ETH,True,ETHUSDT
1209,49.13151364764268,694.0612714164118,-694.0928980354086,0.9785386065135377,-0.12690037149174896,-29.029605958981197,90958.00611385562,-9.041993886144384,2022-11,7978.067652615629,2025-10,-9122.788598594076,10,risk_1pct,False,False,False,buf10_size-risk_1pct_pboc-0_vol-0_atr-0,1.3,SOL,True,SOLUSDT
1120,38.57142857142858,248.42086644351704,-306.30756618723166,0.5791068736523328,-3.325086160417163,-80.1981330073404,22001.736760324115,-77.9982632396759,2023-06,2115.422057778925,2022-02,-8915.863224479157,10,risk_1pct,False,False,False,buf10_size-risk_1pct_pboc-0_vol-0_atr-0,1.3,XAU,True,PAXGUSDT
0,0.0,0.0,0.0,0.0,0.0,0.0,100000.0,0.0,,0.0,,0.0,10,risk_1pct,False,False,False,buf10_size-risk_1pct_pboc-0_vol-0_atr-0,1.3,XAG,False,
920,51.63043478260869,977.2596043847058,-886.3319330900713,1.1795712811960581,1.3410661104502515,-17.25332659722114,170666.9337907437,70.66693379074368,2023-06,10372.559497403263,2025-06,-11375.377617549919,10,risk_1pct,False,False,True,buf10_size-risk_1pct_pboc-0_vol-0_atr-1,1.3,BTC,True,BTCUSDT
823,50.18226002430134,861.7388918995288,-770.8512595631887,1.131605360585193,0.9298086741164683,-16.760588658844277,141390.84845272452,41.39084845272451,2025-01,10861.085001884985,2025-06,-8819.636748393687,10,risk_1pct,False,False,True,buf10_size-risk_1pct_pboc-0_vol-0_atr-1,1.3,ETH,True,ETHUSDT
815,48.09815950920245,635.3405839875894,-635.2648715709283,0.9356723616133634,-0.4165982592937233,-24.74674007380141,82877.52773491609,-17.12247226508391,2022-11,4494.964516515754,2025-10,-8312.34321642179,10,risk_1pct,False,False,True,buf10_size-risk_1pct_pboc-0_vol-0_atr-1,1.3,SOL,True,SOLUSDT
895,39.4413407821229,314.44685458477454,-367.018219518285,0.6248689926103975,-2.669522282964874,-69.757582798055,33362.92142157546,-66.63707857842454,2023-06,2364.466647121586,2024-01,-6787.24381530864,10,risk_1pct,False,False,True,buf10_size-risk_1pct_pboc-0_vol-0_atr-1,1.3,XAU,True,PAXGUSDT
0,0.0,0.0,0.0,0.0,0.0,0.0,100000.0,0.0,,0.0,,0.0,10,risk_1pct,False,False,True,buf10_size-risk_1pct_pboc-0_vol-0_atr-1,1.3,XAG,False,
321,63.2398753894081,1165.3577658004654,-949.9216279326531,2.1105008400226843,3.134082551628723,-3.6479665565940844,224476.87436144135,124.47687436144138,2025-12,11023.079482090321,2025-06,-5275.771787450783,10,risk_1pct,False,True,False,buf10_size-risk_1pct_pboc-0_vol-1_atr-0,1.3,BTC,True,BTCUSDT
319,60.18808777429467,1154.575446416123,-892.2904430777297,1.971726891007684,2.88082643508485,-2.9825803852943866,209249.88988410163,109.24988988410162,2025-01,7652.316687852601,2024-10,-3115.7200110937347,10,risk_1pct,False,True,False,buf10_size-risk_1pct_pboc-0_vol-1_atr-0,1.3,ETH,True,ETHUSDT
333,55.55555555555556,974.8820844215217,-825.2320435326798,1.507230703140047,1.8154921752499986,-6.462042037756777,160694.539305743,60.694539305743,2025-12,6958.323488223669,2025-10,-4454.769561455497,10,risk_1pct,False,True,False,buf10_size-risk_1pct_pboc-0_vol-1_atr-0,1.3,SOL,True,SOLUSDT
394,44.67005076142132,548.660921943033,-571.1147753623413,0.8715485221827513,-0.5226808375280172,-28.539416141501828,85768.05584167955,-14.231944158320442,2022-10,5603.214871317625,2024-01,-3681.0949597110266,10,risk_1pct,False,True,False,buf10_size-risk_1pct_pboc-0_vol-1_atr-0,1.3,XAU,True,PAXGUSDT
0,0.0,0.0,0.0,0.0,0.0,0.0,100000.0,0.0,,0.0,,0.0,10,risk_1pct,False,True,False,buf10_size-risk_1pct_pboc-0_vol-1_atr-0,1.3,XAG,False,
244,63.114754098360656,1010.7161706083631,-813.5468780627037,2.12581194316174,2.7163916463355435,-3.524548564751395,182431.07124804455,82.43107124804455,2025-12,8958.393616672254,2025-06,-4287.589541607502,10,risk_1pct,False,True,True,buf10_size-risk_1pct_pboc-0_vol-1_atr-1,1.3,BTC,True,BTCUSDT
218,58.71559633027523,992.8781313907313,-750.8034849123405,1.9019085399153175,2.210648959889935,-2.8985281926790507,160266.89066081535,60.26689066081534,2025-01,5860.997119727444,2024-10,-2386.365692351139,10,risk_1pct,False,True,True,buf10_size-risk_1pct_pboc-0_vol-1_atr-1,1.3,ETH,True,ETHUSDT
212,56.132075471698116,860.3281915589681,-764.0025442379886,1.4725665073728378,1.3365219730824378,-5.158976314133634,132854.8232698603,32.85482326986029,2025-12,5752.820483361843,2025-10,-3682.997725697899,10,risk_1pct,False,True,True,buf10_size-risk_1pct_pboc-0_vol-1_atr-1,1.3,SOL,True,SOLUSDT
311,45.01607717041801,568.6122534725304,-575.4244545877619,0.8983285752078408,-0.35289033395348696,-24.92786664079255,90990.34947963891,-9.00965052036109,2022-10,4020.5888054020033,2024-01,-3853.8738840571123,10,risk_1pct,False,True,True,buf10_size-risk_1pct_pboc-0_vol-1_atr-1,1.3,XAU,True,PAXGUSDT
0,0.0,0.0,0.0,0.0,0.0,0.0,100000.0,0.0,,0.0,,0.0,10,risk_1pct,False,True,True,buf10_size-risk_1pct_pboc-0_vol-1_atr-1,1.3,XAG,False,
1192,51.34228187919463,972.787334668315,-887.7360644463495,1.1582622511081568,1.31574518535502,-17.25332659722114,181346.6675025724,81.3466675025724,2023-10,14454.932168271142,2025-06,-12087.208557079663,10,risk_1pct,True,False,False,buf10_size-risk_1pct_pboc-1_vol-0_atr-0,1.3,BTC,True,BTCUSDT
1170,50.34188034188034,859.1645150756536,-791.5702736239341,1.1098893050204197,0.9273596864615569,-16.760588658844277,150103.42177217396,50.10342177217395,2025-01,11530.350378274165,2025-06,-9363.10708372438,10,risk_1pct,True,False,False,buf10_size-risk_1pct_pboc-1_vol-0_atr-0,1.3,ETH,True,ETHUSDT
1209,49.13151364764268,694.0612714164118,-694.0928980354086,0.9785386065135377,-0.12690037149174896,-29.029605958981197,90958.00611385562,-9.041993886144384,2022-11,7978.067652615629,2025-10,-9122.788598594076,10,risk_1pct,True,False,False,buf10_size-risk_1pct_pboc-1_vol-0_atr-0,1.3,SOL,True,SOLUSDT
1052,38.02281368821293,256.3067958925659,-316.26541894920643,0.5667250064793803,-3.4266353946993138,-80.49600323282084,21618.89871808025,-78.38110128191975,2023-06,2078.726872174845,2022-02,-8884.590763239006,10,risk_1pct,True,False,False,buf10_size-risk_1pct_pboc-1_vol-0_atr-0,1.3,XAU,True,PAXGUSDT
0,0.0,0.0,0.0,0.0,0.0,0.0,100000.0,0.0,,0.0,,0.0,10,risk_1pct,True,False,False,buf10_size-risk_1pct_pboc-1_vol-0_atr-0,1.3,XAG,False,
920,51.63043478260869,977.2596043847058,-886.3319330900713,1.1795712811960581,1.3410661104502515,-17.25332659722114,170666.9337907437,70.66693379074368,2023-06,10372.559497403263,2025-06,-11375.377617549919,10,risk_1pct,True,False,True,buf10_size-risk_1pct_pboc-1_vol-0_atr-1,1.3,BTC,True,BTCUSDT
823,50.18226002430134,861.7388918995288,-770.8512595631887,1.131605360585193,0.9298086741164683,-16.760588658844277,141390.84845272452,41.39084845272451,2025-01,10861.085001884985,2025-06,-8819.636748393687,10,risk_1pct,True,False,True,buf10_size-risk_1pct_pboc-1_vol-0_atr-1,1.3,ETH,True,ETHUSDT
815,48.09815950920245,635.3405839875894,-635.2648715709283,0.9356723616133634,-0.4165982592937233,-24.74674007380141,82877.52773491609,-17.12247226508391,2022-11,4494.964516515754,2025-10,-8312.34321642179,10,risk_1pct,True,False,True,buf10_size-risk_1pct_pboc-1_vol-0_atr-1,1.3,SOL,True,SOLUSDT
830,38.915662650602414,327.97035420078873,-382.3337943444194,0.612993669555822,-2.7446234817190462,-69.90615212586818,33119.549363177284,-66.8804506368227,2023-06,2347.3472339938526,2024-01,-6753.109142833342,10,risk_1pct,True,False,True,buf10_size-risk_1pct_pboc-1_vol-0_atr-1,1.3,XAU,True,PAXGUSDT
0,0.0,0.0,0.0,0.0,0.0,0.0,100000.0,0.0,,0.0,,0.0,10,risk_1pct,True,False,True,buf10_size-risk_1pct_pboc-1_vol-0_atr-1,1.3,XAG,False,
321,63.2398753894081,1165.3577658004654,-949.9216279326531,2.1105008400226843,3.134082551628723,-3.6479665565940844,224476.87436144135,124.47687436144138,2025-12,11023.079482090321,2025-06,-5275.771787450783,10,risk_1pct,True,True,False,buf10_size-risk_1pct_pboc-1_vol-1_atr-0,1.3,BTC,True,BTCUSDT
319,60.18808777429467,1154.575446416123,-892.2904430777297,1.971726891007684,2.88082643508485,-2.9825803852943866,209249.88988410163,109.24988988410162,2025-01,7652.316687852601,2024-10,-3115.7200110937347,10,risk_1pct,True,True,False,buf10_size-risk_1pct_pboc-1_vol-1_atr-0,1.3,ETH,True,ETHUSDT
333,55.55555555555556,974.8820844215217,-825.2320435326798,1.507230703140047,1.8154921752499986,-6.462042037756777,160694.539305743,60.694539305743,2025-12,6958.323488223669,2025-10,-4454.769561455497,10,risk_1pct,True,True,False,buf10_size-risk_1pct_pboc-1_vol-1_atr-0,1.3,SOL,True,SOLUSDT
358,43.575418994413404,548.804876062879,-584.657820344476,0.8180649121062602,-0.7599554137981146,-31.039231153435843,80959.81082414792,-19.040189175852085,2022-10,5584.228866224738,2022-06,-3624.289845935887,10,risk_1pct,True,True,False,buf10_size-risk_1pct_pboc-1_vol-1_atr-0,1.3,XAU,True,PAXGUSDT
0,0.0,0.0,0.0,0.0,0.0,0.0,100000.0,0.0,,0.0,,0.0,10,risk_1pct,True,True,False,buf10_size-risk_1pct_pboc-1_vol-1_atr-0,1.3,XAG,False,
244,63.114754098360656,1010.7161706083631,-813.5468780627037,2.12581194316174,2.7163916463355435,-3.524548564751395,182431.07124804455,82.43107124804455,2025-12,8958.393616672254,2025-06,-4287.589541607502,10,risk_1pct,True,True,True,buf10_size-risk_1pct_pboc-1_vol-1_atr-1,1.3,BTC,True,BTCUSDT
218,58.71559633027523,992.8781313907313,-750.8034849123405,1.9019085399153175,2.210648959889935,-2.8985281926790507,160266.89066081535,60.26689066081534,2025-01,5860.997119727444,2024-10,-2386.365692351139,10,risk_1pct,True,True,True,buf10_size-risk_1pct_pboc-1_vol-1_atr-1,1.3,ETH,True,ETHUSDT
212,56.132075471698116,860.3281915589681,-764.0025442379886,1.4725665073728378,1.3365219730824378,-5.158976314133634,132854.8232698603,32.85482326986029,2025-12,5752.820483361843,2025-10,-3682.997725697899,10,risk_1pct,True,True,True,buf10_size-risk_1pct_pboc-1_vol-1_atr-1,1.3,SOL,True,SOLUSDT
278,43.884892086330936,573.9380924946256,-594.6269308860287,0.8411089811989917,-0.5710360493730648,-27.017229730197347,86772.67696030032,-13.227323039699678,2022-10,4028.035350436953,2022-06,-3852.3059431523525,10,risk_1pct,True,True,True,buf10_size-risk_1pct_pboc-1_vol-1_atr-1,1.3,XAU,True,PAXGUSDT
0,0.0,0.0,0.0,0.0,0.0,0.0,100000.0,0.0,,0.0,,0.0,10,risk_1pct,True,True,True,buf10_size-risk_1pct_pboc-1_vol-1_atr-1,1.3,XAG,False,
1192,51.34228187919463,3.8327653095471117,-3.6553678243799084,1.1082914956693655,0.6843666299687774,-0.0983078983983976,100229.19439912686,0.22919439912685302,2023-10,43.85607150271364,2022-06,-61.51658758231186,10,fixed_1000,False,False,False,buf10_size-fixed_1000_pboc-0_vol-0_atr-0,1.3,BTC,True,BTCUSDT
1170,50.34188034188034,5.5394531106835645,-4.964203233821635,1.1410643809514243,0.9022028570173789,-0.16858350234846275,100403.35681951136,0.40335681951135793,2022-07,110.48242674432868,2022-06,-81.08105906954472,10,fixed_1000,False,False,False,buf10_size-fixed_1000_pboc-0_vol-0_atr-0,1.3,ETH,True,ETHUSDT
1209,49.13151364764268,8.239666482664141,-8.558289148039593,0.9421508226099882,-0.39620000146565126,-0.3755773908701854,99699.48037784247,-0.3005196221575357,2025-08,64.03653551613782,2024-06,-121.27678186837015,10,fixed_1000,False,False,False,buf10_size-fixed_1000_pboc-0_vol-0_atr-0,1.3,SOL,True,SOLUSDT
1120,38.57142857142858,1.621989942314167,-1.7550709733986374,0.6599056480450322,-2.56622978147404,-0.40645586429279845,99638.88171617355,-0.36111828382644484,2025-04,19.92335430519873,2022-02,-32.42306517118328,10,fixed_1000,False,False,False,buf10_size-fixed_1000_pboc-0_vol-0_atr-0,1.3,XAU,True,PAXGUSDT
0,0.0,0.0,0.0,0.0,0.0,0.0,100000.0,0.0,,0.0,,0.0,10,fixed_1000,False,False,False,buf10_size-fixed_1000_pboc-0_vol-0_atr-0,1.3,XAG,False,
920,51.63043478260869,3.880122195549933,-3.7373408939005097,1.1106911962183497,0.6211167532878504,-0.09755501824804114,100183.6786859944,0.18367868599440396,2024-04,34.66736468503876,2022-06,-68.55821231946994,10,fixed_1000,False,False,True,buf10_size-fixed_1000_pboc-0_vol-0_atr-1,1.3,BTC,True,BTCUSDT
823,50.18226002430134,5.8561217537443255,-5.168103117247736,1.1470142559507914,0.8028140673644969,-0.16874049752024778,100309.99221245933,0.3099922124593313,2024-12,79.98035826884434,2024-03,-76.52379361252184,10,fixed_1000,False,False,True,buf10_size-fixed_1000_pboc-0_vol-0_atr-1,1.3,ETH,True,ETHUSDT
815,48.09815950920245,8.19580941800917,-8.698444504771008,0.8814999620509825,-0.6760051191618449,-0.49733657589399183,99568.10904436054,-0.431890955639469,2025-08,64.03653551613782,2024-06,-121.27678186837015,10,fixed_1000,False,False,True,buf10_size-fixed_1000_pboc-0_vol-0_atr-1,1.3,SOL,True,SOLUSDT
895,39.4413407821229,1.7535710070090649,-1.8493426480638484,0.691568677478909,-2.043745000013369,-0.321791557669604,99723.9287238113,-0.2760712761886941,2025-04,19.92335430519873,2024-03,-28.058405316597156,10,fixed_1000,False,False,True,buf10_size-fixed_1000_pboc-0_vol-0_atr-1,1.3,XAU,True,PAXGUSDT
0,0.0,0.0,0.0,0.0,0.0,0.0,100000.0,0.0,,0.0,,0.0,10,fixed_1000,False,False,True,buf10_size-fixed_1000_pboc-0_vol-0_atr-1,1.3,XAG,False,
321,63.2398753894081,5.835646900682459,-5.222574280237972,1.9222878059489161,2.311624358554646,-0.052990561102650435,100568.37255577046,0.5683725557704689,2024-11,43.52928221683324,2024-06,-21.365097846942184,10,fixed_1000,False,True,False,buf10_size-fixed_1000_pboc-0_vol-1_atr-0,1.3,BTC,True,BTCUSDT
319,60.18808777429467,8.029325073266149,-7.222155594431584,1.6941149849830286,1.945928256852187,-0.08401072625371375,100631.63880916873,0.631638809168722,2022-07,78.85961726490967,2022-06,-77.96012253394798,10,fixed_1000,False,True,False,buf10_size-fixed_1000_pboc-0_vol-1_atr-0,1.3,ETH,True,ETHUSDT
333,55.55555555555556,11.717731347514897,-11.983026219920664,1.2476154759445597,0.7609425607161765,-0.14660612056576205,100430.24149740176,0.4302414974017621,2023-02,62.95502377104913,2022-05,-67.81031477866638,10,fixed_1000,False,True,False,buf10_size-fixed_1000_pboc-0_vol-1_atr-0,1.3,SOL,True,SOLUSDT
394,44.67005076142132,2.1467810327282963,-2.1295976593036174,0.9145366756033796,-0.3334098805290989,-0.10657348240750153,99964.69151585527,-0.03530848414472487,2026-01,26.179914287048263,2024-05,-14.862096853113771,10,fixed_1000,False,True,False,buf10_size-fixed_1000_pboc-0_vol-1_atr-0,1.3,XAU,True,PAXGUSDT
0,0.0,0.0,0.0,0.0,0.0,0.0,100000.0,0.0,,0.0,,0.0,10,fixed_1000,False,True,False,buf10_size-fixed_1000_pboc-0_vol-1_atr-0,1.3,XAG,False,
244,63.114754098360656,5.857078229142134,-5.068520806155074,1.9773247501246354,2.0984877803989828,-0.05623344559357868,100445.82317473393,0.4458231747339392,2024-11,43.52928221683324,2022-06,-41.62930898278588,10,fixed_1000,False,True,True,buf10_size-fixed_1000_pboc-0_vol-1_atr-1,1.3,BTC,True,BTCUSDT
218,58.71559633027523,8.42411380605468,-7.340310038748543,1.6505541785706725,1.554341342731191,-0.07401994500453313,100424.99897372638,0.42499897372638706,2025-11,45.95598315506962,2024-03,-41.022847931217626,10,fixed_1000,False,True,True,buf10_size-fixed_1000_pboc-0_vol-1_atr-1,1.3,ETH,True,ETHUSDT
212,56.132075471698116,11.264122791298357,-13.509897841610924,1.0903122214376462,0.2304985844004909,-0.21284237085061886,100111.02990857791,0.11102990857791983,2024-12,55.93832192908084,2022-11,-106.72819942553252,10,fixed_1000,False,True,True,buf10_size-fixed_1000_pboc-0_vol-1_atr-1,1.3,SOL,True,SOLUSDT
311,45.01607717041801,2.3648226081808716,-2.2662832745706507,0.948618718071408,-0.1753338608044509,-0.0968574252234844,99982.06754086145,-0.017932459138547685,2026-01,26.179914287048263,2022-11,-15.583540985522111,10,fixed_1000,False,True,True,buf10_size-fixed_1000_pboc-0_vol-1_atr-1,1.3,XAU,True,PAXGUSDT
0,0.0,0.0,0.0,0.0,0.0,0.0,100000.0,0.0,,0.0,,0.0,10,fixed_1000,False,True,True,buf10_size-fixed_1000_pboc-0_vol-1_atr-1,1.3,XAG,False,
1192,51.34228187919463,3.8327653095471117,-3.6553678243799084,1.1082914956693655,0.6843666299687774,-0.0983078983983976,100229.19439912686,0.22919439912685302,2023-10,43.85607150271364,2022-06,-61.51658758231186,10,fixed_1000,True,False,False,buf10_size-fixed_1000_pboc-1_vol-0_atr-0,1.3,BTC,True,BTCUSDT
1170,50.34188034188034,5.5394531106835645,-4.964203233821635,1.1410643809514243,0.9022028570173789,-0.16858350234846275,100403.35681951136,0.40335681951135793,2022-07,110.48242674432868,2022-06,-81.08105906954472,10,fixed_1000,True,False,False,buf10_size-fixed_1000_pboc-1_vol-0_atr-0,1.3,ETH,True,ETHUSDT
1209,49.13151364764268,8.239666482664141,-8.558289148039593,0.9421508226099882,-0.39620000146565126,-0.3755773908701854,99699.48037784247,-0.3005196221575357,2025-08,64.03653551613782,2024-06,-121.27678186837015,10,fixed_1000,True,False,False,buf10_size-fixed_1000_pboc-1_vol-0_atr-0,1.3,SOL,True,SOLUSDT
1052,38.02281368821293,1.4557757871966999,-1.6832719461565406,0.604789397420994,-3.253614894763704,-0.4123160268100001,99619.47876167714,-0.3805212383228618,2025-04,19.82288125339595,2022-02,-31.902231837849946,10,fixed_1000,True,False,False,buf10_size-fixed_1000_pboc-1_vol-0_atr-0,1.3,XAU,True,PAXGUSDT
0,0.0,0.0,0.0,0.0,0.0,0.0,100000.0,0.0,,0.0,,0.0,10,fixed_1000,True,False,False,buf10_size-fixed_1000_pboc-1_vol-0_atr-0,1.3,XAG,False,
920,51.63043478260869,3.880122195549933,-3.7373408939005097,1.1106911962183497,0.6211167532878504,-0.09755501824804114,100183.6786859944,0.18367868599440396,2024-04,34.66736468503876,2022-06,-68.55821231946994,10,fixed_1000,True,False,True,buf10_size-fixed_1000_pboc-1_vol-0_atr-1,1.3,BTC,True,BTCUSDT
823,50.18226002430134,5.8561217537443255,-5.168103117247736,1.1470142559507914,0.8028140673644969,-0.16874049752024778,100309.99221245933,0.3099922124593313,2024-12,79.98035826884434,2024-03,-76.52379361252184,10,fixed_1000,True,False,True,buf10_size-fixed_1000_pboc-1_vol-0_atr-1,1.3,ETH,True,ETHUSDT
815,48.09815950920245,8.19580941800917,-8.698444504771008,0.8814999620509825,-0.6760051191618449,-0.49733657589399183,99568.10904436054,-0.431890955639469,2025-08,64.03653551613782,2024-06,-121.27678186837015,10,fixed_1000,True,False,True,buf10_size-fixed_1000_pboc-1_vol-0_atr-1,1.3,SOL,True,SOLUSDT
830,38.915662650602414,1.5683060259634365,-1.7636976689584674,0.6354344520839421,-2.6248309587462177,-0.3228060223871454,99709.37150001696,-0.29062849998303664,2025-04,19.82288125339595,2024-01,-27.828953504985037,10,fixed_1000,True,False,True,buf10_size-fixed_1000_pboc-1_vol-0_atr-1,1.3,XAU,True,PAXGUSDT
0,0.0,0.0,0.0,0.0,0.0,0.0,100000.0,0.0,,0.0,,0.0,10,fixed_1000,True,False,True,buf10_size-fixed_1000_pboc-1_vol-0_atr-1,1.3,XAG,False,
321,63.2398753894081,5.835646900682459,-5.222574280237972,1.9222878059489161,2.311624358554646,-0.052990561102650435,100568.37255577046,0.5683725557704689,2024-11,43.52928221683324,2024-06,-21.365097846942184,10,fixed_1000,True,True,False,buf10_size-fixed_1000_pboc-1_vol-1_atr-0,1.3,BTC,True,BTCUSDT
319,60.18808777429467,8.029325073266149,-7.222155594431584,1.6941149849830286,1.945928256852187,-0.08401072625371375,100631.63880916873,0.631638809168722,2022-07,78.85961726490967,2022-06,-77.96012253394798,10,fixed_1000,True,True,False,buf10_size-fixed_1000_pboc-1_vol-1_atr-0,1.3,ETH,True,ETHUSDT
333,55.55555555555556,11.717731347514897,-11.983026219920664,1.2476154759445597,0.7609425607161765,-0.14660612056576205,100430.24149740176,0.4302414974017621,2023-02,62.95502377104913,2022-05,-67.81031477866638,10,fixed_1000,True,True,False,buf10_size-fixed_1000_pboc-1_vol-1_atr-0,1.3,SOL,True,SOLUSDT
358,43.575418994413404,1.8395712327250244,-2.065061851509584,0.7763456303012384,-0.9955553068838385,-0.12738721614597992,99917.32704088489,-0.0826729591151043,2023-03,11.634930020763228,2022-11,-14.760953223660811,10,fixed_1000,True,True,False,buf10_size-fixed_1000_pboc-1_vol-1_atr-0,1.3,XAU,True,PAXGUSDT
0,0.0,0.0,0.0,0.0,0.0,0.0,100000.0,0.0,,0.0,,0.0,10,fixed_1000,True,True,False,buf10_size-fixed_1000_pboc-1_vol-1_atr-0,1.3,XAG,False,
244,63.114754098360656,5.857078229142134,-5.068520806155074,1.9773247501246354,2.0984877803989828,-0.05623344559357868,100445.82317473393,0.4458231747339392,2024-11,43.52928221683324,2022-06,-41.62930898278588,10,fixed_1000,True,True,True,buf10_size-fixed_1000_pboc-1_vol-1_atr-1,1.3,BTC,True,BTCUSDT
218,58.71559633027523,8.42411380605468,-7.340310038748543,1.6505541785706725,1.554341342731191,-0.07401994500453313,100424.99897372638,0.42499897372638706,2025-11,45.95598315506962,2024-03,-41.022847931217626,10,fixed_1000,True,True,True,buf10_size-fixed_1000_pboc-1_vol-1_atr-1,1.3,ETH,True,ETHUSDT
212,56.132075471698116,11.264122791298357,-13.509897841610924,1.0903122214376462,0.2304985844004909,-0.21284237085061886,100111.02990857791,0.11102990857791983,2024-12,55.93832192908084,2022-11,-106.72819942553252,10,fixed_1000,True,True,True,buf10_size-fixed_1000_pboc-1_vol-1_atr-1,1.3,SOL,True,SOLUSDT
278,43.884892086330936,2.017675711502263,-2.190054572929663,0.8028385614740627,-0.766758066438135,-0.11334441143897589,99939.54879659312,-0.06045120340687493,2025-09,11.007580564906764,2022-11,-15.583540985522111,10,fixed_1000,True,True,True,buf10_size-fixed_1000_pboc-1_vol-1_atr-1,1.3,XAU,True,PAXGUSDT
0,0.0,0.0,0.0,0.0,0.0,0.0,100000.0,0.0,,0.0,,0.0,10,fixed_1000,True,True,True,buf10_size-fixed_1000_pboc-1_vol-1_atr-1,1.3,XAG,False,
1119,52.189454870420015,882.3180115439753,-824.0454708022069,1.1798069379801348,1.3955373843689909,-12.876085272665582,178529.61921651196,78.52961921651196,2023-10,13868.493728557685,2025-02,-8567.173003545482,20,risk_1pct,False,False,False,buf20_size-risk_1pct_pboc-0_vol-0_atr-0,1.3,BTC,True,BTCUSDT
1126,49.644760213143876,760.2135751959735,-694.2070716886426,1.0911778304550197,0.7667373643870705,-16.89095774083067,135509.2213172206,35.509221317220586,2025-01,9065.89512066237,2024-06,-6921.335891855074,20,risk_1pct,False,False,False,buf20_size-risk_1pct_pboc-0_vol-0_atr-0,1.3,ETH,True,ETHUSDT
1150,47.82608695652174,607.7762812164736,-604.2250820709708,0.9505713113934167,-0.3649705847201984,-28.64152751366733,82617.9569037555,-17.382043096244495,2022-11,9669.689981657119,2025-10,-8468.142371699298,20,risk_1pct,False,False,False,buf20_size-risk_1pct_pboc-0_vol-0_atr-0,1.3,SOL,True,SOLUSDT
1047,38.87297039159503,260.35769179365263,-323.94793214252263,0.5851642721334569,-3.285293378748149,-76.43578185172345,24878.68649234643,-75.12131350765357,2023-06,2282.5329695683035,2022-02,-8320.306215020673,20,risk_1pct,False,False,False,buf20_size-risk_1pct_pboc-0_vol-0_atr-0,1.3,XAU,True,PAXGUSDT
0,0.0,0.0,0.0,0.0,0.0,0.0,100000.0,0.0,,0.0,,0.0,20,risk_1pct,False,False,False,buf20_size-risk_1pct_pboc-0_vol-0_atr-0,1.3,XAG,False,
863,51.680185399768256,843.3398458035992,-773.741559242492,1.177040761459877,1.234791206558813,-12.876085272665671,156574.30726125604,56.57430726125603,2025-01,9877.883102734762,2025-02,-7513.594573854363,20,risk_1pct,False,False,True,buf20_size-risk_1pct_pboc-0_vol-0_atr-1,1.3,BTC,True,BTCUSDT
795,49.43396226415094,723.0810634487094,-653.070138854823,1.087826716566939,0.6209641183140796,-16.890957740830682,122942.80239341366,22.942802393413665,2025-01,8225.17125775385,2024-06,-6279.487274587738,20,risk_1pct,False,False,True,buf20_size-risk_1pct_pboc-0_vol-0_atr-1,1.3,ETH,True,ETHUSDT
773,47.21862871927555,533.0366607287385,-548.0798699953847,0.8852414072979792,-0.7474927480401241,-29.91789130507898,74778.35329784031,-25.221646702159696,2022-11,5180.539346996075,2025-10,-7664.601810294301,20,risk_1pct,False,False,True,buf20_size-risk_1pct_pboc-0_vol-0_atr-1,1.3,SOL,True,SOLUSDT
831,39.59085439229844,327.75951625096076,-382.56574819301767,0.630576237005724,-2.645724156431529,-64.65957474531558,36825.99140428717,-63.17400859571283,2023-06,2434.480840333907,2024-01,-5848.810389934138,20,risk_1pct,False,False,True,buf20_size-risk_1pct_pboc-0_vol-0_atr-1,1.3,XAU,True,PAXGUSDT
0,0.0,0.0,0.0,0.0,0.0,0.0,100000.0,0.0,,0.0,,0.0,20,risk_1pct,False,False,True,buf20_size-risk_1pct_pboc-0_vol-0_atr-1,1.3,XAG,False,
307,65.47231270358306,1048.090325367752,-886.7130460662398,2.2626760100501264,3.3103296643017828,-3.0007257586735503,217561.28556196293,117.56128556196295,2025-12,10583.969771623515,2025-10,-5175.891503583001,20,risk_1pct,False,True,False,buf20_size-risk_1pct_pboc-0_vol-1_atr-0,1.3,BTC,True,BTCUSDT
309,58.57605177993528,1072.7696530894636,-786.4840736622515,1.9287909169070676,2.7546929061184495,-3.5029789505901854,193501.34578042477,93.50134578042477,2025-11,8275.905835094747,2024-10,-3589.453816121114,20,risk_1pct,False,True,False,buf20_size-risk_1pct_pboc-0_vol-1_atr-0,1.3,ETH,True,ETHUSDT
319,54.858934169278996,933.8934186439938,-772.0178825887301,1.4803757620812117,1.7411549061834362,-6.013845993710298,153032.79105251053,53.03279105251053,2022-11,6032.942627270472,2025-10,-5126.78453170221,20,risk_1pct,False,True,False,buf20_size-risk_1pct_pboc-0_vol-1_atr-0,1.3,SOL,True,SOLUSDT
364,45.879120879120876,514.6649877056944,-583.8861401354281,0.8459869835112356,-0.6377234676561725,-23.04757511787947,84352.86456328645,-15.647135436713555,2022-10,5705.335473143237,2022-11,-3892.8474833059136,20,risk_1pct,False,True,False,buf20_size-risk_1pct_pboc-0_vol-1_atr-0,1.3,XAU,True,PAXGUSDT
0,0.0,0.0,0.0,0.0,0.0,0.0,100000.0,0.0,,0.0,,0.0,20,risk_1pct,False,True,False,buf20_size-risk_1pct_pboc-0_vol-1_atr-0,1.3,XAG,False,
235,63.829787234042556,881.0889926641279,-731.1201740221707,2.1520035379822953,2.6641701423739272,-3.0007257586735503,170749.25428175682,70.74925428175682,2025-12,8306.647670229304,2025-10,-4062.209929479263,20,risk_1pct,False,True,True,buf20_size-risk_1pct_pboc-0_vol-1_atr-1,1.3,BTC,True,BTCUSDT
211,56.39810426540285,920.3077664647187,-649.7130662908897,1.832190471445087,2.0524049922695853,-3.5029789505901854,149743.02211053966,49.74302211053967,2025-11,6404.39551183061,2024-10,-2777.7360409787875,20,risk_1pct,False,True,True,buf20_size-risk_1pct_pboc-0_vol-1_atr-1,1.3,ETH,True,ETHUSDT
204,54.90196078431373,791.7403228328628,-696.2772701738961,1.3995137710852101,1.1515277720338073,-5.190768432832627,125313.68457145608,25.313684571456086,2025-12,4565.663204304501,2025-10,-4198.160768374821,20,risk_1pct,False,True,True,buf20_size-risk_1pct_pboc-0_vol-1_atr-1,1.3,SOL,True,SOLUSDT
286,45.8041958041958,523.2733836165247,-575.7350695763907,0.8504508518897288,-0.5449727920602474,-20.67726002301843,87945.90351307004,-12.054096486929966,2022-10,4097.3791652249165,2022-11,-4197.3764778978575,20,risk_1pct,False,True,True,buf20_size-risk_1pct_pboc-0_vol-1_atr-1,1.3,XAU,True,PAXGUSDT
0,0.0,0.0,0.0,0.0,0.0,0.0,100000.0,0.0,,0.0,,0.0,20,risk_1pct,False,True,True,buf20_size-risk_1pct_pboc-0_vol-1_atr-1,1.3,XAG,False,
1119,52.189454870420015,882.3180115439753,-824.0454708022069,1.1798069379801348,1.3955373843689909,-12.876085272665582,178529.61921651196,78.52961921651196,2023-10,13868.493728557685,2025-02,-8567.173003545482,20,risk_1pct,True,False,False,buf20_size-risk_1pct_pboc-1_vol-0_atr-0,1.3,BTC,True,BTCUSDT
1126,49.644760213143876,760.2135751959735,-694.2070716886426,1.0911778304550197,0.7667373643870705,-16.89095774083067,135509.2213172206,35.509221317220586,2025-01,9065.89512066237,2024-06,-6921.335891855074,20,risk_1pct,True,False,False,buf20_size-risk_1pct_pboc-1_vol-0_atr-0,1.3,ETH,True,ETHUSDT
1150,47.82608695652174,607.7762812164736,-604.2250820709708,0.9505713113934167,-0.3649705847201984,-28.64152751366733,82617.9569037555,-17.382043096244495,2022-11,9669.689981657119,2025-10,-8468.142371699298,20,risk_1pct,True,False,False,buf20_size-risk_1pct_pboc-1_vol-0_atr-0,1.3,SOL,True,SOLUSDT
986,38.74239350912779,269.27537099810314,-339.68117533406337,0.5790110172489866,-3.3048163559753787,-76.18303405886937,25209.937021560138,-74.79006297843986,2023-06,2270.9211252423097,2022-02,-8293.891475090064,20,risk_1pct,True,False,False,buf20_size-risk_1pct_pboc-1_vol-0_atr-0,1.3,XAU,True,PAXGUSDT
0,0.0,0.0,0.0,0.0,0.0,0.0,100000.0,0.0,,0.0,,0.0,20,risk_1pct,True,False,False,buf20_size-risk_1pct_pboc-1_vol-0_atr-0,1.3,XAG,False,
863,51.680185399768256,843.3398458035992,-773.741559242492,1.177040761459877,1.234791206558813,-12.876085272665671,156574.30726125604,56.57430726125603,2025-01,9877.883102734762,2025-02,-7513.594573854363,20,risk_1pct,True,False,True,buf20_size-risk_1pct_pboc-1_vol-0_atr-1,1.3,BTC,True,BTCUSDT
795,49.43396226415094,723.0810634487094,-653.070138854823,1.087826716566939,0.6209641183140796,-16.890957740830682,122942.80239341366,22.942802393413665,2025-01,8225.17125775385,2024-06,-6279.487274587738,20,risk_1pct,True,False,True,buf20_size-risk_1pct_pboc-1_vol-0_atr-1,1.3,ETH,True,ETHUSDT
773,47.21862871927555,533.0366607287385,-548.0798699953847,0.8852414072979792,-0.7474927480401241,-29.91789130507898,74778.35329784031,-25.221646702159696,2022-11,5180.539346996075,2025-10,-7664.601810294301,20,risk_1pct,True,False,True,buf20_size-risk_1pct_pboc-1_vol-0_atr-1,1.3,SOL,True,SOLUSDT
773,39.58602846054334,340.9471671433997,-404.9207581942266,0.6253760648956747,-2.6464954396088802,-64.10231780940417,37502.480769858936,-62.497519230141066,2023-06,2434.179430554578,2024-06,-5965.930447116115,20,risk_1pct,True,False,True,buf20_size-risk_1pct_pboc-1_vol-0_atr-1,1.3,XAU,True,PAXGUSDT
0,0.0,0.0,0.0,0.0,0.0,0.0,100000.0,0.0,,0.0,,0.0,20,risk_1pct,True,False,True,buf20_size-risk_1pct_pboc-1_vol-0_atr-1,1.3,XAG,False,
307,65.47231270358306,1048.090325367752,-886.7130460662398,2.2626760100501264,3.3103296643017828,-3.0007257586735503,217561.28556196293,117.56128556196295,2025-12,10583.969771623515,2025-10,-5175.891503583001,20,risk_1pct,True,True,False,buf20_size-risk_1pct_pboc-1_vol-1_atr-0,1.3,BTC,True,BTCUSDT
309,58.57605177993528,1072.7696530894636,-786.4840736622515,1.9287909169070676,2.7546929061184495,-3.5029789505901854,193501.34578042477,93.50134578042477,2025-11,8275.905835094747,2024-10,-3589.453816121114,20,risk_1pct,True,True,False,buf20_size-risk_1pct_pboc-1_vol-1_atr-0,1.3,ETH,True,ETHUSDT
319,54.858934169278996,933.8934186439938,-772.0178825887301,1.4803757620812117,1.7411549061834362,-6.013845993710298,153032.79105251053,53.03279105251053,2022-11,6032.942627270472,2025-10,-5126.78453170221,20,risk_1pct,True,True,False,buf20_size-risk_1pct_pboc-1_vol-1_atr-0,1.3,SOL,True,SOLUSDT
330,45.151515151515156,520.9607905094076,-607.2758044091536,0.8089994780041079,-0.7919908014487458,-25.153391252349067,81673.58068925548,-18.326419310744512,2022-10,5693.805558345606,2022-11,-3884.9804262303087,20,risk_1pct,True,True,False,buf20_size-risk_1pct_pboc-1_vol-1_atr-0,1.3,XAU,True,PAXGUSDT
0,0.0,0.0,0.0,0.0,0.0,0.0,100000.0,0.0,,0.0,,0.0,20,risk_1pct,True,True,False,buf20_size-risk_1pct_pboc-1_vol-1_atr-0,1.3,XAG,False,
235,63.829787234042556,881.0889926641279,-731.1201740221707,2.1520035379822953,2.6641701423739272,-3.0007257586735503,170749.25428175682,70.74925428175682,2025-12,8306.647670229304,2025-10,-4062.209929479263,20,risk_1pct,True,True,True,buf20_size-risk_1pct_pboc-1_vol-1_atr-1,1.3,BTC,True,BTCUSDT
211,56.39810426540285,920.3077664647187,-649.7130662908897,1.832190471445087,2.0524049922695853,-3.5029789505901854,149743.02211053966,49.74302211053967,2025-11,6404.39551183061,2024-10,-2777.7360409787875,20,risk_1pct,True,True,True,buf20_size-risk_1pct_pboc-1_vol-1_atr-1,1.3,ETH,True,ETHUSDT
204,54.90196078431373,791.7403228328628,-696.2772701738961,1.3995137710852101,1.1515277720338073,-5.190768432832627,125313.68457145608,25.313684571456086,2025-12,4565.663204304501,2025-10,-4198.160768374821,20,risk_1pct,True,True,True,buf20_size-risk_1pct_pboc-1_vol-1_atr-1,1.3,SOL,True,SOLUSDT
255,45.09803921568628,530.4135087033852,-603.3619781272516,0.8087689408632197,-0.6962010252854999,-22.434013564977416,85577.30623498285,-14.422693765017147,2022-10,4095.8457829599215,2022-11,-4195.805673148973,20,risk_1pct,True,True,True,buf20_size-risk_1pct_pboc-1_vol-1_atr-1,1.3,XAU,True,PAXGUSDT
0,0.0,0.0,0.0,0.0,0.0,0.0,100000.0,0.0,,0.0,,0.0,20,risk_1pct,True,True,True,buf20_size-risk_1pct_pboc-1_vol-1_atr-1,1.3,XAG,False,
1119,52.189454870420015,3.824411270682675,-3.671706910736222,1.1477136848126075,0.8803811018068909,-0.08421192623074836,100287.45151938849,0.287451519388493,2023-10,45.21909165291132,2024-06,-37.13793828416179,20,fixed_1000,False,False,False,buf20_size-fixed_1000_pboc-0_vol-0_atr-0,1.3,BTC,True,BTCUSDT
1126,49.644760213143876,5.537381544351369,-4.890385317556902,1.1282629231417651,0.8042315449420298,-0.1808895187231374,100351.890120143,0.3518901201430058,2022-07,101.40516845489843,2022-06,-96.1458416295248,20,fixed_1000,False,False,False,buf20_size-fixed_1000_pboc-0_vol-0_atr-0,1.3,ETH,True,ETHUSDT
1150,47.82608695652174,8.120401656467138,-8.377141388633355,0.9160546223531061,-0.5954485817408023,-0.4720611148232856,99590.72462287231,-0.4092753771276936,2022-11,156.64752790853493,2022-01,-133.8394676452113,20,fixed_1000,False,False,False,buf20_size-fixed_1000_pboc-0_vol-0_atr-0,1.3,SOL,True,SOLUSDT
1047,38.87297039159503,1.5300788784713255,-1.6811990339040792,0.6626394527321279,-2.4336772350314995,-0.35305000262867425,99682.95184358546,-0.31704815641454553,2026-01,12.80177216415709,2022-11,-32.42524453969729,20,fixed_1000,False,False,False,buf20_size-fixed_1000_pboc-0_vol-0_atr-0,1.3,XAU,True,PAXGUSDT
0,0.0,0.0,0.0,0.0,0.0,0.0,100000.0,0.0,,0.0,,0.0,20,fixed_1000,False,False,False,buf20_size-fixed_1000_pboc-0_vol-0_atr-0,1.3,XAG,False,
863,51.680185399768256,3.8666517237927773,-3.833010307640229,1.0893811997477265,0.48466157650106084,-0.10889032527258147,100141.49341175616,0.14149341175615504,2024-04,40.86201749069514,2022-06,-63.652197891267754,20,fixed_1000,False,False,True,buf20_size-fixed_1000_pboc-0_vol-0_atr-1,1.3,BTC,True,BTCUSDT
795,49.43396226415094,5.818214078767726,-5.135035268348804,1.1132144247623494,0.613818061732477,-0.1811049607411741,100232.5440256162,0.23254402561618814,2024-12,76.22938035756592,2024-03,-80.53654916487581,20,fixed_1000,False,False,True,buf20_size-fixed_1000_pboc-0_vol-0_atr-1,1.3,ETH,True,ETHUSDT
773,47.21862871927555,7.893764297428832,-8.508833176702574,0.8444280231196287,-0.9458371788915895,-0.5748673883865574,99469.18186470379,-0.5308181352962182,2025-08,60.14821255558564,2025-10,-117.90293900013675,20,fixed_1000,False,False,True,buf20_size-fixed_1000_pboc-0_vol-0_atr-1,1.3,SOL,True,SOLUSDT
831,39.59085439229844,1.6650308897188637,-1.764773471246834,0.6944191727779161,-1.929786050063982,-0.27470818906387695,99758.94142107017,-0.2410585789298314,2026-01,12.80177216415709,2022-11,-29.632462730652406,20,fixed_1000,False,False,True,buf20_size-fixed_1000_pboc-0_vol-0_atr-1,1.3,XAU,True,PAXGUSDT
0,0.0,0.0,0.0,0.0,0.0,0.0,100000.0,0.0,,0.0,,0.0,20,fixed_1000,False,False,True,buf20_size-fixed_1000_pboc-0_vol-0_atr-1,1.3,XAG,False,
307,65.47231270358306,5.746730494387123,-5.157362235293601,2.1330446820222404,2.5404837179789563,-0.06085697371003285,100613.56979466598,0.6135697946659802,2024-07,49.8236575112597,2026-02,-26.971833279021737,20,fixed_1000,False,True,False,buf20_size-fixed_1000_pboc-0_vol-1_atr-0,1.3,BTC,True,BTCUSDT
309,58.57605177993528,8.214821420158483,-6.895632534195729,1.684583808205742,1.8814172358296628,-0.08623577601732935,100604.24171267163,0.6042417126716382,2022-07,69.7197538857185,2022-06,-77.96012253394798,20,fixed_1000,False,True,False,buf20_size-fixed_1000_pboc-0_vol-1_atr-0,1.3,ETH,True,ETHUSDT
319,54.858934169278996,11.80614444318965,-11.334524883343306,1.2746964705398025,0.898669316683109,-0.15999178916088486,100445.2382192401,0.4452382192400961,2022-11,85.2199567756845,2022-05,-72.47253728122196,20,fixed_1000,False,True,False,buf20_size-fixed_1000_pboc-0_vol-1_atr-0,1.3,SOL,True,SOLUSDT
364,45.879120879120876,2.018938980488886,-2.1629197382717105,0.8958803524138674,-0.38620098777930606,-0.09068251236231673,99960.81477528237,-0.03918522471763053,2026-01,26.538418384970473,2022-11,-26.157334195913457,20,fixed_1000,False,True,False,buf20_size-fixed_1000_pboc-0_vol-1_atr-0,1.3,XAU,True,PAXGUSDT
0,0.0,0.0,0.0,0.0,0.0,0.0,100000.0,0.0,,0.0,,0.0,20,fixed_1000,False,True,False,buf20_size-fixed_1000_pboc-0_vol-1_atr-0,1.3,XAG,False,
235,63.829787234042556,5.671611755530888,-5.2727108614535,1.9208104523457004,1.9081790099873024,-0.06413213364288017,100407.83405096753,0.4078340509675371,2024-07,49.8236575112597,2022-06,-49.52481419323904,20,fixed_1000,False,True,True,buf20_size-fixed_1000_pboc-0_vol-1_atr-1,1.3,BTC,True,BTCUSDT
211,56.39810426540285,8.677832267509508,-6.822407554938509,1.6452531308204972,1.501474922399851,-0.08640731623812403,100405.0005447793,0.40500054477929925,2025-11,68.17989845526151,2024-03,-51.469858546280804,20,fixed_1000,False,True,True,buf20_size-fixed_1000_pboc-0_vol-1_atr-1,1.3,ETH,True,ETHUSDT
204,54.90196078431373,11.305473472704907,-12.53297900602853,1.1102251813228075,0.31186070888468664,-0.12622440391591994,100125.71193939436,0.12571193939436842,2024-12,49.39038431810428,2022-05,-76.98979139926055,20,fixed_1000,False,True,True,buf20_size-fixed_1000_pboc-0_vol-1_atr-1,1.3,SOL,True,SOLUSDT
286,45.8041958041958,2.2470022727376726,-2.2985639453562148,0.9147242263504962,-0.2792043567356983,-0.08349129125414523,99972.55834537877,-0.027441654621229716,2026-01,26.538418384970473,2022-11,-26.979921957774756,20,fixed_1000,False,True,True,buf20_size-fixed_1000_pboc-0_vol-1_atr-1,1.3,XAU,True,PAXGUSDT
0,0.0,0.0,0.0,0.0,0.0,0.0,100000.0,0.0,,0.0,,0.0,20,fixed_1000,False,True,True,buf20_size-fixed_1000_pboc-0_vol-1_atr-1,1.3,XAG,False,
1119,52.189454870420015,3.824411270682675,-3.671706910736222,1.1477136848126075,0.8803811018068909,-0.08421192623074836,100287.45151938849,0.287451519388493,2023-10,45.21909165291132,2024-06,-37.13793828416179,20,fixed_1000,True,False,False,buf20_size-fixed_1000_pboc-1_vol-0_atr-0,1.3,BTC,True,BTCUSDT
1126,49.644760213143876,5.537381544351369,-4.890385317556902,1.1282629231417651,0.8042315449420298,-0.1808895187231374,100351.890120143,0.3518901201430058,2022-07,101.40516845489843,2022-06,-96.1458416295248,20,fixed_1000,True,False,False,buf20_size-fixed_1000_pboc-1_vol-0_atr-0,1.3,ETH,True,ETHUSDT
1150,47.82608695652174,8.120401656467138,-8.377141388633355,0.9160546223531061,-0.5954485817408023,-0.4720611148232856,99590.72462287231,-0.4092753771276936,2022-11,156.64752790853493,2022-01,-133.8394676452113,20,fixed_1000,True,False,False,buf20_size-fixed_1000_pboc-1_vol-0_atr-0,1.3,SOL,True,SOLUSDT
986,38.74239350912779,1.3813692709609238,-1.6114891606059296,0.6261005368001573,-2.87305961837344,-0.32667538419449693,99684.87423051018,-0.3151257694898213,2025-04,12.990116337225091,2022-02,-29.272345535136214,20,fixed_1000,True,False,False,buf20_size-fixed_1000_pboc-1_vol-0_atr-0,1.3,XAU,True,PAXGUSDT
0,0.0,0.0,0.0,0.0,0.0,0.0,100000.0,0.0,,0.0,,0.0,20,fixed_1000,True,False,False,buf20_size-fixed_1000_pboc-1_vol-0_atr-0,1.3,XAG,False,
863,51.680185399768256,3.8666517237927773,-3.833010307640229,1.0893811997477265,0.48466157650106084,-0.10889032527258147,100141.49341175616,0.14149341175615504,2024-04,40.86201749069514,2022-06,-63.652197891267754,20,fixed_1000,True,False,True,buf20_size-fixed_1000_pboc-1_vol-0_atr-1,1.3,BTC,True,BTCUSDT
795,49.43396226415094,5.818214078767726,-5.135035268348804,1.1132144247623494,0.613818061732477,-0.1811049607411741,100232.5440256162,0.23254402561618814,2024-12,76.22938035756592,2024-03,-80.53654916487581,20,fixed_1000,True,False,True,buf20_size-fixed_1000_pboc-1_vol-0_atr-1,1.3,ETH,True,ETHUSDT
773,47.21862871927555,7.893764297428832,-8.508833176702574,0.8444280231196287,-0.9458371788915895,-0.5748673883865574,99469.18186470379,-0.5308181352962182,2025-08,60.14821255558564,2025-10,-117.90293900013675,20,fixed_1000,True,False,True,buf20_size-fixed_1000_pboc-1_vol-0_atr-1,1.3,SOL,True,SOLUSDT
773,39.58602846054334,1.4936249447173173,-1.6832938095484489,0.6590309977103421,-2.2809450746424904,-0.24566457431103306,99763.53218354954,-0.23646781645045856,2025-04,12.990116337225091,2022-11,-25.64385874204842,20,fixed_1000,True,False,True,buf20_size-fixed_1000_pboc-1_vol-0_atr-1,1.3,XAU,True,PAXGUSDT
0,0.0,0.0,0.0,0.0,0.0,0.0,100000.0,0.0,,0.0,,0.0,20,fixed_1000,True,False,True,buf20_size-fixed_1000_pboc-1_vol-0_atr-1,1.3,XAG,False,
307,65.47231270358306,5.746730494387123,-5.157362235293601,2.1330446820222404,2.5404837179789563,-0.06085697371003285,100613.56979466598,0.6135697946659802,2024-07,49.8236575112597,2026-02,-26.971833279021737,20,fixed_1000,True,True,False,buf20_size-fixed_1000_pboc-1_vol-1_atr-0,1.3,BTC,True,BTCUSDT
309,58.57605177993528,8.214821420158483,-6.895632534195729,1.684583808205742,1.8814172358296628,-0.08623577601732935,100604.24171267163,0.6042417126716382,2022-07,69.7197538857185,2022-06,-77.96012253394798,20,fixed_1000,True,True,False,buf20_size-fixed_1000_pboc-1_vol-1_atr-0,1.3,ETH,True,ETHUSDT
319,54.858934169278996,11.80614444318965,-11.334524883343306,1.2746964705398025,0.898669316683109,-0.15999178916088486,100445.2382192401,0.4452382192400961,2022-11,85.2199567756845,2022-05,-72.47253728122196,20,fixed_1000,True,True,False,buf20_size-fixed_1000_pboc-1_vol-1_atr-0,1.3,SOL,True,SOLUSDT
330,45.151515151515156,1.71787348846225,-2.064736884333808,0.7846132587710799,-0.8841897574581913,-0.09560812217268566,99929.73472205614,-0.0702652779438595,2023-03,11.634930020763228,2022-11,-26.157334195913457,20,fixed_1000,True,True,False,buf20_size-fixed_1000_pboc-1_vol-1_atr-0,1.3,XAU,True,PAXGUSDT
0,0.0,0.0,0.0,0.0,0.0,0.0,100000.0,0.0,,0.0,,0.0,20,fixed_1000,True,True,False,buf20_size-fixed_1000_pboc-1_vol-1_atr-0,1.3,XAG,False,
235,63.829787234042556,5.671611755530888,-5.2727108614535,1.9208104523457004,1.9081790099873024,-0.06413213364288017,100407.83405096753,0.4078340509675371,2024-07,49.8236575112597,2022-06,-49.52481419323904,20,fixed_1000,True,True,True,buf20_size-fixed_1000_pboc-1_vol-1_atr-1,1.3,BTC,True,BTCUSDT
211,56.39810426540285,8.677832267509508,-6.822407554938509,1.6452531308204972,1.501474922399851,-0.08640731623812403,100405.0005447793,0.40500054477929925,2025-11,68.17989845526151,2024-03,-51.469858546280804,20,fixed_1000,True,True,True,buf20_size-fixed_1000_pboc-1_vol-1_atr-1,1.3,ETH,True,ETHUSDT
204,54.90196078431373,11.305473472704907,-12.53297900602853,1.1102251813228075,0.31186070888468664,-0.12622440391591994,100125.71193939436,0.12571193939436842,2024-12,49.39038431810428,2022-05,-76.98979139926055,20,fixed_1000,True,True,True,buf20_size-fixed_1000_pboc-1_vol-1_atr-1,1.3,SOL,True,SOLUSDT
255,45.09803921568628,1.891050001431442,-2.1865926596595147,0.7956516242891963,-0.7379858050758151,-0.08626878511569513,99944.14666770717,-0.05585333229283229,2023-03,9.333560157749506,2022-11,-26.979921957774756,20,fixed_1000,True,True,True,buf20_size-fixed_1000_pboc-1_vol-1_atr-1,1.3,XAU,True,PAXGUSDT
0,0.0,0.0,0.0,0.0,0.0,0.0,100000.0,0.0,,0.0,,0.0,20,fixed_1000,True,True,True,buf20_size-fixed_1000_pboc-1_vol-1_atr-1,1.3,XAG,False,
1045,52.05741626794258,742.6010813251688,-704.0585900984559,1.1544876371677821,1.1512772576261792,-9.329933461313633,154057.86896195923,54.05786896195923,2023-10,11199.55713745984,2025-10,-6879.598896046657,30,risk_1pct,False,False,False,buf30_size-risk_1pct_pboc-0_vol-0_atr-0,1.3,BTC,True,BTCUSDT
1059,50.802644003777154,661.3507051327414,-646.6652686612854,1.0725491305502077,0.5957518075937324,-15.904935076714432,124067.39653817554,24.067396538175533,2022-11,8987.198834933708,2024-06,-6487.812823004579,30,risk_1pct,False,False,False,buf30_size-risk_1pct_pboc-0_vol-0_atr-0,1.3,ETH,True,ETHUSDT
1072,47.01492537313433,550.1798293066187,-545.4051543141251,0.9328664205863756,-0.49030730851530924,-26.160238530409707,80044.82486933765,-19.95517513066235,2022-11,9573.899241059282,2025-10,-7389.485075443879,30,risk_1pct,False,False,False,buf30_size-risk_1pct_pboc-0_vol-0_atr-0,1.3,SOL,True,SOLUSDT
988,39.67611336032389,277.84880523665896,-341.34383753869196,0.6100997472597616,-2.944961972749981,-72.10380288135288,30393.904620034198,-69.60609537996581,2022-05,2744.303120747182,2022-02,-8106.44935647699,30,risk_1pct,False,False,False,buf30_size-risk_1pct_pboc-0_vol-0_atr-0,1.3,XAU,True,PAXGUSDT
0,0.0,0.0,0.0,0.0,0.0,0.0,100000.0,0.0,,0.0,,0.0,30,risk_1pct,False,False,False,buf30_size-risk_1pct_pboc-0_vol-0_atr-0,1.3,XAG,False,
800,52.25,739.2105356563455,-696.2376443743317,1.170975257865071,1.1277729278373296,-8.753657846360252,145115.93668648074,45.11593668648073,2023-11,10230.67689107866,2025-10,-6480.288508168339,30,risk_1pct,False,False,True,buf30_size-risk_1pct_pboc-0_vol-0_atr-1,1.3,BTC,True,BTCUSDT
745,50.46979865771812,662.5437645283889,-629.048063788063,1.0849899652723334,0.5794948928330739,-15.904935076714422,119513.91218003127,19.51391218003127,2025-01,7656.600480200792,2024-06,-6249.699063609065,30,risk_1pct,False,False,True,buf30_size-risk_1pct_pboc-0_vol-0_atr-1,1.3,ETH,True,ETHUSDT
719,47.009735744089014,506.828388923608,-522.9204112369177,0.8854016258780751,-0.7110350978593365,-28.189362611537096,77827.44329851991,-22.172556701480094,2022-11,5323.40811314454,2025-10,-7184.783421703407,30,risk_1pct,False,False,True,buf30_size-risk_1pct_pboc-0_vol-0_atr-1,1.3,SOL,True,SOLUSDT
775,40.64516129032258,345.70524907427597,-401.75283545693196,0.661109990701325,-2.2949201417772183,-58.99909917231585,44178.49092105482,-55.82150907894518,2022-05,3182.9451971436683,2024-01,-6474.201207911562,30,risk_1pct,False,False,True,buf30_size-risk_1pct_pboc-0_vol-0_atr-1,1.3,XAU,True,PAXGUSDT
0,0.0,0.0,0.0,0.0,0.0,0.0,100000.0,0.0,,0.0,,0.0,30,risk_1pct,False,False,True,buf30_size-risk_1pct_pboc-0_vol-0_atr-1,1.3,XAG,False,
296,65.87837837837837,949.5294335865326,-831.0071980729126,2.2281183602109795,3.2944113120261074,-3.143317725538719,202057.51974208263,102.05751974208263,2025-12,9058.795982487722,2025-04,-5510.387291185871,30,risk_1pct,False,True,False,buf30_size-risk_1pct_pboc-0_vol-1_atr-0,1.3,BTC,True,BTCUSDT
291,61.16838487972509,991.4517437610231,-742.4112205820046,2.122408779770062,2.976222778403768,-3.166817640461017,193328.35368427765,93.32835368427766,2025-11,8639.024380002042,2022-06,-3218.0885859620375,30,risk_1pct,False,True,False,buf30_size-risk_1pct_pboc-0_vol-1_atr-0,1.3,ETH,True,ETHUSDT
303,56.43564356435643,796.2209505673021,-716.3612061112757,1.4733568340313405,1.63939146561964,-4.487371434215204,143743.18695865409,43.74318695865409,2022-11,5601.504715384846,2025-10,-5077.943705067899,30,risk_1pct,False,True,False,buf30_size-risk_1pct_pboc-0_vol-1_atr-0,1.3,SOL,True,SOLUSDT
346,45.95375722543353,516.8170240554415,-575.7408813000998,0.875627238003058,-0.48799012978494927,-21.350855786425814,88328.143172899,-11.671856827101001,2022-10,5671.150755818959,2022-12,-3315.6745998165006,30,risk_1pct,False,True,False,buf30_size-risk_1pct_pboc-0_vol-1_atr-0,1.3,XAU,True,PAXGUSDT
0,0.0,0.0,0.0,0.0,0.0,0.0,100000.0,0.0,,0.0,,0.0,30,risk_1pct,False,True,False,buf30_size-risk_1pct_pboc-0_vol-1_atr-0,1.3,XAG,False,
227,64.31718061674009,830.1929243551966,-707.9083728584831,2.1402516837459635,2.6797955492705676,-3.14331772553873,164575.49712718005,64.57549712718004,2025-12,7378.373515099215,2025-04,-4488.2008299804675,30,risk_1pct,False,True,True,buf30_size-risk_1pct_pboc-0_vol-1_atr-1,1.3,BTC,True,BTCUSDT
198,59.09090909090909,876.8971963807495,-616.3525883889386,2.0807280992508312,2.356314962113691,-3.0077874996106813,153288.76490543256,53.28876490543255,2025-11,6849.824932358746,2024-10,-2391.001913466591,30,risk_1pct,False,True,True,buf30_size-risk_1pct_pboc-0_vol-1_atr-1,1.3,ETH,True,ETHUSDT
195,55.38461538461539,689.597484047815,-645.0622256064007,1.3744803236608982,1.043211993224824,-4.233099427103659,120291.30132622634,20.29130132622634,2025-12,4373.233458720192,2025-10,-4249.470665483681,30,risk_1pct,False,True,True,buf30_size-risk_1pct_pboc-0_vol-1_atr-1,1.3,SOL,True,SOLUSDT
270,45.925925925925924,518.6620053591962,-556.7231438154961,0.8886351581639278,-0.3782814565921374,-20.848663344959363,91940.07996852584,-8.059920031474165,2022-10,3990.167673191939,2022-12,-3482.7877915184104,30,risk_1pct,False,True,True,buf30_size-risk_1pct_pboc-0_vol-1_atr-1,1.3,XAU,True,PAXGUSDT
0,0.0,0.0,0.0,0.0,0.0,0.0,100000.0,0.0,,0.0,,0.0,30,risk_1pct,False,True,True,buf30_size-risk_1pct_pboc-0_vol-1_atr-1,1.3,XAG,False,
1045,52.05741626794258,742.6010813251688,-704.0585900984559,1.1544876371677821,1.1512772576261792,-9.329933461313633,154057.86896195923,54.05786896195923,2023-10,11199.55713745984,2025-10,-6879.598896046657,30,risk_1pct,True,False,False,buf30_size-risk_1pct_pboc-1_vol-0_atr-0,1.3,BTC,True,BTCUSDT
1059,50.802644003777154,661.3507051327414,-646.6652686612854,1.0725491305502077,0.5957518075937324,-15.904935076714432,124067.39653817554,24.067396538175533,2022-11,8987.198834933708,2024-06,-6487.812823004579,30,risk_1pct,True,False,False,buf30_size-risk_1pct_pboc-1_vol-0_atr-0,1.3,ETH,True,ETHUSDT
1072,47.01492537313433,550.1798293066187,-545.4051543141251,0.9328664205863756,-0.49030730851530924,-26.160238530409707,80044.82486933765,-19.95517513066235,2022-11,9573.899241059282,2025-10,-7389.485075443879,30,risk_1pct,True,False,False,buf30_size-risk_1pct_pboc-1_vol-0_atr-0,1.3,SOL,True,SOLUSDT
935,39.25133689839572,289.45909496085466,-354.69711034221774,0.603828958710691,-2.9862006672837187,-71.92401443965258,30301.72112089368,-69.69827887910633,2022-05,2764.5481192822326,2022-02,-8004.229543043652,30,risk_1pct,True,False,False,buf30_size-risk_1pct_pboc-1_vol-0_atr-0,1.3,XAU,True,PAXGUSDT
0,0.0,0.0,0.0,0.0,0.0,0.0,100000.0,0.0,,0.0,,0.0,30,risk_1pct,True,False,False,buf30_size-risk_1pct_pboc-1_vol-0_atr-0,1.3,XAG,False,
800,52.25,739.2105356563455,-696.2376443743317,1.170975257865071,1.1277729278373296,-8.753657846360252,145115.93668648074,45.11593668648073,2023-11,10230.67689107866,2025-10,-6480.288508168339,30,risk_1pct,True,False,True,buf30_size-risk_1pct_pboc-1_vol-0_atr-1,1.3,BTC,True,BTCUSDT
745,50.46979865771812,662.5437645283889,-629.048063788063,1.0849899652723334,0.5794948928330739,-15.904935076714422,119513.91218003127,19.51391218003127,2025-01,7656.600480200792,2024-06,-6249.699063609065,30,risk_1pct,True,False,True,buf30_size-risk_1pct_pboc-1_vol-0_atr-1,1.3,ETH,True,ETHUSDT
719,47.009735744089014,506.828388923608,-522.9204112369177,0.8854016258780751,-0.7110350978593365,-28.189362611537096,77827.44329851991,-22.172556701480094,2022-11,5323.40811314454,2025-10,-7184.783421703407,30,risk_1pct,True,False,True,buf30_size-risk_1pct_pboc-1_vol-0_atr-1,1.3,SOL,True,SOLUSDT
724,40.331491712707184,362.7058979258628,-421.97663638199464,0.6553152718592257,-2.3199716396383305,-58.50196662335052,44293.070460047995,-55.706929539952,2022-05,3206.4261021377865,2024-01,-6526.163960369736,30,risk_1pct,True,False,True,buf30_size-risk_1pct_pboc-1_vol-0_atr-1,1.3,XAU,True,PAXGUSDT
0,0.0,0.0,0.0,0.0,0.0,0.0,100000.0,0.0,,0.0,,0.0,30,risk_1pct,True,False,True,buf30_size-risk_1pct_pboc-1_vol-0_atr-1,1.3,XAG,False,
296,65.87837837837837,949.5294335865326,-831.0071980729126,2.2281183602109795,3.2944113120261074,-3.143317725538719,202057.51974208263,102.05751974208263,2025-12,9058.795982487722,2025-04,-5510.387291185871,30,risk_1pct,True,True,False,buf30_size-risk_1pct_pboc-1_vol-1_atr-0,1.3,BTC,True,BTCUSDT
291,61.16838487972509,991.4517437610231,-742.4112205820046,2.122408779770062,2.976222778403768,-3.166817640461017,193328.35368427765,93.32835368427766,2025-11,8639.024380002042,2022-06,-3218.0885859620375,30,risk_1pct,True,True,False,buf30_size-risk_1pct_pboc-1_vol-1_atr-0,1.3,ETH,True,ETHUSDT
303,56.43564356435643,796.2209505673021,-716.3612061112757,1.4733568340313405,1.63939146561964,-4.487371434215204,143743.18695865409,43.74318695865409,2022-11,5601.504715384846,2025-10,-5077.943705067899,30,risk_1pct,True,True,False,buf30_size-risk_1pct_pboc-1_vol-1_atr-0,1.3,SOL,True,SOLUSDT
317,44.479495268138805,528.7019209751682,-590.1603877434086,0.8255977760669762,-0.7021942199640158,-23.674341160777924,84252.4315327572,-15.7475684672428,2022-10,5657.258706631341,2022-12,-3307.5525243129487,30,risk_1pct,True,True,False,buf30_size-risk_1pct_pboc-1_vol-1_atr-0,1.3,XAU,True,PAXGUSDT
0,0.0,0.0,0.0,0.0,0.0,0.0,100000.0,0.0,,0.0,,0.0,30,risk_1pct,True,True,False,buf30_size-risk_1pct_pboc-1_vol-1_atr-0,1.3,XAG,False,
227,64.31718061674009,830.1929243551966,-707.9083728584831,2.1402516837459635,2.6797955492705676,-3.14331772553873,164575.49712718005,64.57549712718004,2025-12,7378.373515099215,2025-04,-4488.2008299804675,30,risk_1pct,True,True,True,buf30_size-risk_1pct_pboc-1_vol-1_atr-1,1.3,BTC,True,BTCUSDT
198,59.09090909090909,876.8971963807495,-616.3525883889386,2.0807280992508312,2.356314962113691,-3.0077874996106813,153288.76490543256,53.28876490543255,2025-11,6849.824932358746,2024-10,-2391.001913466591,30,risk_1pct,True,True,True,buf30_size-risk_1pct_pboc-1_vol-1_atr-1,1.3,ETH,True,ETHUSDT
195,55.38461538461539,689.597484047815,-645.0622256064007,1.3744803236608982,1.043211993224824,-4.233099427103659,120291.30132622634,20.29130132622634,2025-12,4373.233458720192,2025-10,-4249.470665483681,30,risk_1pct,True,True,True,buf30_size-risk_1pct_pboc-1_vol-1_atr-1,1.3,SOL,True,SOLUSDT
243,44.44444444444444,530.7339496127614,-576.0552442903235,0.8291922682518817,-0.5972630921128881,-22.844358227502205,88192.63724333941,-11.807362756660588,2022-10,3994.867517329973,2022-12,-3486.8900150655463,30,risk_1pct,True,True,True,buf30_size-risk_1pct_pboc-1_vol-1_atr-1,1.3,XAU,True,PAXGUSDT
0,0.0,0.0,0.0,0.0,0.0,0.0,100000.0,0.0,,0.0,,0.0,30,risk_1pct,True,True,True,buf30_size-risk_1pct_pboc-1_vol-1_atr-1,1.3,XAG,False,
1045,52.05741626794258,3.7510664740497353,-3.586299330782821,1.144855661960567,0.8316685116505244,-0.07862311311964687,100258.189394484,0.2581893944839875,2022-07,55.81582522199181,2022-06,-48.75831828757562,30,fixed_1000,False,False,False,buf30_size-fixed_1000_pboc-0_vol-0_atr-0,1.3,BTC,True,BTCUSDT
1059,50.802644003777154,5.368004183201482,-4.991745645742465,1.1277823885935747,0.7739943750151067,-0.1940559020348065,100327.22073429651,0.3272207342965183,2022-07,106.84580877879111,2022-06,-126.01952216756388,30,fixed_1000,False,False,False,buf30_size-fixed_1000_pboc-0_vol-0_atr-0,1.3,ETH,True,ETHUSDT
1072,47.01492537313433,8.06053212916067,-8.362570852569915,0.8913698436745312,-0.7392989542124365,-0.547055645466632,99504.90707844637,-0.4950929215536304,2022-11,215.31547158417695,2022-01,-128.27983968470602,30,fixed_1000,False,False,False,buf30_size-fixed_1000_pboc-0_vol-0_atr-0,1.3,SOL,True,SOLUSDT
988,39.67611336032389,1.4962142544635144,-1.6105410603139914,0.6963159840522061,-2.0701715263617277,-0.3089714966792667,99744.20301320548,-0.2557969867945209,2026-01,22.9311075070915,2022-02,-28.303383218390167,30,fixed_1000,False,False,False,buf30_size-fixed_1000_pboc-0_vol-0_atr-0,1.3,XAU,True,PAXGUSDT
0,0.0,0.0,0.0,0.0,0.0,0.0,100000.0,0.0,,0.0,,0.0,30,fixed_1000,False,False,False,buf30_size-fixed_1000_pboc-0_vol-0_atr-0,1.3,XAG,False,
800,52.25,3.761865642493484,-3.7849413857204293,1.0961782832223501,0.4972111803068054,-0.0923673772046274,100137.96705337423,0.13796705337423276,2022-05,45.2701460111578,2022-06,-78.72085705397545,30,fixed_1000,False,False,True,buf30_size-fixed_1000_pboc-0_vol-0_atr-1,1.3,BTC,True,BTCUSDT
745,50.46979865771812,5.66212294475647,-5.2766949613929395,1.1053817416119003,0.5504110690622573,-0.1942965852170908,100202.96456632,0.20296456632000748,2025-01,70.43795048282634,2024-03,-76.05036918660339,30,fixed_1000,False,False,True,buf30_size-fixed_1000_pboc-0_vol-0_atr-1,1.3,ETH,True,ETHUSDT
719,47.009735744089014,7.7763539535546355,-8.347660585452791,0.8509934429792193,-0.8602479204193345,-0.5333479919810036,99539.77321968394,-0.46022678031606423,2022-11,105.9905059156261,2025-10,-120.08342043713864,30,fixed_1000,False,False,True,buf30_size-fixed_1000_pboc-0_vol-0_atr-1,1.3,SOL,True,SOLUSDT
775,40.64516129032258,1.623671718921356,-1.691283568360498,0.7375789160724641,-1.5450534390267432,-0.23333685603498244,99818.03032843242,-0.18196967156758337,2026-01,22.9311075070915,2022-11,-24.361865934682402,30,fixed_1000,False,False,True,buf30_size-fixed_1000_pboc-0_vol-0_atr-1,1.3,XAU,True,PAXGUSDT
0,0.0,0.0,0.0,0.0,0.0,0.0,100000.0,0.0,,0.0,,0.0,30,fixed_1000,False,False,True,buf30_size-fixed_1000_pboc-0_vol-0_atr-1,1.3,XAG,False,
296,65.87837837837837,5.602598484278732,-4.9249801834658635,2.218296650415193,2.600058916251259,-0.049437150003850405,100600.00868608776,0.6000086860877607,2024-07,51.09826227286685,2026-02,-28.12852806961166,30,fixed_1000,False,True,False,buf30_size-fixed_1000_pboc-0_vol-1_atr-0,1.3,BTC,True,BTCUSDT
291,61.16838487972509,8.100072307490716,-6.892968599246144,1.867603053404918,2.1784112414951737,-0.09629953904171096,100669.80038761778,0.6698003876177916,2025-11,71.991131350154,2022-06,-89.44682984773499,30,fixed_1000,False,True,False,buf30_size-fixed_1000_pboc-0_vol-1_atr-0,1.3,ETH,True,ETHUSDT
303,56.43564356435643,11.362680376034534,-11.955825887455536,1.25981741868376,0.8238315668148081,-0.22525384352516387,100400.71680482014,0.4007168048201448,2022-11,138.30867719614287,2022-05,-99.7302364532203,30,fixed_1000,False,True,False,buf30_size-fixed_1000_pboc-0_vol-1_atr-0,1.3,SOL,True,SOLUSDT
346,45.95375722543353,1.986611585091879,-2.0549149958459143,0.9430367603853214,-0.19837523385611283,-0.07238050985489686,99980.92009770672,-0.019079902293273054,2026-01,26.172124648937036,2022-11,-20.886737399943453,30,fixed_1000,False,True,False,buf30_size-fixed_1000_pboc-0_vol-1_atr-0,1.3,XAU,True,PAXGUSDT
0,0.0,0.0,0.0,0.0,0.0,0.0,100000.0,0.0,,0.0,,0.0,30,fixed_1000,False,True,False,buf30_size-fixed_1000_pboc-0_vol-1_atr-0,1.3,XAG,False,
227,64.31718061674009,5.5584758891059485,-5.092479092673289,1.992000028475947,1.971684532431205,-0.049487270339687583,100404.13915239561,0.4041391523956106,2024-07,51.09826227286685,2022-06,-49.52481419323904,30,fixed_1000,False,True,True,buf30_size-fixed_1000_pboc-0_vol-1_atr-1,1.3,BTC,True,BTCUSDT
198,59.09090909090909,8.595040131199477,-6.966296139643549,1.8044375289107977,1.7096059070123417,-0.08167098624826119,100448.31600417885,0.4483160041788503,2025-11,71.991131350154,2024-03,-47.75223841937138,30,fixed_1000,False,True,True,buf30_size-fixed_1000_pboc-0_vol-1_atr-1,1.3,ETH,True,ETHUSDT
195,55.38461538461539,10.984009664400938,-12.454363005430407,1.1339237609973627,0.35964941155651414,-0.11755040532746008,100140.10655129915,0.14010655129914618,2022-11,52.462107562213845,2022-05,-95.55020292970711,30,fixed_1000,False,True,True,buf30_size-fixed_1000_pboc-0_vol-1_atr-1,1.3,SOL,True,SOLUSDT
270,45.925925925925924,2.215335572901236,-2.169231881336682,0.9741186886799407,-0.07846258698519806,-0.07074945639444774,99992.70146646598,-0.007298533534016993,2026-01,26.172124648937036,2022-11,-21.709325161804752,30,fixed_1000,False,True,True,buf30_size-fixed_1000_pboc-0_vol-1_atr-1,1.3,XAU,True,PAXGUSDT
0,0.0,0.0,0.0,0.0,0.0,0.0,100000.0,0.0,,0.0,,0.0,30,fixed_1000,False,True,True,buf30_size-fixed_1000_pboc-0_vol-1_atr-1,1.3,XAG,False,
1045,52.05741626794258,3.7510664740497353,-3.586299330782821,1.144855661960567,0.8316685116505244,-0.07862311311964687,100258.189394484,0.2581893944839875,2022-07,55.81582522199181,2022-06,-48.75831828757562,30,fixed_1000,True,False,False,buf30_size-fixed_1000_pboc-1_vol-0_atr-0,1.3,BTC,True,BTCUSDT
1059,50.802644003777154,5.368004183201482,-4.991745645742465,1.1277823885935747,0.7739943750151067,-0.1940559020348065,100327.22073429651,0.3272207342965183,2022-07,106.84580877879111,2022-06,-126.01952216756388,30,fixed_1000,True,False,False,buf30_size-fixed_1000_pboc-1_vol-0_atr-0,1.3,ETH,True,ETHUSDT
1072,47.01492537313433,8.06053212916067,-8.362570852569915,0.8913698436745312,-0.7392989542124365,-0.547055645466632,99504.90707844637,-0.4950929215536304,2022-11,215.31547158417695,2022-01,-128.27983968470602,30,fixed_1000,True,False,False,buf30_size-fixed_1000_pboc-1_vol-0_atr-0,1.3,SOL,True,SOLUSDT
935,39.25133689839572,1.3579349207429063,-1.543338886779874,0.6510315647948515,-2.558509791572482,-0.2890309354710352,99732.86602806982,-0.26713397193017796,2025-04,18.25269566580916,2022-02,-27.261173734283858,30,fixed_1000,True,False,False,buf30_size-fixed_1000_pboc-1_vol-0_atr-0,1.3,XAU,True,PAXGUSDT
0,0.0,0.0,0.0,0.0,0.0,0.0,100000.0,0.0,,0.0,,0.0,30,fixed_1000,True,False,False,buf30_size-fixed_1000_pboc-1_vol-0_atr-0,1.3,XAG,False,
800,52.25,3.761865642493484,-3.7849413857204293,1.0961782832223501,0.4972111803068054,-0.0923673772046274,100137.96705337423,0.13796705337423276,2022-05,45.2701460111578,2022-06,-78.72085705397545,30,fixed_1000,True,False,True,buf30_size-fixed_1000_pboc-1_vol-0_atr-1,1.3,BTC,True,BTCUSDT
745,50.46979865771812,5.66212294475647,-5.2766949613929395,1.1053817416119003,0.5504110690622573,-0.1942965852170908,100202.96456632,0.20296456632000748,2025-01,70.43795048282634,2024-03,-76.05036918660339,30,fixed_1000,True,False,True,buf30_size-fixed_1000_pboc-1_vol-0_atr-1,1.3,ETH,True,ETHUSDT
719,47.009735744089014,7.7763539535546355,-8.347660585452791,0.8509934429792193,-0.8602479204193345,-0.5333479919810036,99539.77321968394,-0.46022678031606423,2022-11,105.9905059156261,2025-10,-120.08342043713864,30,fixed_1000,True,False,True,buf30_size-fixed_1000_pboc-1_vol-0_atr-1,1.3,SOL,True,SOLUSDT
724,40.331491712707184,1.4608093146330579,-1.6099461522882623,0.6917772195002331,-1.9419362367037711,-0.21014233530409765,99809.94694354644,-0.19005305645355408,2025-04,18.25269566580916,2024-01,-21.875960159415225,30,fixed_1000,True,False,True,buf30_size-fixed_1000_pboc-1_vol-0_atr-1,1.3,XAU,True,PAXGUSDT
0,0.0,0.0,0.0,0.0,0.0,0.0,100000.0,0.0,,0.0,,0.0,30,fixed_1000,True,False,True,buf30_size-fixed_1000_pboc-1_vol-0_atr-1,1.3,XAG,False,
296,65.87837837837837,5.602598484278732,-4.9249801834658635,2.218296650415193,2.600058916251259,-0.049437150003850405,100600.00868608776,0.6000086860877607,2024-07,51.09826227286685,2026-02,-28.12852806961166,30,fixed_1000,True,True,False,buf30_size-fixed_1000_pboc-1_vol-1_atr-0,1.3,BTC,True,BTCUSDT
291,61.16838487972509,8.100072307490716,-6.892968599246144,1.867603053404918,2.1784112414951737,-0.09629953904171096,100669.80038761778,0.6698003876177916,2025-11,71.991131350154,2022-06,-89.44682984773499,30,fixed_1000,True,True,False,buf30_size-fixed_1000_pboc-1_vol-1_atr-0,1.3,ETH,True,ETHUSDT
303,56.43564356435643,11.362680376034534,-11.955825887455536,1.25981741868376,0.8238315668148081,-0.22525384352516387,100400.71680482014,0.4007168048201448,2022-11,138.30867719614287,2022-05,-99.7302364532203,30,fixed_1000,True,True,False,buf30_size-fixed_1000_pboc-1_vol-1_atr-0,1.3,SOL,True,SOLUSDT
317,44.479495268138805,1.6984982340043036,-1.977481340517306,0.7915537073183126,-0.8327651888765732,-0.09668970799331378,99936.93360589547,-0.0630663941045384,2025-09,10.62799312486456,2022-11,-20.886737399943453,30,fixed_1000,True,True,False,buf30_size-fixed_1000_pboc-1_vol-1_atr-0,1.3,XAU,True,PAXGUSDT
0,0.0,0.0,0.0,0.0,0.0,0.0,100000.0,0.0,,0.0,,0.0,30,fixed_1000,True,True,False,buf30_size-fixed_1000_pboc-1_vol-1_atr-0,1.3,XAG,False,
227,64.31718061674009,5.5584758891059485,-5.092479092673289,1.992000028475947,1.971684532431205,-0.049487270339687583,100404.13915239561,0.4041391523956106,2024-07,51.09826227286685,2022-06,-49.52481419323904,30,fixed_1000,True,True,True,buf30_size-fixed_1000_pboc-1_vol-1_atr-1,1.3,BTC,True,BTCUSDT
198,59.09090909090909,8.595040131199477,-6.966296139643549,1.8044375289107977,1.7096059070123417,-0.08167098624826119,100448.31600417885,0.4483160041788503,2025-11,71.991131350154,2024-03,-47.75223841937138,30,fixed_1000,True,True,True,buf30_size-fixed_1000_pboc-1_vol-1_atr-1,1.3,ETH,True,ETHUSDT
195,55.38461538461539,10.984009664400938,-12.454363005430407,1.1339237609973627,0.35964941155651414,-0.11755040532746008,100140.10655129915,0.14010655129914618,2022-11,52.462107562213845,2022-05,-95.55020292970711,30,fixed_1000,True,True,True,buf30_size-fixed_1000_pboc-1_vol-1_atr-1,1.3,SOL,True,SOLUSDT
243,44.44444444444444,1.8664094468002599,-2.080030377916937,0.8075692162738755,-0.6694927617627662,-0.09284405408083174,99951.9685749044,-0.04803142509559599,2025-09,10.62799312486456,2022-11,-21.709325161804752,30,fixed_1000,True,True,True,buf30_size-fixed_1000_pboc-1_vol-1_atr-1,1.3,XAU,True,PAXGUSDT
0,0.0,0.0,0.0,0.0,0.0,0.0,100000.0,0.0,,0.0,,0.0,30,fixed_1000,True,True,True,buf30_size-fixed_1000_pboc-1_vol-1_atr-1,1.3,XAG,False,
