total_trades,win_rate_pct,avg_winner_usd,avg_loser_usd,profit_factor,sharpe_365d,max_drawdown_pct,ending_equity,total_return_pct,best_month,best_month_pnl_usd,worst_month,worst_month_pnl_usd,buffer_pct,sizing_mode,pboc_filter,volume_filter,atr_filter,config_id,asset,available_on_binance,resolved_symbol
1250,49.84,1028.8375252309554,-919.2408520779741,1.1192251986029933,1.0679671217594822,-16.4407757301565,168278.72737430723,68.27872737430722,2023-10,17224.359082475927,2023-09,-13116.397273499582,0,risk_1pct,False,False,False,buf0_size-risk_1pct_pboc-0_vol-0_atr-0,BTC,True,BTCUSDT
1224,48.8562091503268,926.4238388729763,-837.7739276571277,1.0597403622591102,0.5933655502654396,-20.02817811634928,131230.52478799204,31.230524787992042,2025-01,11732.41788508184,2025-06,-12094.575834502113,0,risk_1pct,False,False,False,buf0_size-risk_1pct_pboc-0_vol-0_atr-0,ETH,True,ETHUSDT
1248,49.43910256410257,814.1162015656785,-795.8414932105911,1.0131107801887174,0.19384621928964257,-22.697159247795597,106500.44609582538,6.500446095825385,2022-11,7449.402591301756,2025-10,-9983.77765463579,0,risk_1pct,False,False,False,buf0_size-risk_1pct_pboc-0_vol-0_atr-0,SOL,True,SOLUSDT
1142,38.528896672504374,249.16177381563378,-304.4011791593214,0.5827728153234994,-3.2986458615472642,-81.08550748042613,21511.25175841835,-78.48874824158165,2023-06,2128.478779229116,2022-02,-8823.501480906132,0,risk_1pct,False,False,False,buf0_size-risk_1pct_pboc-0_vol-0_atr-0,XAU,True,PAXGUSDT
0,0.0,0.0,0.0,0.0,0.0,0.0,100000.0,0.0,,0.0,,0.0,0,risk_1pct,False,False,False,buf0_size-risk_1pct_pboc-0_vol-0_atr-0,XAG,False,
960,50.416666666666664,1062.1364602788806,-948.5529368446113,1.1482120684071255,1.1777505540986875,-16.44077573015643,166357.06058432185,66.35706058432184,2025-01,12704.413692749666,2025-02,-12105.677678149645,0,risk_1pct,False,False,True,buf0_size-risk_1pct_pboc-0_vol-0_atr-1,BTC,True,BTCUSDT
861,49.12891986062718,948.7850666831343,-851.5620476493622,1.076013697348869,0.6288737691145178,-20.02817811634928,128351.90633654513,28.35190633654512,2025-01,11475.060424547077,2025-06,-11829.274227152257,0,risk_1pct,False,False,True,buf0_size-risk_1pct_pboc-0_vol-0_atr-1,ETH,True,ETHUSDT
837,48.50657108721625,730.0164390352289,-713.9962873293525,0.972153502100275,-0.14484915598355771,-20.563934954035734,91510.25955866935,-8.489740441330651,2025-04,5061.623849629723,2025-10,-8578.537631004134,0,risk_1pct,False,False,True,buf0_size-risk_1pct_pboc-0_vol-0_atr-1,SOL,True,SOLUSDT
917,39.36750272628135,316.27875504630316,-365.34054911330657,0.6288150921306038,-2.650721213839817,-71.12768965202233,32602.377662402112,-67.3976223375979,2023-06,2377.8363999909966,2024-01,-6825.621930130248,0,risk_1pct,False,False,True,buf0_size-risk_1pct_pboc-0_vol-0_atr-1,XAU,True,PAXGUSDT
0,0.0,0.0,0.0,0.0,0.0,0.0,100000.0,0.0,,0.0,,0.0,0,risk_1pct,False,False,True,buf0_size-risk_1pct_pboc-0_vol-0_atr-1,XAG,False,
1168,50.34246575342466,1075.2247130205474,-967.527445739119,1.13446417743389,1.175058099338027,-16.40728598691802,174936.32251034922,74.93632251034921,2023-10,17322.543417139044,2023-09,-13267.79841730067,0,risk_1pct,False,True,False,buf0_size-risk_1pct_pboc-0_vol-1_atr-0,BTC,True,BTCUSDT
1141,49.16739702015776,941.8329906659701,-853.5055152847018,1.071032353021574,0.662117692492774,-21.271679608224968,135042.1199290515,35.04211992905149,2025-01,11629.349200968973,2024-06,-10362.747070772359,0,risk_1pct,False,True,False,buf0_size-risk_1pct_pboc-0_vol-1_atr-0,ETH,True,ETHUSDT
1159,50.56082830025884,884.8710123310464,-866.4214004961747,1.0536589918239996,0.5327592299493924,-14.73390602040736,126407.05774416598,26.407057744165986,2025-12,9390.18134260157,2025-10,-11451.412410247445,0,risk_1pct,False,True,False,buf0_size-risk_1pct_pboc-0_vol-1_atr-0,SOL,True,SOLUSDT
937,40.981856990394874,337.6838039738349,-382.3767161845924,0.6837043453899778,-2.1366344794118834,-67.00880617856883,40011.72949839473,-59.98827050160527,2023-06,3359.808146769087,2022-02,-7287.966283311329,0,risk_1pct,False,True,False,buf0_size-risk_1pct_pboc-0_vol-1_atr-0,XAU,True,PAXGUSDT
0,0.0,0.0,0.0,0.0,0.0,0.0,100000.0,0.0,,0.0,,0.0,0,risk_1pct,False,True,False,buf0_size-risk_1pct_pboc-0_vol-1_atr-0,XAG,False,
884,50.7918552036199,1073.8052594169696,-965.0413974187979,1.1591740599915277,1.218297729465661,-15.41269062916638,166205.71919071738,66.20571919071739,2023-06,11710.041463341873,2025-02,-11671.981000860385,0,risk_1pct,False,True,True,buf0_size-risk_1pct_pboc-0_vol-1_atr-1,BTC,True,BTCUSDT
798,49.373433583959894,947.5354649505683,-850.6311762425136,1.0863481643009678,0.6678564305583053,-21.271679608224947,129673.97798854852,29.673977988548515,2025-01,11167.063824974608,2024-06,-9950.81117107925,0,risk_1pct,False,True,True,buf0_size-risk_1pct_pboc-0_vol-1_atr-1,ETH,True,ETHUSDT
780,49.743589743589745,777.2453120200803,-761.8308138721417,1.0150015259882648,0.16286063453711058,-13.924802461319242,104457.16365365594,4.457163653655938,2025-12,7759.627719733911,2025-10,-9462.937288071858,0,risk_1pct,False,True,True,buf0_size-risk_1pct_pboc-0_vol-1_atr-1,SOL,True,SOLUSDT
751,41.67776298268975,403.0233968150714,-436.3375985646161,0.7263883787564923,-1.6468915211726987,-55.61568275185329,52483.95897440017,-47.51604102559983,2022-05,3261.2281489868096,2024-06,-5438.158948966744,0,risk_1pct,False,True,True,buf0_size-risk_1pct_pboc-0_vol-1_atr-1,XAU,True,PAXGUSDT
0,0.0,0.0,0.0,0.0,0.0,0.0,100000.0,0.0,,0.0,,0.0,0,risk_1pct,False,True,True,buf0_size-risk_1pct_pboc-0_vol-1_atr-1,XAG,False,
1250,49.84,1028.8375252309554,-919.2408520779741,1.1192251986029933,1.0679671217594822,-16.4407757301565,168278.72737430723,68.27872737430722,2023-10,17224.359082475927,2023-09,-13116.397273499582,0,risk_1pct,True,False,False,buf0_size-risk_1pct_pboc-1_vol-0_atr-0,BTC,True,BTCUSDT
1224,48.8562091503268,926.4238388729763,-837.7739276571277,1.0597403622591102,0.5933655502654396,-20.02817811634928,131230.52478799204,31.230524787992042,2025-01,11732.41788508184,2025-06,-12094.575834502113,0,risk_1pct,True,False,False,buf0_size-risk_1pct_pboc-1_vol-0_atr-0,ETH,True,ETHUSDT
1248,49.43910256410257,814.1162015656785,-795.8414932105911,1.0131107801887174,0.19384621928964257,-22.697159247795597,106500.44609582538,6.500446095825385,2022-11,7449.402591301756,2025-10,-9983.77765463579,0,risk_1pct,True,False,False,buf0_size-risk_1pct_pboc-1_vol-0_atr-0,SOL,True,SOLUSDT
1066,37.89868667917448,257.51134058866097,-315.2350832053308,0.5680244729491956,-3.4473575695320395,-81.0999655573641,20882.998255521714,-79.11700174447829,2023-06,2085.430180655915,2022-02,-8791.939629640883,0,risk_1pct,True,False,False,buf0_size-risk_1pct_pboc-1_vol-0_atr-0,XAU,True,PAXGUSDT
0,0.0,0.0,0.0,0.0,0.0,0.0,100000.0,0.0,,0.0,,0.0,0,risk_1pct,True,False,False,buf0_size-risk_1pct_pboc-1_vol-0_atr-0,XAG,False,
960,50.416666666666664,1062.1364602788806,-948.5529368446113,1.1482120684071255,1.1777505540986875,-16.44077573015643,166357.06058432185,66.35706058432184,2025-01,12704.413692749666,2025-02,-12105.677678149645,0,risk_1pct,True,False,True,buf0_size-risk_1pct_pboc-1_vol-0_atr-1,BTC,True,BTCUSDT
861,49.12891986062718,948.7850666831343,-851.5620476493622,1.076013697348869,0.6288737691145178,-20.02817811634928,128351.90633654513,28.35190633654512,2025-01,11475.060424547077,2025-06,-11829.274227152257,0,risk_1pct,True,False,True,buf0_size-risk_1pct_pboc-1_vol-0_atr-1,ETH,True,ETHUSDT
837,48.50657108721625,730.0164390352289,-713.9962873293525,0.972153502100275,-0.14484915598355771,-20.563934954035734,91510.25955866935,-8.489740441330651,2025-04,5061.623849629723,2025-10,-8578.537631004134,0,risk_1pct,True,False,True,buf0_size-risk_1pct_pboc-1_vol-0_atr-1,SOL,True,SOLUSDT
844,38.74407582938388,330.29347117571143,-381.8443726453232,0.6135647794752779,-2.77507549083011,-70.85304549434129,31975.7092849638,-68.0242907150362,2023-06,2353.705078871661,2024-01,-6771.400096873397,0,risk_1pct,True,False,True,buf0_size-risk_1pct_pboc-1_vol-0_atr-1,XAU,True,PAXGUSDT
0,0.0,0.0,0.0,0.0,0.0,0.0,100000.0,0.0,,0.0,,0.0,0,risk_1pct,True,False,True,buf0_size-risk_1pct_pboc-1_vol-0_atr-1,XAG,False,
1168,50.34246575342466,1075.2247130205474,-967.527445739119,1.13446417743389,1.175058099338027,-16.40728598691802,174936.32251034922,74.93632251034921,2023-10,17322.543417139044,2023-09,-13267.79841730067,0,risk_1pct,True,True,False,buf0_size-risk_1pct_pboc-1_vol-1_atr-0,BTC,True,BTCUSDT
1141,49.16739702015776,941.8329906659701,-853.5055152847018,1.071032353021574,0.662117692492774,-21.271679608224968,135042.1199290515,35.04211992905149,2025-01,11629.349200968973,2024-06,-10362.747070772359,0,risk_1pct,True,True,False,buf0_size-risk_1pct_pboc-1_vol-1_atr-0,ETH,True,ETHUSDT
1159,50.56082830025884,884.8710123310464,-866.4214004961747,1.0536589918239996,0.5327592299493924,-14.73390602040736,126407.05774416598,26.407057744165986,2025-12,9390.18134260157,2025-10,-11451.412410247445,0,risk_1pct,True,True,False,buf0_size-risk_1pct_pboc-1_vol-1_atr-0,SOL,True,SOLUSDT
862,40.37122969837587,348.25515186892574,-396.719317614627,0.6641032625715011,-2.281849693200709,-67.15390064108632,38701.906747657595,-61.29809325234241,2023-06,3291.8558450573464,2022-02,-7249.8988905895885,0,risk_1pct,True,True,False,buf0_size-risk_1pct_pboc-1_vol-1_atr-0,XAU,True,PAXGUSDT
0,0.0,0.0,0.0,0.0,0.0,0.0,100000.0,0.0,,0.0,,0.0,0,risk_1pct,True,True,False,buf0_size-risk_1pct_pboc-1_vol-1_atr-0,XAG,False,
884,50.7918552036199,1073.8052594169696,-965.0413974187979,1.1591740599915277,1.218297729465661,-15.41269062916638,166205.71919071738,66.20571919071739,2023-06,11710.041463341873,2025-02,-11671.981000860385,0,risk_1pct,True,True,True,buf0_size-risk_1pct_pboc-1_vol-1_atr-1,BTC,True,BTCUSDT
798,49.373433583959894,947.5354649505683,-850.6311762425136,1.0863481643009678,0.6678564305583053,-21.271679608224947,129673.97798854852,29.673977988548515,2025-01,11167.063824974608,2024-06,-9950.81117107925,0,risk_1pct,True,True,True,buf0_size-risk_1pct_pboc-1_vol-1_atr-1,ETH,True,ETHUSDT
780,49.743589743589745,777.2453120200803,-761.8308138721417,1.0150015259882648,0.16286063453711058,-13.924802461319242,104457.16365365594,4.457163653655938,2025-12,7759.627719733911,2025-10,-9462.937288071858,0,risk_1pct,True,True,True,buf0_size-risk_1pct_pboc-1_vol-1_atr-1,SOL,True,SOLUSDT
679,41.08983799705449,420.6795113593414,-457.52515229110054,0.7066981668604826,-1.7669609563268889,-55.35641540394931,51287.95338758675,-48.71204661241325,2022-05,3509.5804118917426,2024-06,-5509.515911180922,0,risk_1pct,True,True,True,buf0_size-risk_1pct_pboc-1_vol-1_atr-1,XAU,True,PAXGUSDT
0,0.0,0.0,0.0,0.0,0.0,0.0,100000.0,0.0,,0.0,,0.0,0,risk_1pct,True,True,True,buf0_size-risk_1pct_pboc-1_vol-1_atr-1,XAG,False,
1250,49.84,3.9713657582174813,-3.658553038339306,1.0855017589194682,0.5613867003340394,-0.11980328271049556,100194.8823244841,0.19488232448410248,2023-10,51.778877848892165,2025-11,-55.36301241183696,0,fixed_1000,False,False,False,buf0_size-fixed_1000_pboc-0_vol-0_atr-0,BTC,True,BTCUSDT
1224,48.8562091503268,5.6707724173784255,-4.951261517333505,1.0975970900134817,0.6592459368291195,-0.16928165813400176,100301.5347187762,0.3015347187761863,2024-12,81.06375992341061,2024-03,-71.56533078904883,0,fixed_1000,False,False,False,buf0_size-fixed_1000_pboc-0_vol-0_atr-0,ETH,True,ETHUSDT
1248,49.43910256410257,8.638917727309757,-8.552292428784444,1.000400529899161,0.003825076858521741,-0.24278290842598693,100002.13405461742,0.0021340546174197783,2022-06,101.11016273448,2024-06,-111.66015180600105,0,fixed_1000,False,False,False,buf0_size-fixed_1000_pboc-0_vol-0_atr-0,SOL,True,SOLUSDT
1142,38.528896672504374,1.6890009552399656,-1.7593594320397763,0.6835015802067201,-2.2787150153846674,-0.40958817171709017,99655.876291305,-0.34412370869499886,2026-01,29.146201379522243,2022-02,-30.842466216084212,0,fixed_1000,False,False,False,buf0_size-fixed_1000_pboc-0_vol-0_atr-0,XAU,True,PAXGUSDT
0,0.0,0.0,0.0,0.0,0.0,0.0,100000.0,0.0,,0.0,,0.0,0,fixed_1000,False,False,False,buf0_size-fixed_1000_pboc-0_vol-0_atr-0,XAG,False,
960,50.416666666666664,4.006083665941685,-3.821354389037583,1.074994055106103,0.44021995031128236,-0.11987453825402783,100135.26522269004,0.1352652226900286,2023-10,41.42588656385801,2022-06,-60.576813575113746,0,fixed_1000,False,False,True,buf0_size-fixed_1000_pboc-0_vol-0_atr-1,BTC,True,BTCUSDT
861,49.12891986062718,6.029149599476966,-5.226589613946083,1.1140480319960218,0.6525455871634455,-0.1693499449198166,100261.08402967037,0.2610840296703776,2024-12,81.06375992341061,2024-03,-71.56533078904883,0,fixed_1000,False,False,True,buf0_size-fixed_1000_pboc-0_vol-0_atr-1,ETH,True,ETHUSDT
837,48.50657108721625,8.690583304011048,-8.81978588260218,0.9368909492517351,-0.358081760219408,-0.28856636967619087,99762.32824955735,-0.23767175044264732,2023-12,94.87037938521831,2024-06,-111.66015180600105,0,fixed_1000,False,False,True,buf0_size-fixed_1000_pboc-0_vol-0_atr-1,SOL,True,SOLUSDT
917,39.36750272628135,1.8323305559558571,-1.8532605531814836,0.7181549450777656,-1.7819251279440684,-0.32544631029276516,99740.40083576887,-0.25959916423112794,2026-01,29.146201379522243,2024-01,-27.828953504985037,0,fixed_1000,False,False,True,buf0_size-fixed_1000_pboc-0_vol-0_atr-1,XAU,True,PAXGUSDT
0,0.0,0.0,0.0,0.0,0.0,0.0,100000.0,0.0,,0.0,,0.0,0,fixed_1000,False,False,True,buf0_size-fixed_1000_pboc-0_vol-0_atr-1,XAG,False,
1168,50.34246575342466,4.069888778516985,-3.751258594404194,1.1075424483577365,0.677163817970376,-0.11529647963414158,100232.36965139117,0.23236965139117327,2023-10,53.18375055481803,2022-02,-54.0103933314224,0,fixed_1000,False,True,False,buf0_size-fixed_1000_pboc-0_vol-1_atr-0,BTC,True,BTCUSDT
1141,49.16739702015776,5.83649125605835,-5.102898451243952,1.1101200234831807,0.7184344048832636,-0.1967678497480696,100324.79628982973,0.32479628982973185,2024-12,81.06375992341061,2024-03,-71.56533078904883,0,fixed_1000,False,True,False,buf0_size-fixed_1000_pboc-0_vol-1_atr-0,ETH,True,ETHUSDT
1159,50.56082830025884,8.86589992588147,-8.833071498354892,1.0355244543140518,0.2312523710166182,-0.20801761035607047,100178.23274550097,0.17823274550097246,2023-12,100.82782619372898,2024-06,-118.37406452513564,0,fixed_1000,False,True,False,buf0_size-fixed_1000_pboc-0_vol-1_atr-0,SOL,True,SOLUSDT
937,40.981856990394874,1.8336427517787026,-1.869326688774298,0.7594148187145664,-1.5155590049552512,-0.3024894861291094,99776.93277905097,-0.22306722094902476,2026-02,30.70430584966713,2022-02,-28.672046790035647,0,fixed_1000,False,True,False,buf0_size-fixed_1000_pboc-0_vol-1_atr-0,XAU,True,PAXGUSDT
0,0.0,0.0,0.0,0.0,0.0,0.0,100000.0,0.0,,0.0,,0.0,0,fixed_1000,False,True,False,buf0_size-fixed_1000_pboc-0_vol-1_atr-0,XAG,False,
884,50.7918552036199,4.137813426980561,-3.9479834405052547,1.0918542099691986,0.5155702158602309,-0.11538396801851203,100156.2973658565,0.15629736585649479,2023-10,42.830759269783876,2022-06,-58.04938202475147,0,fixed_1000,False,True,True,buf0_size-fixed_1000_pboc-0_vol-1_atr-1,BTC,True,BTCUSDT
798,49.373433583959894,6.20172363723945,-5.370606158028475,1.1261700166517077,0.6940926515579566,-0.19686800500414714,100273.75422522884,0.2737542252288394,2024-12,81.06375992341061,2024-03,-71.56533078904883,0,fixed_1000,False,True,True,buf0_size-fixed_1000_pboc-0_vol-1_atr-1,ETH,True,ETHUSDT
780,49.743589743589745,8.88308040782837,-9.084767198706823,0.9727850979587753,-0.14647661749424792,-0.20858847896699784,99903.57599074175,-0.09642400925824468,2023-12,100.82782619372898,2024-06,-118.37406452513564,0,fixed_1000,False,True,True,buf0_size-fixed_1000_pboc-0_vol-1_atr-1,SOL,True,SOLUSDT
751,41.67776298268975,2.006540676753455,-1.988444384814853,0.7935892661676384,-1.1437669352314215,-0.24174308672049172,99836.64636666753,-0.16335363333247477,2026-02,30.70430584966713,2024-03,-26.07729104017387,0,fixed_1000,False,True,True,buf0_size-fixed_1000_pboc-0_vol-1_atr-1,XAU,True,PAXGUSDT
0,0.0,0.0,0.0,0.0,0.0,0.0,100000.0,0.0,,0.0,,0.0,0,fixed_1000,False,True,True,buf0_size-fixed_1000_pboc-0_vol-1_atr-1,XAG,False,
1250,49.84,3.9713657582174813,-3.658553038339306,1.0855017589194682,0.5613867003340394,-0.11980328271049556,100194.8823244841,0.19488232448410248,2023-10,51.778877848892165,2025-11,-55.36301241183696,0,fixed_1000,True,False,False,buf0_size-fixed_1000_pboc-1_vol-0_atr-0,BTC,True,BTCUSDT
1224,48.8562091503268,5.6707724173784255,-4.951261517333505,1.0975970900134817,0.6592459368291195,-0.16928165813400176,100301.5347187762,0.3015347187761863,2024-12,81.06375992341061,2024-03,-71.56533078904883,0,fixed_1000,True,False,False,buf0_size-fixed_1000_pboc-1_vol-0_atr-0,ETH,True,ETHUSDT
1248,49.43910256410257,8.638917727309757,-8.552292428784444,1.000400529899161,0.003825076858521741,-0.24278290842598693,100002.13405461742,0.0021340546174197783,2022-06,101.11016273448,2024-06,-111.66015180600105,0,fixed_1000,True,False,False,buf0_size-fixed_1000_pboc-1_vol-0_atr-0,SOL,True,SOLUSDT
1066,37.89868667917448,1.4586153146045346,-1.67318606737718,0.6061802217653158,-3.285078538508838,-0.39664165595280076,99617.15948195409,-0.3828405180459127,2025-04,20.125087357959263,2022-02,-30.32163288275088,0,fixed_1000,True,False,False,buf0_size-fixed_1000_pboc-1_vol-0_atr-0,XAU,True,PAXGUSDT
0,0.0,0.0,0.0,0.0,0.0,0.0,100000.0,0.0,,0.0,,0.0,0,fixed_1000,True,False,False,buf0_size-fixed_1000_pboc-1_vol-0_atr-0,XAG,False,
960,50.416666666666664,4.006083665941685,-3.821354389037583,1.074994055106103,0.44021995031128236,-0.11987453825402783,100135.26522269004,0.1352652226900286,2023-10,41.42588656385801,2022-06,-60.576813575113746,0,fixed_1000,True,False,True,buf0_size-fixed_1000_pboc-1_vol-0_atr-1,BTC,True,BTCUSDT
861,49.12891986062718,6.029149599476966,-5.226589613946083,1.1140480319960218,0.6525455871634455,-0.1693499449198166,100261.08402967037,0.2610840296703776,2024-12,81.06375992341061,2024-03,-71.56533078904883,0,fixed_1000,True,False,True,buf0_size-fixed_1000_pboc-1_vol-0_atr-1,ETH,True,ETHUSDT
837,48.50657108721625,8.690583304011048,-8.81978588260218,0.9368909492517351,-0.358081760219408,-0.28856636967619087,99762.32824955735,-0.23767175044264732,2023-12,94.87037938521831,2024-06,-111.66015180600105,0,fixed_1000,True,False,True,buf0_size-fixed_1000_pboc-1_vol-0_atr-1,SOL,True,SOLUSDT
844,38.74407582938388,1.570437671583309,-1.750549591079644,0.6363456995532712,-2.6598914186539755,-0.30765416881244345,99706.52975712002,-0.29347024287997847,2025-04,20.125087357959263,2024-01,-27.828953504985037,0,fixed_1000,True,False,True,buf0_size-fixed_1000_pboc-1_vol-0_atr-1,XAU,True,PAXGUSDT
0,0.0,0.0,0.0,0.0,0.0,0.0,100000.0,0.0,,0.0,,0.0,0,fixed_1000,True,False,True,buf0_size-fixed_1000_pboc-1_vol-0_atr-1,XAG,False,
1168,50.34246575342466,4.069888778516985,-3.751258594404194,1.1075424483577365,0.677163817970376,-0.11529647963414158,100232.36965139117,0.23236965139117327,2023-10,53.18375055481803,2022-02,-54.0103933314224,0,fixed_1000,True,True,False,buf0_size-fixed_1000_pboc-1_vol-1_atr-0,BTC,True,BTCUSDT
1141,49.16739702015776,5.83649125605835,-5.102898451243952,1.1101200234831807,0.7184344048832636,-0.1967678497480696,100324.79628982973,0.32479628982973185,2024-12,81.06375992341061,2024-03,-71.56533078904883,0,fixed_1000,True,True,False,buf0_size-fixed_1000_pboc-1_vol-1_atr-0,ETH,True,ETHUSDT
1159,50.56082830025884,8.86589992588147,-8.833071498354892,1.0355244543140518,0.2312523710166182,-0.20801761035607047,100178.23274550097,0.17823274550097246,2023-12,100.82782619372898,2024-06,-118.37406452513564,0,fixed_1000,True,True,False,buf0_size-fixed_1000_pboc-1_vol-1_atr-0,SOL,True,SOLUSDT
862,40.37122969837587,1.5811465042461754,-1.7689898750972495,0.6761891178978993,-2.3524839548108036,-0.3048844344834878,99736.50364093293,-0.26349635906706137,2025-04,20.50202292109075,2022-02,-28.151213456702315,0,fixed_1000,True,True,False,buf0_size-fixed_1000_pboc-1_vol-1_atr-0,XAU,True,PAXGUSDT
0,0.0,0.0,0.0,0.0,0.0,0.0,100000.0,0.0,,0.0,,0.0,0,fixed_1000,True,True,False,buf0_size-fixed_1000_pboc-1_vol-1_atr-0,XAG,False,
884,50.7918552036199,4.137813426980561,-3.9479834405052547,1.0918542099691986,0.5155702158602309,-0.11538396801851203,100156.2973658565,0.15629736585649479,2023-10,42.830759269783876,2022-06,-58.04938202475147,0,fixed_1000,True,True,True,buf0_size-fixed_1000_pboc-1_vol-1_atr-1,BTC,True,BTCUSDT
798,49.373433583959894,6.20172363723945,-5.370606158028475,1.1261700166517077,0.6940926515579566,-0.19686800500414714,100273.75422522884,0.2737542252288394,2024-12,81.06375992341061,2024-03,-71.56533078904883,0,fixed_1000,True,True,True,buf0_size-fixed_1000_pboc-1_vol-1_atr-1,ETH,True,ETHUSDT
780,49.743589743589745,8.88308040782837,-9.084767198706823,0.9727850979587753,-0.14647661749424792,-0.20858847896699784,99903.57599074175,-0.09642400925824468,2023-12,100.82782619372898,2024-06,-118.37406452513564,0,fixed_1000,True,True,True,buf0_size-fixed_1000_pboc-1_vol-1_atr-1,SOL,True,SOLUSDT
679,41.08983799705449,1.72082085925272,-1.8706503043524885,0.7070345410621561,-1.8650693098619937,-0.23929243626458208,99801.06295925156,-0.198937040748437,2025-04,20.50202292109075,2024-03,-26.538120533261427,0,fixed_1000,True,True,True,buf0_size-fixed_1000_pboc-1_vol-1_atr-1,XAU,True,PAXGUSDT
0,0.0,0.0,0.0,0.0,0.0,0.0,100000.0,0.0,,0.0,,0.0,0,fixed_1000,True,True,True,buf0_size-fixed_1000_pboc-1_vol-1_atr-1,XAG,False,
1192,51.34228187919463,972.787334668315,-887.7360644463495,1.1582622511081568,1.31574518535502,-17.25332659722114,181346.6675025724,81.3466675025724,2023-10,14454.932168271142,2025-06,-12087.208557079663,10,risk_1pct,False,False,False,buf10_size-risk_1pct_pboc-0_vol-0_atr-0,BTC,True,BTCUSDT
1170,50.34188034188034,859.1645150756536,-791.5702736239341,1.1098893050204197,0.9273596864615569,-16.760588658844277,150103.42177217396,50.10342177217395,2025-01,11530.350378274165,2025-06,-9363.10708372438,10,risk_1pct,False,False,False,buf10_size-risk_1pct_pboc-0_vol-0_atr-0,ETH,True,ETHUSDT
1209,49.13151364764268,694.0612714164118,-694.0928980354086,0.9785386065135377,-0.12690037149174896,-29.029605958981197,90958.00611385562,-9.041993886144384,2022-11,7978.067652615629,2025-10,-9122.788598594076,10,risk_1pct,False,False,False,buf10_size-risk_1pct_pboc-0_vol-0_atr-0,SOL,True,SOLUSDT
1120,38.57142857142858,248.42086644351704,-306.30756618723166,0.5791068736523328,-3.325086160417163,-80.1981330073404,22001.736760324115,-77.9982632396759,2023-06,2115.422057778925,2022-02,-8915.863224479157,10,risk_1pct,False,False,False,buf10_size-risk_1pct_pboc-0_vol-0_atr-0,XAU,True,PAXGUSDT
0,0.0,0.0,0.0,0.0,0.0,0.0,100000.0,0.0,,0.0,,0.0,10,risk_1pct,False,False,False,buf10_size-risk_1pct_pboc-0_vol-0_atr-0,XAG,False,
920,51.63043478260869,977.2596043847058,-886.3319330900713,1.1795712811960581,1.3410661104502515,-17.25332659722114,170666.9337907437,70.66693379074368,2023-06,10372.559497403263,2025-06,-11375.377617549919,10,risk_1pct,False,False,True,buf10_size-risk_1pct_pboc-0_vol-0_atr-1,BTC,True,BTCUSDT
823,50.18226002430134,861.7388918995288,-770.8512595631887,1.131605360585193,0.9298086741164683,-16.760588658844277,141390.84845272452,41.39084845272451,2025-01,10861.085001884985,2025-06,-8819.636748393687,10,risk_1pct,False,False,True,buf10_size-risk_1pct_pboc-0_vol-0_atr-1,ETH,True,ETHUSDT
815,48.09815950920245,635.3405839875894,-635.2648715709283,0.9356723616133634,-0.4165982592937233,-24.74674007380141,82877.52773491609,-17.12247226508391,2022-11,4494.964516515754,2025-10,-8312.34321642179,10,risk_1pct,False,False,True,buf10_size-risk_1pct_pboc-0_vol-0_atr-1,SOL,True,SOLUSDT
895,39.4413407821229,314.44685458477454,-367.018219518285,0.6248689926103975,-2.669522282964874,-69.757582798055,33362.92142157546,-66.63707857842454,2023-06,2364.466647121586,2024-01,-6787.24381530864,10,risk_1pct,False,False,True,buf10_size-risk_1pct_pboc-0_vol-0_atr-1,XAU,True,PAXGUSDT
0,0.0,0.0,0.0,0.0,0.0,0.0,100000.0,0.0,,0.0,,0.0,10,risk_1pct,False,False,True,buf10_size-risk_1pct_pboc-0_vol-0_atr-1,XAG,False,
1113,51.8418688230009,1021.5565974640324,-934.3929179163586,1.1791116380149422,1.4493522600907502,-15.80680816374278,189537.94565149484,89.53794565149484,2023-10,14383.543507434135,2025-06,-13761.255937597125,10,risk_1pct,False,True,False,buf10_size-risk_1pct_pboc-0_vol-1_atr-0,BTC,True,BTCUSDT
1092,50.824175824175825,877.5816506684143,-809.634160504753,1.1307850575165155,1.0389746248391072,-17.587295758462872,156332.44273244136,56.33244273244136,2025-01,11543.680446438222,2025-06,-8717.594510930196,10,risk_1pct,False,True,False,buf10_size-risk_1pct_pboc-0_vol-1_atr-0,ETH,True,ETHUSDT
1122,50.356506238859176,758.8168140231198,-762.5689831952042,1.02221810120802,0.25563260159248996,-21.676397665688828,109318.5591657004,9.31855916570039,2022-11,9246.791582257021,2025-10,-10690.215678482486,10,risk_1pct,False,True,False,buf10_size-risk_1pct_pboc-0_vol-1_atr-0,SOL,True,SOLUSDT
918,41.394335511982575,333.2982138432201,-384.75208268302373,0.6843693122510471,-2.097801529079585,-65.72296110803639,41587.569489889334,-58.41243051011067,2023-06,3339.198085007357,2022-02,-7384.900149584192,10,risk_1pct,False,True,False,buf10_size-risk_1pct_pboc-0_vol-1_atr-0,XAU,True,PAXGUSDT
0,0.0,0.0,0.0,0.0,0.0,0.0,100000.0,0.0,,0.0,,0.0,10,risk_1pct,False,True,False,buf10_size-risk_1pct_pboc-0_vol-1_atr-0,XAG,False,
847,51.94805194805194,994.048598017182,-901.5924219706037,1.1948792168833713,1.397699261624388,-15.806808163742826,171334.85980749485,71.33485980749485,2023-06,10481.773612858102,2025-06,-12439.634969867951,10,risk_1pct,False,True,True,buf10_size-risk_1pct_pboc-0_vol-1_atr-1,BTC,True,BTCUSDT
764,50.654450261780106,859.5197875631076,-769.6692701501348,1.1524747773704158,1.0030706163792378,-17.587295758462872,144008.1814806221,44.008181480622085,2025-01,10633.64967392026,2025-06,-8030.3544834458935,10,risk_1pct,False,True,True,buf10_size-risk_1pct_pboc-0_vol-1_atr-1,ETH,True,ETHUSDT
760,49.21052631578947,671.7237695996275,-672.2422087093324,0.9757482190792276,-0.11314722144518893,-17.081903708395007,93755.92389458639,-6.24407610541361,2025-12,6292.0048989877805,2025-10,-9168.352155550427,10,risk_1pct,False,True,True,buf10_size-risk_1pct_pboc-0_vol-1_atr-1,SOL,True,SOLUSDT
732,42.21311475409836,396.32881567033616,-438.34597984257437,0.729454700309757,-1.5941324516502386,-53.86204648470273,54579.093762427925,-45.420906237572076,2022-05,3253.5370756710927,2024-06,-5438.06308677399,10,risk_1pct,False,True,True,buf10_size-risk_1pct_pboc-0_vol-1_atr-1,XAU,True,PAXGUSDT
0,0.0,0.0,0.0,0.0,0.0,0.0,100000.0,0.0,,0.0,,0.0,10,risk_1pct,False,True,True,buf10_size-risk_1pct_pboc-0_vol-1_atr-1,XAG,False,
1192,51.34228187919463,972.787334668315,-887.7360644463495,1.1582622511081568,1.31574518535502,-17.25332659722114,181346.6675025724,81.3466675025724,2023-10,14454.932168271142,2025-06,-12087.208557079663,10,risk_1pct,True,False,False,buf10_size-risk_1pct_pboc-1_vol-0_atr-0,BTC,True,BTCUSDT
1170,50.34188034188034,859.1645150756536,-791.5702736239341,1.1098893050204197,0.9273596864615569,-16.760588658844277,150103.42177217396,50.10342177217395,2025-01,11530.350378274165,2025-06,-9363.10708372438,10,risk_1pct,True,False,False,buf10_size-risk_1pct_pboc-1_vol-0_atr-0,ETH,True,ETHUSDT
1209,49.13151364764268,694.0612714164118,-694.0928980354086,0.9785386065135377,-0.12690037149174896,-29.029605958981197,90958.00611385562,-9.041993886144384,2022-11,7978.067652615629,2025-10,-9122.788598594076,10,risk_1pct,True,False,False,buf10_size-risk_1pct_pboc-1_vol-0_atr-0,SOL,True,SOLUSDT
1052,38.02281368821293,256.3067958925659,-316.26541894920643,0.5667250064793803,-3.4266353946993138,-80.49600323282084,21618.89871808025,-78.38110128191975,2023-06,2078.726872174845,2022-02,-8884.590763239006,10,risk_1pct,True,False,False,buf10_size-risk_1pct_pboc-1_vol-0_atr-0,XAU,True,PAXGUSDT
0,0.0,0.0,0.0,0.0,0.0,0.0,100000.0,0.0,,0.0,,0.0,10,risk_1pct,True,False,False,buf10_size-risk_1pct_pboc-1_vol-0_atr-0,XAG,False,
920,51.63043478260869,977.2596043847058,-886.3319330900713,1.1795712811960581,1.3410661104502515,-17.25332659722114,170666.9337907437,70.66693379074368,2023-06,10372.559497403263,2025-06,-11375.377617549919,10,risk_1pct,True,False,True,buf10_size-risk_1pct_pboc-1_vol-0_atr-1,BTC,True,BTCUSDT
823,50.18226002430134,861.7388918995288,-770.8512595631887,1.131605360585193,0.9298086741164683,-16.760588658844277,141390.84845272452,41.39084845272451,2025-01,10861.085001884985,2025-06,-8819.636748393687,10,risk_1pct,True,False,True,buf10_size-risk_1pct_pboc-1_vol-0_atr-1,ETH,True,ETHUSDT
815,48.09815950920245,635.3405839875894,-635.2648715709283,0.9356723616133634,-0.4165982592937233,-24.74674007380141,82877.52773491609,-17.12247226508391,2022-11,4494.964516515754,2025-10,-8312.34321642179,10,risk_1pct,True,False,True,buf10_size-risk_1pct_pboc-1_vol-0_atr-1,SOL,True,SOLUSDT
830,38.915662650602414,327.97035420078873,-382.3337943444194,0.612993669555822,-2.7446234817190462,-69.90615212586818,33119.549363177284,-66.8804506368227,2023-06,2347.3472339938526,2024-01,-6753.109142833342,10,risk_1pct,True,False,True,buf10_size-risk_1pct_pboc-1_vol-0_atr-1,XAU,True,PAXGUSDT
0,0.0,0.0,0.0,0.0,0.0,0.0,100000.0,0.0,,0.0,,0.0,10,risk_1pct,True,False,True,buf10_size-risk_1pct_pboc-1_vol-0_atr-1,XAG,False,
1113,51.8418688230009,1021.5565974640324,-934.3929179163586,1.1791116380149422,1.4493522600907502,-15.80680816374278,189537.94565149484,89.53794565149484,2023-10,14383.543507434135,2025-06,-13761.255937597125,10,risk_1pct,True,True,False,buf10_size-risk_1pct_pboc-1_vol-1_atr-0,BTC,True,BTCUSDT
1092,50.824175824175825,877.5816506684143,-809.634160504753,1.1307850575165155,1.0389746248391072,-17.587295758462872,156332.44273244136,56.33244273244136,2025-01,11543.680446438222,2025-06,-8717.594510930196,10,risk_1pct,True,True,False,buf10_size-risk_1pct_pboc-1_vol-1_atr-0,ETH,True,ETHUSDT
1122,50.356506238859176,758.8168140231198,-762.5689831952042,1.02221810120802,0.25563260159248996,-21.676397665688828,109318.5591657004,9.31855916570039,2022-11,9246.791582257021,2025-10,-10690.215678482486,10,risk_1pct,True,True,False,buf10_size-risk_1pct_pboc-1_vol-1_atr-0,SOL,True,SOLUSDT
850,40.94117647058824,343.79413711642326,-399.05452839735517,0.6692177518689989,-2.188341411824055,-66.23187059083872,40863.93099450019,-59.13606900549981,2023-06,3281.2746587825222,2022-02,-7347.1364723718,10,risk_1pct,True,True,False,buf10_size-risk_1pct_pboc-1_vol-1_atr-0,XAU,True,PAXGUSDT
0,0.0,0.0,0.0,0.0,0.0,0.0,100000.0,0.0,,0.0,,0.0,10,risk_1pct,True,True,False,buf10_size-risk_1pct_pboc-1_vol-1_atr-0,XAG,False,
847,51.94805194805194,994.048598017182,-901.5924219706037,1.1948792168833713,1.397699261624388,-15.806808163742826,171334.85980749485,71.33485980749485,2023-06,10481.773612858102,2025-06,-12439.634969867951,10,risk_1pct,True,True,True,buf10_size-risk_1pct_pboc-1_vol-1_atr-1,BTC,True,BTCUSDT
764,50.654450261780106,859.5197875631076,-769.6692701501348,1.1524747773704158,1.0030706163792378,-17.587295758462872,144008.1814806221,44.008181480622085,2025-01,10633.64967392026,2025-06,-8030.3544834458935,10,risk_1pct,True,True,True,buf10_size-risk_1pct_pboc-1_vol-1_atr-1,ETH,True,ETHUSDT
760,49.21052631578947,671.7237695996275,-672.2422087093324,0.9757482190792276,-0.11314722144518893,-17.081903708395007,93755.92389458639,-6.24407610541361,2025-12,6292.0048989877805,2025-10,-9168.352155550427,10,risk_1pct,True,True,True,buf10_size-risk_1pct_pboc-1_vol-1_atr-1,SOL,True,SOLUSDT
667,41.82908545727136,414.0438995855202,-459.65040344741107,0.7160046312390838,-1.6559180044506085,-54.07958787304052,54180.95637431888,-45.81904362568112,2022-05,3501.303640374349,2024-06,-5518.502985800917,10,risk_1pct,True,True,True,buf10_size-risk_1pct_pboc-1_vol-1_atr-1,XAU,True,PAXGUSDT
0,0.0,0.0,0.0,0.0,0.0,0.0,100000.0,0.0,,0.0,,0.0,10,risk_1pct,True,True,True,buf10_size-risk_1pct_pboc-1_vol-1_atr-1,XAG,False,
1192,51.34228187919463,3.8327653095471117,-3.6553678243799084,1.1082914956693655,0.6843666299687774,-0.0983078983983976,100229.19439912686,0.22919439912685302,2023-10,43.85607150271364,2022-06,-61.51658758231186,10,fixed_1000,False,False,False,buf10_size-fixed_1000_pboc-0_vol-0_atr-0,BTC,True,BTCUSDT
1170,50.34188034188034,5.5394531106835645,-4.964203233821635,1.1410643809514243,0.9022028570173789,-0.16858350234846275,100403.35681951136,0.40335681951135793,2022-07,110.48242674432868,2022-06,-81.08105906954472,10,fixed_1000,False,False,False,buf10_size-fixed_1000_pboc-0_vol-0_atr-0,ETH,True,ETHUSDT
1209,49.13151364764268,8.239666482664141,-8.558289148039593,0.9421508226099882,-0.39620000146565126,-0.3755773908701854,99699.48037784247,-0.3005196221575357,2025-08,64.03653551613782,2024-06,-121.27678186837015,10,fixed_1000,False,False,False,buf10_size-fixed_1000_pboc-0_vol-0_atr-0,SOL,True,SOLUSDT
1120,38.57142857142858,1.621989942314167,-1.7550709733986374,0.6599056480450322,-2.56622978147404,-0.40645586429279845,99638.88171617355,-0.36111828382644484,2025-04,19.92335430519873,2022-02,-32.42306517118328,10,fixed_1000,False,False,False,buf10_size-fixed_1000_pboc-0_vol-0_atr-0,XAU,True,PAXGUSDT
0,0.0,0.0,0.0,0.0,0.0,0.0,100000.0,0.0,,0.0,,0.0,10,fixed_1000,False,False,False,buf10_size-fixed_1000_pboc-0_vol-0_atr-0,XAG,False,
920,51.63043478260869,3.880122195549933,-3.7373408939005097,1.1106911962183497,0.6211167532878504,-0.09755501824804114,100183.6786859944,0.18367868599440396,2024-04,34.66736468503876,2022-06,-68.55821231946994,10,fixed_1000,False,False,True,buf10_size-fixed_1000_pboc-0_vol-0_atr-1,BTC,True,BTCUSDT
823,50.18226002430134,5.8561217537443255,-5.168103117247736,1.1470142559507914,0.8028140673644969,-0.16874049752024778,100309.99221245933,0.3099922124593313,2024-12,79.98035826884434,2024-03,-76.52379361252184,10,fixed_1000,False,False,True,buf10_size-fixed_1000_pboc-0_vol-0_atr-1,ETH,True,ETHUSDT
815,48.09815950920245,8.19580941800917,-8.698444504771008,0.8814999620509825,-0.6760051191618449,-0.49733657589399183,99568.10904436054,-0.431890955639469,2025-08,64.03653551613782,2024-06,-121.27678186837015,10,fixed_1000,False,False,True,buf10_size-fixed_1000_pboc-0_vol-0_atr-1,SOL,True,SOLUSDT
895,39.4413407821229,1.7535710070090649,-1.8493426480638484,0.691568677478909,-2.043745000013369,-0.321791557669604,99723.9287238113,-0.2760712761886941,2025-04,19.92335430519873,2024-03,-28.058405316597156,10,fixed_1000,False,False,True,buf10_size-fixed_1000_pboc-0_vol-0_atr-1,XAU,True,PAXGUSDT
0,0.0,0.0,0.0,0.0,0.0,0.0,100000.0,0.0,,0.0,,0.0,10,fixed_1000,False,False,True,buf10_size-fixed_1000_pboc-0_vol-0_atr-1,XAG,False,
1113,51.8418688230009,3.934148535745899,-3.7515036403335036,1.1310125183022395,0.7941275260162618,-0.09132516594047013,100262.94925754696,0.26294925754697385,2023-10,45.26094420863951,2022-06,-54.542578107051845,10,fixed_1000,False,True,False,buf10_size-fixed_1000_pboc-0_vol-1_atr-0,BTC,True,BTCUSDT
1092,50.824175824175825,5.694205514797979,-5.130580891047481,1.1578384005472242,0.9751649595871633,-0.1933377808240877,100430.81502667561,0.4308150266756128,2022-07,110.48242674432868,2022-06,-79.84607294278096,10,fixed_1000,False,True,False,buf10_size-fixed_1000_pboc-0_vol-1_atr-0,ETH,True,ETHUSDT
1122,50.356506238859176,8.42455290307302,-8.855401418492864,0.9772920534940701,-0.14690390470532014,-0.29969532464471094,99889.40161006518,-0.11059838993482396,2024-11,70.3741685333697,2024-06,-127.68847201971585,10,fixed_1000,False,True,False,buf10_size-fixed_1000_pboc-0_vol-1_atr-0,SOL,True,SOLUSDT
918,41.394335511982575,1.7437921583045923,-1.8718883130572315,0.7359584698116188,-1.7403521750064055,-0.31067165372296035,99762.26274157522,-0.237737258424775,2025-04,20.60249597289353,2022-02,-30.252645745134714,10,fixed_1000,False,True,False,buf10_size-fixed_1000_pboc-0_vol-1_atr-0,XAU,True,PAXGUSDT
0,0.0,0.0,0.0,0.0,0.0,0.0,100000.0,0.0,,0.0,,0.0,10,fixed_1000,False,True,False,buf10_size-fixed_1000_pboc-0_vol-1_atr-0,XAG,False,
847,51.94805194805194,4.016839496747205,-3.8612333886225114,1.1274182708544938,0.6842429981895086,-0.09502750185599318,100199.74862278803,0.19974862278802075,2024-08,41.2528631190858,2022-06,-66.03078076910768,10,fixed_1000,False,True,True,buf10_size-fixed_1000_pboc-0_vol-1_atr-1,BTC,True,BTCUSDT
764,50.654450261780106,6.005705255868135,-5.334886293194345,1.1617656841088613,0.8505618760134211,-0.19354449402054774,100323.62557407308,0.3236255740730831,2024-12,79.98035826884434,2024-03,-76.52379361252184,10,fixed_1000,False,True,True,buf10_size-fixed_1000_pboc-0_vol-1_atr-1,ETH,True,ETHUSDT
760,49.21052631578947,8.357796822020424,-8.96691157344914,0.9101683941916643,-0.48809113081557626,-0.37403751956740505,99691.48887880462,-0.30851112119537616,2024-11,70.3741685333697,2024-06,-127.68847201971585,10,fixed_1000,False,True,True,buf10_size-fixed_1000_pboc-0_vol-1_atr-1,SOL,True,SOLUSDT
732,42.21311475409836,1.8982829621247719,-1.9949625141798943,0.7676900568336614,-1.3459192118247492,-0.24940288755352924,99822.49879236566,-0.17750120763434518,2025-04,20.60249597289353,2024-03,-28.42877289305388,10,fixed_1000,False,True,True,buf10_size-fixed_1000_pboc-0_vol-1_atr-1,XAU,True,PAXGUSDT
0,0.0,0.0,0.0,0.0,0.0,0.0,100000.0,0.0,,0.0,,0.0,10,fixed_1000,False,True,True,buf10_size-fixed_1000_pboc-0_vol-1_atr-1,XAG,False,
1192,51.34228187919463,3.8327653095471117,-3.6553678243799084,1.1082914956693655,0.6843666299687774,-0.0983078983983976,100229.19439912686,0.22919439912685302,2023-10,43.85607150271364,2022-06,-61.51658758231186,10,fixed_1000,True,False,False,buf10_size-fixed_1000_pboc-1_vol-0_atr-0,BTC,True,BTCUSDT
1170,50.34188034188034,5.5394531106835645,-4.964203233821635,1.1410643809514243,0.9022028570173789,-0.16858350234846275,100403.35681951136,0.40335681951135793,2022-07,110.48242674432868,2022-06,-81.08105906954472,10,fixed_1000,True,False,False,buf10_size-fixed_1000_pboc-1_vol-0_atr-0,ETH,True,ETHUSDT
1209,49.13151364764268,8.239666482664141,-8.558289148039593,0.9421508226099882,-0.39620000146565126,-0.3755773908701854,99699.48037784247,-0.3005196221575357,2025-08,64.03653551613782,2024-06,-121.27678186837015,10,fixed_1000,True,False,False,buf10_size-fixed_1000_pboc-1_vol-0_atr-0,SOL,True,SOLUSDT
1052,38.02281368821293,1.4557757871966999,-1.6832719461565406,0.604789397420994,-3.253614894763704,-0.4123160268100001,99619.47876167714,-0.3805212383228618,2025-04,19.82288125339595,2022-02,-31.902231837849946,10,fixed_1000,True,False,False,buf10_size-fixed_1000_pboc-1_vol-0_atr-0,XAU,True,PAXGUSDT
0,0.0,0.0,0.0,0.0,0.0,0.0,100000.0,0.0,,0.0,,0.0,10,fixed_1000,True,False,False,buf10_size-fixed_1000_pboc-1_vol-0_atr-0,XAG,False,
920,51.63043478260869,3.880122195549933,-3.7373408939005097,1.1106911962183497,0.6211167532878504,-0.09755501824804114,100183.6786859944,0.18367868599440396,2024-04,34.66736468503876,2022-06,-68.55821231946994,10,fixed_1000,True,False,True,buf10_size-fixed_1000_pboc-1_vol-0_atr-1,BTC,True,BTCUSDT
823,50.18226002430134,5.8561217537443255,-5.168103117247736,1.1470142559507914,0.8028140673644969,-0.16874049752024778,100309.99221245933,0.3099922124593313,2024-12,79.98035826884434,2024-03,-76.52379361252184,10,fixed_1000,True,False,True,buf10_size-fixed_1000_pboc-1_vol-0_atr-1,ETH,True,ETHUSDT
815,48.09815950920245,8.19580941800917,-8.698444504771008,0.8814999620509825,-0.6760051191618449,-0.49733657589399183,99568.10904436054,-0.431890955639469,2025-08,64.03653551613782,2024-06,-121.27678186837015,10,fixed_1000,True,False,True,buf10_size-fixed_1000_pboc-1_vol-0_atr-1,SOL,True,SOLUSDT
830,38.915662650602414,1.5683060259634365,-1.7636976689584674,0.6354344520839421,-2.6248309587462177,-0.3228060223871454,99709.37150001696,-0.29062849998303664,2025-04,19.82288125339595,2024-01,-27.828953504985037,10,fixed_1000,True,False,True,buf10_size-fixed_1000_pboc-1_vol-0_atr-1,XAU,True,PAXGUSDT
0,0.0,0.0,0.0,0.0,0.0,0.0,100000.0,0.0,,0.0,,0.0,10,fixed_1000,True,False,True,buf10_size-fixed_1000_pboc-1_vol-0_atr-1,XAG,False,
1113,51.8418688230009,3.934148535745899,-3.7515036403335036,1.1310125183022395,0.7941275260162618,-0.09132516594047013,100262.94925754696,0.26294925754697385,2023-10,45.26094420863951,2022-06,-54.542578107051845,10,fixed_1000,True,True,False,buf10_size-fixed_1000_pboc-1_vol-1_atr-0,BTC,True,BTCUSDT
1092,50.824175824175825,5.694205514797979,-5.130580891047481,1.1578384005472242,0.9751649595871633,-0.1933377808240877,100430.81502667561,0.4308150266756128,2022-07,110.48242674432868,2022-06,-79.84607294278096,10,fixed_1000,True,True,False,buf10_size-fixed_1000_pboc-1_vol-1_atr-0,ETH,True,ETHUSDT
1122,50.356506238859176,8.42455290307302,-8.855401418492864,0.9772920534940701,-0.14690390470532014,-0.29969532464471094,99889.40161006518,-0.11059838993482396,2024-11,70.3741685333697,2024-06,-127.68847201971585,10,fixed_1000,True,True,False,buf10_size-fixed_1000_pboc-1_vol-1_atr-0,SOL,True,SOLUSDT
850,40.94117647058824,1.5639416090652443,-1.7888211894551207,0.6791329994637085,-2.2912834556671435,-0.3199921355124591,99742.8597870788,-0.25714021292119194,2025-04,20.50202292109075,2022-02,-29.73181241180138,10,fixed_1000,True,True,False,buf10_size-fixed_1000_pboc-1_vol-1_atr-0,XAU,True,PAXGUSDT
0,0.0,0.0,0.0,0.0,0.0,0.0,100000.0,0.0,,0.0,,0.0,10,fixed_1000,True,True,False,buf10_size-fixed_1000_pboc-1_vol-1_atr-0,XAG,False,
847,51.94805194805194,4.016839496747205,-3.8612333886225114,1.1274182708544938,0.6842429981895086,-0.09502750185599318,100199.74862278803,0.19974862278802075,2024-08,41.2528631190858,2022-06,-66.03078076910768,10,fixed_1000,True,True,True,buf10_size-fixed_1000_pboc-1_vol-1_atr-1,BTC,True,BTCUSDT
764,50.654450261780106,6.005705255868135,-5.334886293194345,1.1617656841088613,0.8505618760134211,-0.19354449402054774,100323.62557407308,0.3236255740730831,2024-12,79.98035826884434,2024-03,-76.52379361252184,10,fixed_1000,True,True,True,buf10_size-fixed_1000_pboc-1_vol-1_atr-1,ETH,True,ETHUSDT
760,49.21052631578947,8.357796822020424,-8.96691157344914,0.9101683941916643,-0.48809113081557626,-0.37403751956740505,99691.48887880462,-0.30851112119537616,2024-11,70.3741685333697,2024-06,-127.68847201971585,10,fixed_1000,True,True,True,buf10_size-fixed_1000_pboc-1_vol-1_atr-1,SOL,True,SOLUSDT
667,41.82908545727136,1.699360989994784,-1.89794913856759,0.7117019591324314,-1.797565690901668,-0.25387784236913236,99807.94156857132,-0.19205843142868773,2025-04,20.50202292109075,2024-03,-27.967518280507754,10,fixed_1000,True,True,True,buf10_size-fixed_1000_pboc-1_vol-1_atr-1,XAU,True,PAXGUSDT
0,0.0,0.0,0.0,0.0,0.0,0.0,100000.0,0.0,,0.0,,0.0,10,fixed_1000,True,True,True,buf10_size-fixed_1000_pboc-1_vol-1_atr-1,XAG,False,
1119,52.189454870420015,882.3180115439753,-824.0454708022069,1.1798069379801348,1.3955373843689909,-12.876085272665582,178529.61921651196,78.52961921651196,2023-10,13868.493728557685,2025-02,-8567.173003545482,20,risk_1pct,False,False,False,buf20_size-risk_1pct_pboc-0_vol-0_atr-0,BTC,True,BTCUSDT
1126,49.644760213143876,760.2135751959735,-694.2070716886426,1.0911778304550197,0.7667373643870705,-16.89095774083067,135509.2213172206,35.509221317220586,2025-01,9065.89512066237,2024-06,-6921.335891855074,20,risk_1pct,False,False,False,buf20_size-risk_1pct_pboc-0_vol-0_atr-0,ETH,True,ETHUSDT
1150,47.82608695652174,607.7762812164736,-604.2250820709708,0.9505713113934167,-0.3649705847201984,-28.64152751366733,82617.9569037555,-17.382043096244495,2022-11,9669.689981657119,2025-10,-8468.142371699298,20,risk_1pct,False,False,False,buf20_size-risk_1pct_pboc-0_vol-0_atr-0,SOL,True,SOLUSDT
1047,38.87297039159503,260.35769179365263,-323.94793214252263,0.5851642721334569,-3.285293378748149,-76.43578185172345,24878.68649234643,-75.12131350765357,2023-06,2282.5329695683035,2022-02,-8320.306215020673,20,risk_1pct,False,False,False,buf20_size-risk_1pct_pboc-0_vol-0_atr-0,XAU,True,PAXGUSDT
0,0.0,0.0,0.0,0.0,0.0,0.0,100000.0,0.0,,0.0,,0.0,20,risk_1pct,False,False,False,buf20_size-risk_1pct_pboc-0_vol-0_atr-0,XAG,False,
863,51.680185399768256,843.3398458035992,-773.741559242492,1.177040761459877,1.234791206558813,-12.876085272665671,156574.30726125604,56.57430726125603,2025-01,9877.883102734762,2025-02,-7513.594573854363,20,risk_1pct,False,False,True,buf20_size-risk_1pct_pboc-0_vol-0_atr-1,BTC,True,BTCUSDT
795,49.43396226415094,723.0810634487094,-653.070138854823,1.087826716566939,0.6209641183140796,-16.890957740830682,122942.80239341366,22.942802393413665,2025-01,8225.17125775385,2024-06,-6279.487274587738,20,risk_1pct,False,False,True,buf20_size-risk_1pct_pboc-0_vol-0_atr-1,ETH,True,ETHUSDT
773,47.21862871927555,533.0366607287385,-548.0798699953847,0.8852414072979792,-0.7474927480401241,-29.91789130507898,74778.35329784031,-25.221646702159696,2022-11,5180.539346996075,2025-10,-7664.601810294301,20,risk_1pct,False,False,True,buf20_size-risk_1pct_pboc-0_vol-0_atr-1,SOL,True,SOLUSDT
831,39.59085439229844,327.75951625096076,-382.56574819301767,0.630576237005724,-2.645724156431529,-64.65957474531558,36825.99140428717,-63.17400859571283,2023-06,2434.480840333907,2024-01,-5848.810389934138,20,risk_1pct,False,False,True,buf20_size-risk_1pct_pboc-0_vol-0_atr-1,XAU,True,PAXGUSDT
0,0.0,0.0,0.0,0.0,0.0,0.0,100000.0,0.0,,0.0,,0.0,20,risk_1pct,False,False,True,buf20_size-risk_1pct_pboc-0_vol-0_atr-1,XAG,False,
1043,52.92425695110259,940.603007912509,-874.9038051727312,1.2210933505457433,1.6359521888287065,-9.518889542821785,194009.61105375772,94.00961105375771,2023-10,14297.196710579785,2025-10,-9268.308054631083,20,risk_1pct,False,True,False,buf20_size-risk_1pct_pboc-0_vol-1_atr-0,BTC,True,BTCUSDT
1049,50.52430886558628,780.4714248519938,-716.2663573617442,1.1235572450475162,0.957580651842435,-16.835416206770226,145488.9474876202,45.4889474876202,2025-01,9242.371671783101,2024-06,-6644.23070976481,20,risk_1pct,False,True,False,buf20_size-risk_1pct_pboc-0_vol-1_atr-0,ETH,True,ETHUSDT
1067,49.2970946579194,664.3123190133147,-665.6378504072586,0.9999095985966144,0.05992857316315386,-21.531838521904568,99968.40833719281,-0.031591662807184395,2022-11,10163.43615010526,2025-10,-10035.792338873423,20,risk_1pct,False,True,False,buf20_size-risk_1pct_pboc-0_vol-1_atr-0,SOL,True,SOLUSDT
856,42.05607476635514,347.0934109361701,-403.003683638041,0.701483701445584,-1.9611229388484228,-58.82565138453242,46825.99976900705,-53.174000230992945,2022-05,4078.787311806438,2022-02,-6724.085759176432,20,risk_1pct,False,True,False,buf20_size-risk_1pct_pboc-0_vol-1_atr-0,XAU,True,PAXGUSDT
0,0.0,0.0,0.0,0.0,0.0,0.0,100000.0,0.0,,0.0,,0.0,20,risk_1pct,False,True,False,buf20_size-risk_1pct_pboc-0_vol-1_atr-0,XAG,False,
793,52.20680958385876,873.8385844751891,-795.5596482497419,1.2126278644008912,1.3963314607149788,-9.518889542821807,163434.3058790749,63.434305879074905,2023-11,8473.123317097703,2025-10,-7807.651823817892,20,risk_1pct,False,True,True,buf20_size-risk_1pct_pboc-0_vol-1_atr-1,BTC,True,BTCUSDT
737,50.3392130257802,728.6391302090069,-661.5906362995084,1.1225240812482709,0.7881593193348354,-16.835416206770237,129506.12569452042,29.506125694520424,2025-01,8227.042453127013,2024-06,-5914.3226499415905,20,risk_1pct,False,True,True,buf20_size-risk_1pct_pboc-0_vol-1_atr-1,ETH,True,ETHUSDT
721,48.82108183079057,559.8723328315438,-583.1027632381118,0.9285070099327725,-0.4163070443744668,-20.577966430706894,84825.65533803066,-15.174344661969341,2022-11,5361.749245388688,2025-10,-8515.616844772789,20,risk_1pct,False,True,True,buf20_size-risk_1pct_pboc-0_vol-1_atr-1,SOL,True,SOLUSDT
678,42.772861356932154,411.2907286269156,-451.7823050382339,0.7500237869222078,-1.4596669388352095,-45.5760395382273,60246.93992834713,-39.75306007165287,2022-05,4578.841026247913,2024-06,-5334.803643254254,20,risk_1pct,False,True,True,buf20_size-risk_1pct_pboc-0_vol-1_atr-1,XAU,True,PAXGUSDT
0,0.0,0.0,0.0,0.0,0.0,0.0,100000.0,0.0,,0.0,,0.0,20,risk_1pct,False,True,True,buf20_size-risk_1pct_pboc-0_vol-1_atr-1,XAG,False,
1119,52.189454870420015,882.3180115439753,-824.0454708022069,1.1798069379801348,1.3955373843689909,-12.876085272665582,178529.61921651196,78.52961921651196,2023-10,13868.493728557685,2025-02,-8567.173003545482,20,risk_1pct,True,False,False,buf20_size-risk_1pct_pboc-1_vol-0_atr-0,BTC,True,BTCUSDT
1126,49.644760213143876,760.2135751959735,-694.2070716886426,1.0911778304550197,0.7667373643870705,-16.89095774083067,135509.2213172206,35.509221317220586,2025-01,9065.89512066237,2024-06,-6921.335891855074,20,risk_1pct,True,False,False,buf20_size-risk_1pct_pboc-1_vol-0_atr-0,ETH,True,ETHUSDT
1150,47.82608695652174,607.7762812164736,-604.2250820709708,0.9505713113934167,-0.3649705847201984,-28.64152751366733,82617.9569037555,-17.382043096244495,2022-11,9669.689981657119,2025-10,-8468.142371699298,20,risk_1pct,True,False,False,buf20_size-risk_1pct_pboc-1_vol-0_atr-0,SOL,True,SOLUSDT
986,38.74239350912779,269.27537099810314,-339.68117533406337,0.5790110172489866,-3.3048163559753787,-76.18303405886937,25209.937021560138,-74.79006297843986,2023-06,2270.9211252423097,2022-02,-8293.891475090064,20,risk_1pct,True,False,False,buf20_size-risk_1pct_pboc-1_vol-0_atr-0,XAU,True,PAXGUSDT
0,0.0,0.0,0.0,0.0,0.0,0.0,100000.0,0.0,,0.0,,0.0,20,risk_1pct,True,False,False,buf20_size-risk_1pct_pboc-1_vol-0_atr-0,XAG,False,
863,51.680185399768256,843.3398458035992,-773.741559242492,1.177040761459877,1.234791206558813,-12.876085272665671,156574.30726125604,56.57430726125603,2025-01,9877.883102734762,2025-02,-7513.594573854363,20,risk_1pct,True,False,True,buf20_size-risk_1pct_pboc-1_vol-0_atr-1,BTC,True,BTCUSDT
795,49.43396226415094,723.0810634487094,-653.070138854823,1.087826716566939,0.6209641183140796,-16.890957740830682,122942.80239341366,22.942802393413665,2025-01,8225.17125775385,2024-06,-6279.487274587738,20,risk_1pct,True,False,True,buf20_size-risk_1pct_pboc-1_vol-0_atr-1,ETH,True,ETHUSDT
773,47.21862871927555,533.0366607287385,-548.0798699953847,0.8852414072979792,-0.7474927480401241,-29.91789130507898,74778.35329784031,-25.221646702159696,2022-11,5180.539346996075,2025-10,-7664.601810294301,20,risk_1pct,True,False,True,buf20_size-risk_1pct_pboc-1_vol-0_atr-1,SOL,True,SOLUSDT
773,39.58602846054334,340.9471671433997,-404.9207581942266,0.6253760648956747,-2.6464954396088802,-64.10231780940417,37502.480769858936,-62.497519230141066,2023-06,2434.179430554578,2024-06,-5965.930447116115,20,risk_1pct,True,False,True,buf20_size-risk_1pct_pboc-1_vol-0_atr-1,XAU,True,PAXGUSDT
0,0.0,0.0,0.0,0.0,0.0,0.0,100000.0,0.0,,0.0,,0.0,20,risk_1pct,True,False,True,buf20_size-risk_1pct_pboc-1_vol-0_atr-1,XAG,False,
1043,52.92425695110259,940.603007912509,-874.9038051727312,1.2210933505457433,1.6359521888287065,-9.518889542821785,194009.61105375772,94.00961105375771,2023-10,14297.196710579785,2025-10,-9268.308054631083,20,risk_1pct,True,True,False,buf20_size-risk_1pct_pboc-1_vol-1_atr-0,BTC,True,BTCUSDT
1049,50.52430886558628,780.4714248519938,-716.2663573617442,1.1235572450475162,0.957580651842435,-16.835416206770226,145488.9474876202,45.4889474876202,2025-01,9242.371671783101,2024-06,-6644.23070976481,20,risk_1pct,True,True,False,buf20_size-risk_1pct_pboc-1_vol-1_atr-0,ETH,True,ETHUSDT
1067,49.2970946579194,664.3123190133147,-665.6378504072586,0.9999095985966144,0.05992857316315386,-21.531838521904568,99968.40833719281,-0.031591662807184395,2022-11,10163.43615010526,2025-10,-10035.792338873423,20,risk_1pct,True,True,False,buf20_size-risk_1pct_pboc-1_vol-1_atr-0,SOL,True,SOLUSDT
795,42.138364779874216,358.86319832136485,-425.54113488367386,0.6958348073006678,-1.9638535090340845,-58.384018835161044,47449.47067488554,-52.55052932511446,2022-05,4117.446909837117,2022-02,-6689.891363227039,20,risk_1pct,True,True,False,buf20_size-risk_1pct_pboc-1_vol-1_atr-0,XAU,True,PAXGUSDT
0,0.0,0.0,0.0,0.0,0.0,0.0,100000.0,0.0,,0.0,,0.0,20,risk_1pct,True,True,False,buf20_size-risk_1pct_pboc-1_vol-1_atr-0,XAG,False,
793,52.20680958385876,873.8385844751891,-795.5596482497419,1.2126278644008912,1.3963314607149788,-9.518889542821807,163434.3058790749,63.434305879074905,2023-11,8473.123317097703,2025-10,-7807.651823817892,20,risk_1pct,True,True,True,buf20_size-risk_1pct_pboc-1_vol-1_atr-1,BTC,True,BTCUSDT
737,50.3392130257802,728.6391302090069,-661.5906362995084,1.1225240812482709,0.7881593193348354,-16.835416206770237,129506.12569452042,29.506125694520424,2025-01,8227.042453127013,2024-06,-5914.3226499415905,20,risk_1pct,True,True,True,buf20_size-risk_1pct_pboc-1_vol-1_atr-1,ETH,True,ETHUSDT
721,48.82108183079057,559.8723328315438,-583.1027632381118,0.9285070099327725,-0.4163070443744668,-20.577966430706894,84825.65533803066,-15.174344661969341,2022-11,5361.749245388688,2025-10,-8515.616844772789,20,risk_1pct,True,True,True,buf20_size-risk_1pct_pboc-1_vol-1_atr-1,SOL,True,SOLUSDT
620,43.064516129032256,428.1586932529953,-482.53849080628106,0.7473513164380812,-1.4396689189148628,-44.717868499578586,61353.66951295869,-38.64633048704131,2022-05,4606.832770365119,2024-06,-5442.301611750374,20,risk_1pct,True,True,True,buf20_size-risk_1pct_pboc-1_vol-1_atr-1,XAU,True,PAXGUSDT
0,0.0,0.0,0.0,0.0,0.0,0.0,100000.0,0.0,,0.0,,0.0,20,risk_1pct,True,True,True,buf20_size-risk_1pct_pboc-1_vol-1_atr-1,XAG,False,
1119,52.189454870420015,3.824411270682675,-3.671706910736222,1.1477136848126075,0.8803811018068909,-0.08421192623074836,100287.45151938849,0.287451519388493,2023-10,45.21909165291132,2024-06,-37.13793828416179,20,fixed_1000,False,False,False,buf20_size-fixed_1000_pboc-0_vol-0_atr-0,BTC,True,BTCUSDT
1126,49.644760213143876,5.537381544351369,-4.890385317556902,1.1282629231417651,0.8042315449420298,-0.1808895187231374,100351.890120143,0.3518901201430058,2022-07,101.40516845489843,2022-06,-96.1458416295248,20,fixed_1000,False,False,False,buf20_size-fixed_1000_pboc-0_vol-0_atr-0,ETH,True,ETHUSDT
1150,47.82608695652174,8.120401656467138,-8.377141388633355,0.9160546223531061,-0.5954485817408023,-0.4720611148232856,99590.72462287231,-0.4092753771276936,2022-11,156.64752790853493,2022-01,-133.8394676452113,20,fixed_1000,False,False,False,buf20_size-fixed_1000_pboc-0_vol-0_atr-0,SOL,True,SOLUSDT
1047,38.87297039159503,1.5300788784713255,-1.6811990339040792,0.6626394527321279,-2.4336772350314995,-0.35305000262867425,99682.95184358546,-0.31704815641454553,2026-01,12.80177216415709,2022-11,-32.42524453969729,20,fixed_1000,False,False,False,buf20_size-fixed_1000_pboc-0_vol-0_atr-0,XAU,True,PAXGUSDT
0,0.0,0.0,0.0,0.0,0.0,0.0,100000.0,0.0,,0.0,,0.0,20,fixed_1000,False,False,False,buf20_size-fixed_1000_pboc-0_vol-0_atr-0,XAG,False,
863,51.680185399768256,3.8666517237927773,-3.833010307640229,1.0893811997477265,0.48466157650106084,-0.10889032527258147,100141.49341175616,0.14149341175615504,2024-04,40.86201749069514,2022-06,-63.652197891267754,20,fixed_1000,False,False,True,buf20_size-fixed_1000_pboc-0_vol-0_atr-1,BTC,True,BTCUSDT
795,49.43396226415094,5.818214078767726,-5.135035268348804,1.1132144247623494,0.613818061732477,-0.1811049607411741,100232.5440256162,0.23254402561618814,2024-12,76.22938035756592,2024-03,-80.53654916487581,20,fixed_1000,False,False,True,buf20_size-fixed_1000_pboc-0_vol-0_atr-1,ETH,True,ETHUSDT
773,47.21862871927555,7.893764297428832,-8.508833176702574,0.8444280231196287,-0.9458371788915895,-0.5748673883865574,99469.18186470379,-0.5308181352962182,2025-08,60.14821255558564,2025-10,-117.90293900013675,20,fixed_1000,False,False,True,buf20_size-fixed_1000_pboc-0_vol-0_atr-1,SOL,True,SOLUSDT
831,39.59085439229844,1.6650308897188637,-1.764773471246834,0.6944191727779161,-1.929786050063982,-0.27470818906387695,99758.94142107017,-0.2410585789298314,2026-01,12.80177216415709,2022-11,-29.632462730652406,20,fixed_1000,False,False,True,buf20_size-fixed_1000_pboc-0_vol-0_atr-1,XAU,True,PAXGUSDT
0,0.0,0.0,0.0,0.0,0.0,0.0,100000.0,0.0,,0.0,,0.0,20,fixed_1000,False,False,True,buf20_size-fixed_1000_pboc-0_vol-0_atr-1,XAG,False,
1043,52.92425695110259,3.9312923178926726,-3.7605447120981577,1.1873736023380008,1.0624709635439527,-0.08167053322497564,100342.44862939705,0.3424486293970519,2023-10,49.59644014808005,2024-06,-38.9888754008857,20,fixed_1000,False,True,False,buf20_size-fixed_1000_pboc-0_vol-1_atr-0,BTC,True,BTCUSDT
1049,50.52430886558628,5.6594120306717075,-5.052927440050697,1.154891014721159,0.9315744383324633,-0.1977302690625904,100402.28367206994,0.4022836720699363,2022-07,101.40516845489843,2022-06,-94.91085550276105,20,fixed_1000,False,True,False,buf20_size-fixed_1000_pboc-0_vol-1_atr-0,ETH,True,ETHUSDT
1067,49.2970946579194,8.28328849053394,-8.70130955536944,0.9537720879928514,-0.31058985131846234,-0.34980814018142903,99788.8222294519,-0.21117777054810993,2022-11,161.09479601526937,2022-01,-126.95426873339156,20,fixed_1000,False,True,False,buf20_size-fixed_1000_pboc-0_vol-1_atr-0,SOL,True,SOLUSDT
856,42.05607476635514,1.6410177751119568,-1.786666203153377,0.7480835318206688,-1.5762833164059207,-0.24532595579297434,99801.05993724651,-0.1989400627534943,2023-03,15.412956845134945,2022-11,-33.78759594800062,20,fixed_1000,False,True,False,buf20_size-fixed_1000_pboc-0_vol-1_atr-0,XAU,True,PAXGUSDT
0,0.0,0.0,0.0,0.0,0.0,0.0,100000.0,0.0,,0.0,,0.0,20,fixed_1000,False,True,False,buf20_size-fixed_1000_pboc-0_vol-1_atr-0,XAG,False,
793,52.20680958385876,4.012424749298676,-3.955340922760346,1.1199330246694224,0.6179207077403885,-0.10618557838091292,100177.89100017452,0.17789100017453485,2024-07,44.084935044302284,2022-06,-61.12476634090548,20,fixed_1000,False,True,True,buf20_size-fixed_1000_pboc-0_vol-1_atr-1,BTC,True,BTCUSDT
737,50.3392130257802,5.9263979825243425,-5.300493665095957,1.1395857737312498,0.7225279432938538,-0.19799263395683386,100269.3139574216,0.2693139574216019,2024-12,76.22938035756592,2024-03,-80.53654916487581,20,fixed_1000,False,True,True,buf20_size-fixed_1000_pboc-0_vol-1_atr-1,ETH,True,ETHUSDT
721,48.82108183079057,8.00159939741441,-8.848199907882766,0.8745067343468728,-0.7280616529807897,-0.4482871117221676,99595.81822142054,-0.4041817785794599,2025-08,67.85881915944753,2025-10,-117.90293900013675,20,fixed_1000,False,True,True,buf20_size-fixed_1000_pboc-0_vol-1_atr-1,SOL,True,SOLUSDT
678,42.772861356932154,1.7980584929872796,-1.896386438816016,0.7811461725869989,-1.1989273255855228,-0.1903719302347895,99853.90893650307,-0.14609106349693368,2026-01,14.138986371593237,2022-11,-30.994814138955743,20,fixed_1000,False,True,True,buf20_size-fixed_1000_pboc-0_vol-1_atr-1,XAU,True,PAXGUSDT
0,0.0,0.0,0.0,0.0,0.0,0.0,100000.0,0.0,,0.0,,0.0,20,fixed_1000,False,True,True,buf20_size-fixed_1000_pboc-0_vol-1_atr-1,XAG,False,
1119,52.189454870420015,3.824411270682675,-3.671706910736222,1.1477136848126075,0.8803811018068909,-0.08421192623074836,100287.45151938849,0.287451519388493,2023-10,45.21909165291132,2024-06,-37.13793828416179,20,fixed_1000,True,False,False,buf20_size-fixed_1000_pboc-1_vol-0_atr-0,BTC,True,BTCUSDT
1126,49.644760213143876,5.537381544351369,-4.890385317556902,1.1282629231417651,0.8042315449420298,-0.1808895187231374,100351.890120143,0.3518901201430058,2022-07,101.40516845489843,2022-06,-96.1458416295248,20,fixed_1000,True,False,False,buf20_size-fixed_1000_pboc-1_vol-0_atr-0,ETH,True,ETHUSDT
1150,47.82608695652174,8.120401656467138,-8.377141388633355,0.9160546223531061,-0.5954485817408023,-0.4720611148232856,99590.72462287231,-0.4092753771276936,2022-11,156.64752790853493,2022-01,-133.8394676452113,20,fixed_1000,True,False,False,buf20_size-fixed_1000_pboc-1_vol-0_atr-0,SOL,True,SOLUSDT
986,38.74239350912779,1.3813692709609238,-1.6114891606059296,0.6261005368001573,-2.87305961837344,-0.32667538419449693,99684.87423051018,-0.3151257694898213,2025-04,12.990116337225091,2022-02,-29.272345535136214,20,fixed_1000,True,False,False,buf20_size-fixed_1000_pboc-1_vol-0_atr-0,XAU,True,PAXGUSDT
0,0.0,0.0,0.0,0.0,0.0,0.0,100000.0,0.0,,0.0,,0.0,20,fixed_1000,True,False,False,buf20_size-fixed_1000_pboc-1_vol-0_atr-0,XAG,False,
863,51.680185399768256,3.8666517237927773,-3.833010307640229,1.0893811997477265,0.48466157650106084,-0.10889032527258147,100141.49341175616,0.14149341175615504,2024-04,40.86201749069514,2022-06,-63.652197891267754,20,fixed_1000,True,False,True,buf20_size-fixed_1000_pboc-1_vol-0_atr-1,BTC,True,BTCUSDT
795,49.43396226415094,5.818214078767726,-5.135035268348804,1.1132144247623494,0.613818061732477,-0.1811049607411741,100232.5440256162,0.23254402561618814,2024-12,76.22938035756592,2024-03,-80.53654916487581,20,fixed_1000,True,False,True,buf20_size-fixed_1000_pboc-1_vol-0_atr-1,ETH,True,ETHUSDT
773,47.21862871927555,7.893764297428832,-8.508833176702574,0.8444280231196287,-0.9458371788915895,-0.5748673883865574,99469.18186470379,-0.5308181352962182,2025-08,60.14821255558564,2025-10,-117.90293900013675,20,fixed_1000,True,False,True,buf20_size-fixed_1000_pboc-1_vol-0_atr-1,SOL,True,SOLUSDT
773,39.58602846054334,1.4936249447173173,-1.6832938095484489,0.6590309977103421,-2.2809450746424904,-0.24566457431103306,99763.53218354954,-0.23646781645045856,2025-04,12.990116337225091,2022-11,-25.64385874204842,20,fixed_1000,True,False,True,buf20_size-fixed_1000_pboc-1_vol-0_atr-1,XAU,True,PAXGUSDT
0,0.0,0.0,0.0,0.0,0.0,0.0,100000.0,0.0,,0.0,,0.0,20,fixed_1000,True,False,True,buf20_size-fixed_1000_pboc-1_vol-0_atr-1,XAG,False,
1043,52.92425695110259,3.9312923178926726,-3.7605447120981577,1.1873736023380008,1.0624709635439527,-0.08167053322497564,100342.44862939705,0.3424486293970519,2023-10,49.59644014808005,2024-06,-38.9888754008857,20,fixed_1000,True,True,False,buf20_size-fixed_1000_pboc-1_vol-1_atr-0,BTC,True,BTCUSDT
1049,50.52430886558628,5.6594120306717075,-5.052927440050697,1.154891014721159,0.9315744383324633,-0.1977302690625904,100402.28367206994,0.4022836720699363,2022-07,101.40516845489843,2022-06,-94.91085550276105,20,fixed_1000,True,True,False,buf20_size-fixed_1000_pboc-1_vol-1_atr-0,ETH,True,ETHUSDT
1067,49.2970946579194,8.28328849053394,-8.70130955536944,0.9537720879928514,-0.31058985131846234,-0.34980814018142903,99788.8222294519,-0.21117777054810993,2022-11,161.09479601526937,2022-01,-126.95426873339156,20,fixed_1000,True,True,False,buf20_size-fixed_1000_pboc-1_vol-1_atr-0,SOL,True,SOLUSDT
795,42.138364779874216,1.4797234537598445,-1.706219292705206,0.7155903619917965,-1.8766016656851885,-0.23301688171603052,99802.98232417123,-0.19701767582877006,2025-04,14.874619924567854,2022-11,-29.798991959396634,20,fixed_1000,True,True,False,buf20_size-fixed_1000_pboc-1_vol-1_atr-0,XAU,True,PAXGUSDT
0,0.0,0.0,0.0,0.0,0.0,0.0,100000.0,0.0,,0.0,,0.0,20,fixed_1000,True,True,False,buf20_size-fixed_1000_pboc-1_vol-1_atr-0,XAG,False,
793,52.20680958385876,4.012424749298676,-3.955340922760346,1.1199330246694224,0.6179207077403885,-0.10618557838091292,100177.89100017452,0.17789100017453485,2024-07,44.084935044302284,2022-06,-61.12476634090548,20,fixed_1000,True,True,True,buf20_size-fixed_1000_pboc-1_vol-1_atr-1,BTC,True,BTCUSDT
737,50.3392130257802,5.9263979825243425,-5.300493665095957,1.1395857737312498,0.7225279432938538,-0.19799263395683386,100269.3139574216,0.2693139574216019,2024-12,76.22938035756592,2024-03,-80.53654916487581,20,fixed_1000,True,True,True,buf20_size-fixed_1000_pboc-1_vol-1_atr-1,ETH,True,ETHUSDT
721,48.82108183079057,8.00159939741441,-8.848199907882766,0.8745067343468728,-0.7280616529807897,-0.4482871117221676,99595.81822142054,-0.4041817785794599,2025-08,67.85881915944753,2025-10,-117.90293900013675,20,fixed_1000,True,True,True,buf20_size-fixed_1000_pboc-1_vol-1_atr-1,SOL,True,SOLUSDT
620,43.064516129032256,1.613075031207131,-1.8050199821762267,0.7527045718398802,-1.4156401352459373,-0.17539425108620277,99858.49969898244,-0.14150030101756084,2025-04,14.874619924567854,2022-11,-27.00621015035175,20,fixed_1000,True,True,True,buf20_size-fixed_1000_pboc-1_vol-1_atr-1,XAU,True,PAXGUSDT
0,0.0,0.0,0.0,0.0,0.0,0.0,100000.0,0.0,,0.0,,0.0,20,fixed_1000,True,True,True,buf20_size-fixed_1000_pboc-1_vol-1_atr-1,XAG,False,
1045,52.05741626794258,742.6010813251688,-704.0585900984559,1.1544876371677821,1.1512772576261792,-9.329933461313633,154057.86896195923,54.05786896195923,2023-10,11199.55713745984,2025-10,-6879.598896046657,30,risk_1pct,False,False,False,buf30_size-risk_1pct_pboc-0_vol-0_atr-0,BTC,True,BTCUSDT
1059,50.802644003777154,661.3507051327414,-646.6652686612854,1.0725491305502077,0.5957518075937324,-15.904935076714432,124067.39653817554,24.067396538175533,2022-11,8987.198834933708,2024-06,-6487.812823004579,30,risk_1pct,False,False,False,buf30_size-risk_1pct_pboc-0_vol-0_atr-0,ETH,True,ETHUSDT
1072,47.01492537313433,550.1798293066187,-545.4051543141251,0.9328664205863756,-0.49030730851530924,-26.160238530409707,80044.82486933765,-19.95517513066235,2022-11,9573.899241059282,2025-10,-7389.485075443879,30,risk_1pct,False,False,False,buf30_size-risk_1pct_pboc-0_vol-0_atr-0,SOL,True,SOLUSDT
988,39.67611336032389,277.84880523665896,-341.34383753869196,0.6100997472597616,-2.944961972749981,-72.10380288135288,30393.904620034198,-69.60609537996581,2022-05,2744.303120747182,2022-02,-8106.44935647699,30,risk_1pct,False,False,False,buf30_size-risk_1pct_pboc-0_vol-0_atr-0,XAU,True,PAXGUSDT
0,0.0,0.0,0.0,0.0,0.0,0.0,100000.0,0.0,,0.0,,0.0,30,risk_1pct,False,False,False,buf30_size-risk_1pct_pboc-0_vol-0_atr-0,XAG,False,
800,52.25,739.2105356563455,-696.2376443743317,1.170975257865071,1.1277729278373296,-8.753657846360252,145115.93668648074,45.11593668648073,2023-11,10230.67689107866,2025-10,-6480.288508168339,30,risk_1pct,False,False,True,buf30_size-risk_1pct_pboc-0_vol-0_atr-1,BTC,True,BTCUSDT
745,50.46979865771812,662.5437645283889,-629.048063788063,1.0849899652723334,0.5794948928330739,-15.904935076714422,119513.91218003127,19.51391218003127,2025-01,7656.600480200792,2024-06,-6249.699063609065,30,risk_1pct,False,False,True,buf30_size-risk_1pct_pboc-0_vol-0_atr-1,ETH,True,ETHUSDT
719,47.009735744089014,506.828388923608,-522.9204112369177,0.8854016258780751,-0.7110350978593365,-28.189362611537096,77827.44329851991,-22.172556701480094,2022-11,5323.40811314454,2025-10,-7184.783421703407,30,risk_1pct,False,False,True,buf30_size-risk_1pct_pboc-0_vol-0_atr-1,SOL,True,SOLUSDT
775,40.64516129032258,345.70524907427597,-401.75283545693196,0.661109990701325,-2.2949201417772183,-58.99909917231585,44178.49092105482,-55.82150907894518,2022-05,3182.9451971436683,2024-01,-6474.201207911562,30,risk_1pct,False,False,True,buf30_size-risk_1pct_pboc-0_vol-0_atr-1,XAU,True,PAXGUSDT
0,0.0,0.0,0.0,0.0,0.0,0.0,100000.0,0.0,,0.0,,0.0,30,risk_1pct,False,False,True,buf30_size-risk_1pct_pboc-0_vol-0_atr-1,XAG,False,
974,52.56673511293635,799.393701223994,-744.7922827982928,1.199858512178345,1.414908207735918,-8.414074203347122,168174.70950506686,68.17470950506686,2023-10,11544.418296835333,2025-10,-7550.462588235797,30,risk_1pct,False,True,False,buf30_size-risk_1pct_pboc-0_vol-1_atr-0,BTC,True,BTCUSDT
990,51.41414141414141,686.8660305469516,-666.5540704266006,1.1065628718116831,0.8034733899318969,-16.990134840467974,133668.18016618973,33.66818016618973,2022-11,8178.970383709872,2024-06,-6360.591076415034,30,risk_1pct,False,True,False,buf30_size-risk_1pct_pboc-0_vol-1_atr-0,ETH,True,ETHUSDT
998,48.59719438877755,597.1771150907965,-589.2280572984254,0.9950262259525767,0.017957494034698224,-18.816371949884005,98552.24051361413,-1.447759486385869,2022-11,10080.273489108009,2025-10,-8695.755393954289,30,risk_1pct,False,True,False,buf30_size-risk_1pct_pboc-0_vol-1_atr-0,SOL,True,SOLUSDT
808,43.193069306930695,359.98132508387863,-414.5713154081783,0.7355444665164611,-1.6374110324962798,-53.49538775973348,54830.10050610415,-45.16989949389585,2022-05,5544.745962219522,2022-02,-6497.960141776976,30,risk_1pct,False,True,False,buf30_size-risk_1pct_pboc-0_vol-1_atr-0,XAU,True,PAXGUSDT
0,0.0,0.0,0.0,0.0,0.0,0.0,100000.0,0.0,,0.0,,0.0,30,risk_1pct,False,True,False,buf30_size-risk_1pct_pboc-0_vol-1_atr-0,XAG,False,
735,52.6530612244898,789.3542861488494,-726.9050473216969,1.2181090141168287,1.3597189732046748,-7.384752202967015,154697.8674136194,54.69786741361939,2023-11,10511.778731640205,2025-10,-6945.399006925033,30,risk_1pct,False,True,True,buf30_size-risk_1pct_pboc-0_vol-1_atr-1,BTC,True,BTCUSDT
695,50.79136690647482,667.7291682365783,-625.1052498567686,1.1155915258262006,0.7198006552300447,-16.990134840467963,124422.8219359243,24.42282193592429,2025-01,7491.9643960375,2024-06,-5920.651346671029,30,risk_1pct,False,True,True,buf30_size-risk_1pct_pboc-0_vol-1_atr-1,ETH,True,ETHUSDT
674,48.516320474777444,532.9674173983994,-544.6481206789,0.9467072488748359,-0.2777800137111079,-19.29202548865708,90189.28069980838,-9.810719300191618,2025-12,6932.609826954671,2025-10,-7957.849766123552,30,risk_1pct,False,True,True,buf30_size-risk_1pct_pboc-0_vol-1_atr-1,SOL,True,SOLUSDT
633,44.23380726698262,422.12119774695486,-459.5042763605594,0.796348402668134,-1.1054605060921976,-39.50469838166585,69774.05410468674,-30.225945895313256,2022-05,6216.2058810795925,2024-06,-5328.977397734297,30,risk_1pct,False,True,True,buf30_size-risk_1pct_pboc-0_vol-1_atr-1,XAU,True,PAXGUSDT
0,0.0,0.0,0.0,0.0,0.0,0.0,100000.0,0.0,,0.0,,0.0,30,risk_1pct,False,True,True,buf30_size-risk_1pct_pboc-0_vol-1_atr-1,XAG,False,
1045,52.05741626794258,742.6010813251688,-704.0585900984559,1.1544876371677821,1.1512772576261792,-9.329933461313633,154057.86896195923,54.05786896195923,2023-10,11199.55713745984,2025-10,-6879.598896046657,30,risk_1pct,True,False,False,buf30_size-risk_1pct_pboc-1_vol-0_atr-0,BTC,True,BTCUSDT
1059,50.802644003777154,661.3507051327414,-646.6652686612854,1.0725491305502077,0.5957518075937324,-15.904935076714432,124067.39653817554,24.067396538175533,2022-11,8987.198834933708,2024-06,-6487.812823004579,30,risk_1pct,True,False,False,buf30_size-risk_1pct_pboc-1_vol-0_atr-0,ETH,True,ETHUSDT
1072,47.01492537313433,550.1798293066187,-545.4051543141251,0.9328664205863756,-0.49030730851530924,-26.160238530409707,80044.82486933765,-19.95517513066235,2022-11,9573.899241059282,2025-10,-7389.485075443879,30,risk_1pct,True,False,False,buf30_size-risk_1pct_pboc-1_vol-0_atr-0,SOL,True,SOLUSDT
935,39.25133689839572,289.45909496085466,-354.69711034221774,0.603828958710691,-2.9862006672837187,-71.92401443965258,30301.72112089368,-69.69827887910633,2022-05,2764.5481192822326,2022-02,-8004.229543043652,30,risk_1pct,True,False,False,buf30_size-risk_1pct_pboc-1_vol-0_atr-0,XAU,True,PAXGUSDT
0,0.0,0.0,0.0,0.0,0.0,0.0,100000.0,0.0,,0.0,,0.0,30,risk_1pct,True,False,False,buf30_size-risk_1pct_pboc-1_vol-0_atr-0,XAG,False,
800,52.25,739.2105356563455,-696.2376443743317,1.170975257865071,1.1277729278373296,-8.753657846360252,145115.93668648074,45.11593668648073,2023-11,10230.67689107866,2025-10,-6480.288508168339,30,risk_1pct,True,False,True,buf30_size-risk_1pct_pboc-1_vol-0_atr-1,BTC,True,BTCUSDT
745,50.46979865771812,662.5437645283889,-629.048063788063,1.0849899652723334,0.5794948928330739,-15.904935076714422,119513.91218003127,19.51391218003127,2025-01,7656.600480200792,2024-06,-6249.699063609065,30,risk_1pct,True,False,True,buf30_size-risk_1pct_pboc-1_vol-0_atr-1,ETH,True,ETHUSDT
719,47.009735744089014,506.828388923608,-522.9204112369177,0.8854016258780751,-0.7110350978593365,-28.189362611537096,77827.44329851991,-22.172556701480094,2022-11,5323.40811314454,2025-10,-7184.783421703407,30,risk_1pct,True,False,True,buf30_size-risk_1pct_pboc-1_vol-0_atr-1,SOL,True,SOLUSDT
724,40.331491712707184,362.7058979258628,-421.97663638199464,0.6553152718592257,-2.3199716396383305,-58.50196662335052,44293.070460047995,-55.706929539952,2022-05,3206.4261021377865,2024-01,-6526.163960369736,30,risk_1pct,True,False,True,buf30_size-risk_1pct_pboc-1_vol-0_atr-1,XAU,True,PAXGUSDT
0,0.0,0.0,0.0,0.0,0.0,0.0,100000.0,0.0,,0.0,,0.0,30,risk_1pct,True,False,True,buf30_size-risk_1pct_pboc-1_vol-0_atr-1,XAG,False,
974,52.56673511293635,799.393701223994,-744.7922827982928,1.199858512178345,1.414908207735918,-8.414074203347122,168174.70950506686,68.17470950506686,2023-10,11544.418296835333,2025-10,-7550.462588235797,30,risk_1pct,True,True,False,buf30_size-risk_1pct_pboc-1_vol-1_atr-0,BTC,True,BTCUSDT
990,51.41414141414141,686.8660305469516,-666.5540704266006,1.1065628718116831,0.8034733899318969,-16.990134840467974,133668.18016618973,33.66818016618973,2022-11,8178.970383709872,2024-06,-6360.591076415034,30,risk_1pct,True,True,False,buf30_size-risk_1pct_pboc-1_vol-1_atr-0,ETH,True,ETHUSDT
998,48.59719438877755,597.1771150907965,-589.2280572984254,0.9950262259525767,0.017957494034698224,-18.816371949884005,98552.24051361413,-1.447759486385869,2022-11,10080.273489108009,2025-10,-8695.755393954289,30,risk_1pct,True,True,False,buf30_size-risk_1pct_pboc-1_vol-1_atr-0,SOL,True,SOLUSDT
755,42.91390728476821,374.90265301818823,-433.25884825288404,0.7282078454539942,-1.6692723695032798,-53.281288739666934,54663.80300053274,-45.33619699946726,2022-05,5585.650107623036,2022-02,-6391.139979233763,30,risk_1pct,True,True,False,buf30_size-risk_1pct_pboc-1_vol-1_atr-0,XAU,True,PAXGUSDT
0,0.0,0.0,0.0,0.0,0.0,0.0,100000.0,0.0,,0.0,,0.0,30,risk_1pct,True,True,False,buf30_size-risk_1pct_pboc-1_vol-1_atr-0,XAG,False,
735,52.6530612244898,789.3542861488494,-726.9050473216969,1.2181090141168287,1.3597189732046748,-7.384752202967015,154697.8674136194,54.69786741361939,2023-11,10511.778731640205,2025-10,-6945.399006925033,30,risk_1pct,True,True,True,buf30_size-risk_1pct_pboc-1_vol-1_atr-1,BTC,True,BTCUSDT
695,50.79136690647482,667.7291682365783,-625.1052498567686,1.1155915258262006,0.7198006552300447,-16.990134840467963,124422.8219359243,24.42282193592429,2025-01,7491.9643960375,2024-06,-5920.651346671029,30,risk_1pct,True,True,True,buf30_size-risk_1pct_pboc-1_vol-1_atr-1,ETH,True,ETHUSDT
674,48.516320474777444,532.9674173983994,-544.6481206789,0.9467072488748359,-0.2777800137111079,-19.29202548865708,90189.28069980838,-9.810719300191618,2025-12,6932.609826954671,2025-10,-7957.849766123552,30,risk_1pct,True,True,True,buf30_size-risk_1pct_pboc-1_vol-1_atr-1,SOL,True,SOLUSDT
582,44.15807560137457,442.9957216762118,-486.131362210919,0.791201868527371,-1.117303493265935,-39.3307664103753,69955.01725635445,-30.044982743645555,2022-05,6262.063453446366,2024-06,-5420.474590643144,30,risk_1pct,True,True,True,buf30_size-risk_1pct_pboc-1_vol-1_atr-1,XAU,True,PAXGUSDT
0,0.0,0.0,0.0,0.0,0.0,0.0,100000.0,0.0,,0.0,,0.0,30,risk_1pct,True,True,True,buf30_size-risk_1pct_pboc-1_vol-1_atr-1,XAG,False,
1045,52.05741626794258,3.7510664740497353,-3.586299330782821,1.144855661960567,0.8316685116505244,-0.07862311311964687,100258.189394484,0.2581893944839875,2022-07,55.81582522199181,2022-06,-48.75831828757562,30,fixed_1000,False,False,False,buf30_size-fixed_1000_pboc-0_vol-0_atr-0,BTC,True,BTCUSDT
1059,50.802644003777154,5.368004183201482,-4.991745645742465,1.1277823885935747,0.7739943750151067,-0.1940559020348065,100327.22073429651,0.3272207342965183,2022-07,106.84580877879111,2022-06,-126.01952216756388,30,fixed_1000,False,False,False,buf30_size-fixed_1000_pboc-0_vol-0_atr-0,ETH,True,ETHUSDT
1072,47.01492537313433,8.06053212916067,-8.362570852569915,0.8913698436745312,-0.7392989542124365,-0.547055645466632,99504.90707844637,-0.4950929215536304,2022-11,215.31547158417695,2022-01,-128.27983968470602,30,fixed_1000,False,False,False,buf30_size-fixed_1000_pboc-0_vol-0_atr-0,SOL,True,SOLUSDT
988,39.67611336032389,1.4962142544635144,-1.6105410603139914,0.6963159840522061,-2.0701715263617277,-0.3089714966792667,99744.20301320548,-0.2557969867945209,2026-01,22.9311075070915,2022-02,-28.303383218390167,30,fixed_1000,False,False,False,buf30_size-fixed_1000_pboc-0_vol-0_atr-0,XAU,True,PAXGUSDT
0,0.0,0.0,0.0,0.0,0.0,0.0,100000.0,0.0,,0.0,,0.0,30,fixed_1000,False,False,False,buf30_size-fixed_1000_pboc-0_vol-0_atr-0,XAG,False,
800,52.25,3.761865642493484,-3.7849413857204293,1.0961782832223501,0.4972111803068054,-0.0923673772046274,100137.96705337423,0.13796705337423276,2022-05,45.2701460111578,2022-06,-78.72085705397545,30,fixed_1000,False,False,True,buf30_size-fixed_1000_pboc-0_vol-0_atr-1,BTC,True,BTCUSDT
745,50.46979865771812,5.66212294475647,-5.2766949613929395,1.1053817416119003,0.5504110690622573,-0.1942965852170908,100202.96456632,0.20296456632000748,2025-01,70.43795048282634,2024-03,-76.05036918660339,30,fixed_1000,False,False,True,buf30_size-fixed_1000_pboc-0_vol-0_atr-1,ETH,True,ETHUSDT
719,47.009735744089014,7.7763539535546355,-8.347660585452791,0.8509934429792193,-0.8602479204193345,-0.5333479919810036,99539.77321968394,-0.46022678031606423,2022-11,105.9905059156261,2025-10,-120.08342043713864,30,fixed_1000,False,False,True,buf30_size-fixed_1000_pboc-0_vol-0_atr-1,SOL,True,SOLUSDT
775,40.64516129032258,1.623671718921356,-1.691283568360498,0.7375789160724641,-1.5450534390267432,-0.23333685603498244,99818.03032843242,-0.18196967156758337,2026-01,22.9311075070915,2022-11,-24.361865934682402,30,fixed_1000,False,False,True,buf30_size-fixed_1000_pboc-0_vol-0_atr-1,XAU,True,PAXGUSDT
0,0.0,0.0,0.0,0.0,0.0,0.0,100000.0,0.0,,0.0,,0.0,30,fixed_1000,False,False,True,buf30_size-fixed_1000_pboc-0_vol-0_atr-1,XAG,False,
974,52.56673511293635,3.8810278217451217,-3.648989141007499,1.1889912759999979,1.0300977375914138,-0.08081778859827526,100315.84921815207,0.31584921815206446,2022-07,55.81582522199181,2022-06,-41.78430881231561,30,fixed_1000,False,True,False,buf30_size-fixed_1000_pboc-0_vol-1_atr-0,BTC,True,BTCUSDT
990,51.41414141414141,5.52421365756147,-5.107715845684457,1.1614036310055158,0.9353737161547454,-0.2140196846261211,100390.76744084436,0.390767440844364,2022-07,106.84580877879111,2022-06,-114.2687553045496,30,fixed_1000,False,True,False,buf30_size-fixed_1000_pboc-0_vol-1_atr-0,ETH,True,ETHUSDT
998,48.59719438877755,8.198306290126736,-8.606328599547538,0.9352355469046064,-0.4157884917716159,-0.3879501480696157,99724.65222253498,-0.27534777746501815,2022-11,219.76273969091142,2025-10,-120.08342043713864,30,fixed_1000,False,True,False,buf30_size-fixed_1000_pboc-0_vol-1_atr-0,SOL,True,SOLUSDT
808,43.193069306930695,1.5883470329368168,-1.7186556802026727,0.7828611280321367,-1.285070583827319,-0.21417417346611956,99846.24697425145,-0.15375302574854866,2026-01,23.879216656161773,2022-11,-28.516999152030618,30,fixed_1000,False,True,False,buf30_size-fixed_1000_pboc-0_vol-1_atr-0,XAU,True,PAXGUSDT
0,0.0,0.0,0.0,0.0,0.0,0.0,100000.0,0.0,,0.0,,0.0,30,fixed_1000,False,True,False,buf30_size-fixed_1000_pboc-0_vol-1_atr-0,XAG,False,
735,52.6530612244898,3.931717201052142,-3.8794212486941078,1.1368605654022037,0.6690306938807151,-0.089844571373765,100183.17422600772,0.1831742260077096,2022-05,45.2701460111578,2022-06,-76.19342550361317,30,fixed_1000,False,True,True,buf30_size-fixed_1000_pboc-0_vol-1_atr-1,BTC,True,BTCUSDT
695,50.79136690647482,5.83589468863276,-5.379730255482565,1.132934888636883,0.6640322854555797,-0.21433805836567066,100241.72199873425,0.2417219987342456,2025-01,70.43795048282634,2024-03,-76.05036918660339,30,fixed_1000,False,True,True,buf30_size-fixed_1000_pboc-0_vol-1_atr-1,ETH,True,ETHUSDT
674,48.516320474777444,7.881605044076315,-8.556732217692709,0.8911232595319124,-0.5956787397918747,-0.41408191341048006,99685.10935983282,-0.31489064016718693,2022-11,110.43777402236054,2025-10,-120.08342043713864,30,fixed_1000,False,True,True,buf30_size-fixed_1000_pboc-0_vol-1_atr-1,SOL,True,SOLUSDT
633,44.23380726698262,1.734639958645271,-1.8169885576369493,0.8275851002632492,-0.880173056811599,-0.16005004233790032,99898.81188430394,-0.10118811569606034,2026-01,23.879216656161773,2022-11,-25.724217342985735,30,fixed_1000,False,True,True,buf30_size-fixed_1000_pboc-0_vol-1_atr-1,XAU,True,PAXGUSDT
0,0.0,0.0,0.0,0.0,0.0,0.0,100000.0,0.0,,0.0,,0.0,30,fixed_1000,False,True,True,buf30_size-fixed_1000_pboc-0_vol-1_atr-1,XAG,False,
1045,52.05741626794258,3.7510664740497353,-3.586299330782821,1.144855661960567,0.8316685116505244,-0.07862311311964687,100258.189394484,0.2581893944839875,2022-07,55.81582522199181,2022-06,-48.75831828757562,30,fixed_1000,True,False,False,buf30_size-fixed_1000_pboc-1_vol-0_atr-0,BTC,True,BTCUSDT
1059,50.802644003777154,5.368004183201482,-4.991745645742465,1.1277823885935747,0.7739943750151067,-0.1940559020348065,100327.22073429651,0.3272207342965183,2022-07,106.84580877879111,2022-06,-126.01952216756388,30,fixed_1000,True,False,False,buf30_size-fixed_1000_pboc-1_vol-0_atr-0,ETH,True,ETHUSDT
1072,47.01492537313433,8.06053212916067,-8.362570852569915,0.8913698436745312,-0.7392989542124365,-0.547055645466632,99504.90707844637,-0.4950929215536304,2022-11,215.31547158417695,2022-01,-128.27983968470602,30,fixed_1000,True,False,False,buf30_size-fixed_1000_pboc-1_vol-0_atr-0,SOL,True,SOLUSDT
935,39.25133689839572,1.3579349207429063,-1.543338886779874,0.6510315647948515,-2.558509791572482,-0.2890309354710352,99732.86602806982,-0.26713397193017796,2025-04,18.25269566580916,2022-02,-27.261173734283858,30,fixed_1000,True,False,False,buf30_size-fixed_1000_pboc-1_vol-0_atr-0,XAU,True,PAXGUSDT
0,0.0,0.0,0.0,0.0,0.0,0.0,100000.0,0.0,,0.0,,0.0,30,fixed_1000,True,False,False,buf30_size-fixed_1000_pboc-1_vol-0_atr-0,XAG,False,
800,52.25,3.761865642493484,-3.7849413857204293,1.0961782832223501,0.4972111803068054,-0.0923673772046274,100137.96705337423,0.13796705337423276,2022-05,45.2701460111578,2022-06,-78.72085705397545,30,fixed_1000,True,False,True,buf30_size-fixed_1000_pboc-1_vol-0_atr-1,BTC,True,BTCUSDT
745,50.46979865771812,5.66212294475647,-5.2766949613929395,1.1053817416119003,0.5504110690622573,-0.1942965852170908,100202.96456632,0.20296456632000748,2025-01,70.43795048282634,2024-03,-76.05036918660339,30,fixed_1000,True,False,True,buf30_size-fixed_1000_pboc-1_vol-0_atr-1,ETH,True,ETHUSDT
719,47.009735744089014,7.7763539535546355,-8.347660585452791,0.8509934429792193,-0.8602479204193345,-0.5333479919810036,99539.77321968394,-0.46022678031606423,2022-11,105.9905059156261,2025-10,-120.08342043713864,30,fixed_1000,True,False,True,buf30_size-fixed_1000_pboc-1_vol-0_atr-1,SOL,True,SOLUSDT
724,40.331491712707184,1.4608093146330579,-1.6099461522882623,0.6917772195002331,-1.9419362367037711,-0.21014233530409765,99809.94694354644,-0.19005305645355408,2025-04,18.25269566580916,2024-01,-21.875960159415225,30,fixed_1000,True,False,True,buf30_size-fixed_1000_pboc-1_vol-0_atr-1,XAU,True,PAXGUSDT
0,0.0,0.0,0.0,0.0,0.0,0.0,100000.0,0.0,,0.0,,0.0,30,fixed_1000,True,False,True,buf30_size-fixed_1000_pboc-1_vol-0_atr-1,XAG,False,
974,52.56673511293635,3.8810278217451217,-3.648989141007499,1.1889912759999979,1.0300977375914138,-0.08081778859827526,100315.84921815207,0.31584921815206446,2022-07,55.81582522199181,2022-06,-41.78430881231561,30,fixed_1000,True,True,False,buf30_size-fixed_1000_pboc-1_vol-1_atr-0,BTC,True,BTCUSDT
990,51.41414141414141,5.52421365756147,-5.107715845684457,1.1614036310055158,0.9353737161547454,-0.2140196846261211,100390.76744084436,0.390767440844364,2022-07,106.84580877879111,2022-06,-114.2687553045496,30,fixed_1000,True,True,False,buf30_size-fixed_1000_pboc-1_vol-1_atr-0,ETH,True,ETHUSDT
998,48.59719438877755,8.198306290126736,-8.606328599547538,0.9352355469046064,-0.4157884917716159,-0.3879501480696157,99724.65222253498,-0.27534777746501815,2022-11,219.76273969091142,2025-10,-120.08342043713864,30,fixed_1000,True,True,False,buf30_size-fixed_1000_pboc-1_vol-1_atr-0,SOL,True,SOLUSDT
755,42.91390728476821,1.4388248230182041,-1.6396603988106526,0.7384792464421954,-1.6510468646842047,-0.21259779256642686,99834.9099891158,-0.16509001088420572,2025-04,20.13719925315192,2022-02,-25.090754308235294,30,fixed_1000,True,True,False,buf30_size-fixed_1000_pboc-1_vol-1_atr-0,XAU,True,PAXGUSDT
0,0.0,0.0,0.0,0.0,0.0,0.0,100000.0,0.0,,0.0,,0.0,30,fixed_1000,True,True,False,buf30_size-fixed_1000_pboc-1_vol-1_atr-0,XAG,False,
735,52.6530612244898,3.931717201052142,-3.8794212486941078,1.1368605654022037,0.6690306938807151,-0.089844571373765,100183.17422600772,0.1831742260077096,2022-05,45.2701460111578,2022-06,-76.19342550361317,30,fixed_1000,True,True,True,buf30_size-fixed_1000_pboc-1_vol-1_atr-1,BTC,True,BTCUSDT
695,50.79136690647482,5.83589468863276,-5.379730255482565,1.132934888636883,0.6640322854555797,-0.21433805836567066,100241.72199873425,0.2417219987342456,2025-01,70.43795048282634,2024-03,-76.05036918660339,30,fixed_1000,True,True,True,buf30_size-fixed_1000_pboc-1_vol-1_atr-1,ETH,True,ETHUSDT
674,48.516320474777444,7.881605044076315,-8.556732217692709,0.8911232595319124,-0.5956787397918747,-0.41408191341048006,99685.10935983282,-0.31489064016718693,2022-11,110.43777402236054,2025-10,-120.08342043713864,30,fixed_1000,True,True,True,buf30_size-fixed_1000_pboc-1_vol-1_atr-1,SOL,True,SOLUSDT
582,44.15807560137457,1.5595288592735472,-1.7232108696464008,0.7857717349385965,-1.1564362463572022,-0.15522007349674238,99890.72849941796,-0.10927150058203106,2025-04,20.13719925315192,2022-11,-21.735613354381748,30,fixed_1000,True,True,True,buf30_size-fixed_1000_pboc-1_vol-1_atr-1,XAU,True,PAXGUSDT
0,0.0,0.0,0.0,0.0,0.0,0.0,100000.0,0.0,,0.0,,0.0,30,fixed_1000,True,True,True,buf30_size-fixed_1000_pboc-1_vol-1_atr-1,XAG,False,
