event_id,start_time,peak_time,entry_time,normalize_time,direction,trade_side,move_context,weekday,hour_utc,hour_et,session_et,start_z,peak_z,entry_z,normalize_z,beta_at_entry,bars_start_to_normalize,minutes_start_to_normalize,bars_entry_to_normalize,minutes_entry_to_normalize,xau_window_return,uup_window_return,pair_return_to_normalize,mfe_return,mae_return,realized_rr,best_rr,profitable_at_normalize
1,2017-01-17 14:30:00+00:00,2017-01-17 14:30:00+00:00,2017-01-17 14:35:00+00:00,2017-01-19 20:00:00+00:00,xau_rich_uup_cheap,short_xau_long_uup,xau_up_uup_down,Tuesday,14,9,us_open,3.414648733378328,3.414648733378328,3.3847673182526448,0.1811260165733814,-1.768504630948501,222,1110,221,1105,0.01519397495402397,-0.00822022557828328,0.007084597946591876,0.013429147722036665,0.0013570383236609924,5.220632183385345,9.895923709661908,True
2,2017-01-30 14:30:00+00:00,2017-01-30 14:40:00+00:00,2017-01-30 14:45:00+00:00,2017-02-01 20:00:00+00:00,xau_cheap_uup_rich,long_xau_short_uup,xau_up_uup_up,Monday,14,9,us_open,-3.147418147314723,-3.263118161908855,-3.210711654125771,0.37438373334502884,-0.3934764486822185,222,1110,219,1095,0.0015421899096719205,0.0019241870309794074,0.01212169524917018,0.01626851683756239,0.0008654472602130635,14.006278379327185,18.797814246424746,True
3,2017-02-06 14:30:00+00:00,2017-02-06 14:30:00+00:00,2017-02-06 14:35:00+00:00,2017-02-08 14:40:00+00:00,xau_cheap_uup_rich,long_xau_short_uup,xau_up_uup_up,Monday,14,9,us_open,-4.15555624136866,-4.15555624136866,-4.095224151016302,-0.4910158891352546,0.36181357250221075,158,790,157,785,0.007665145121005912,0.0032977691561590916,0.009513908856821511,0.009513908856821511,0.0006139035625991232,15.497399651081777,15.497399651081777,True
4,2017-02-22 20:20:00+00:00,2017-02-22 20:20:00+00:00,2017-02-22 20:25:00+00:00,2017-02-24 20:30:00+00:00,xau_cheap_uup_rich,long_xau_short_uup,xau_down_uup_down,Wednesday,20,15,us_close,-3.1083634393467308,-3.1083634393467308,-3.076480063763867,-0.4920004444412329,-0.0014173062429000847,158,790,157,785,-0.0006360513929525302,-0.00019120458891008774,0.013628892448856591,0.013960214828862606,-0.0,inf,inf,True
5,2017-05-17 19:00:00+00:00,2017-05-17 19:00:00+00:00,2017-05-17 19:05:00+00:00,2017-05-18 19:00:00+00:00,xau_rich_uup_cheap,short_xau_long_uup,xau_down_uup_up,Wednesday,19,15,us_close,6.299028707151907,6.299028707151907,6.100779178124891,-0.03819884265987812,-3.1056753869298186,78,390,77,385,-0.002003840694664749,0.0005954743946008367,0.004553611169931799,0.005606636410748785,0.0012516877335175922,3.637976987387165,4.4792612890697345,True
6,2017-06-13 13:30:00+00:00,2017-06-13 13:30:00+00:00,2017-06-13 13:35:00+00:00,2017-06-14 13:30:00+00:00,xau_cheap_uup_rich,long_xau_short_uup,xau_down_uup_down,Tuesday,13,9,us_open,-3.162483273307169,-3.162483273307169,-3.1107716675703974,0.17667274725151497,0.1977477222314291,78,390,77,385,-0.0032389336433851224,-0.000995222929936368,0.01056842732484511,0.01056842732484511,0.00039993334444261565,26.425471823496622,26.425471823496622,True
7,2017-06-26 19:00:00+00:00,2017-06-26 19:15:00+00:00,2017-06-26 19:05:00+00:00,2017-06-27 17:55:00+00:00,xau_cheap_uup_rich,long_xau_short_uup,xau_down_uup_up,Monday,19,15,us_close,-3.217818662281099,-3.314796113458732,-3.189740443598099,-0.4997569708749609,0.9971973117031618,65,325,64,320,-0.0005071636870800367,0.0,0.006023948673542863,0.006843979974262183,9.91064598382352e-05,60.78260371095234,69.0568504357148,True
8,2017-07-03 13:30:00+00:00,2017-07-03 13:30:00+00:00,2017-07-03 13:35:00+00:00,2017-07-04 19:40:00+00:00,xau_rich_uup_cheap,short_xau_long_uup,xau_down_uup_up,Monday,13,9,us_open,3.6647784904196,3.6647784904196,3.6212861591103094,-0.24692706880156015,-2.234659877372148,152,760,151,755,-0.012707018509890311,0.004443546758230665,0.002555369016357002,0.002555369016357002,0.00045002471174870103,5.678285991067863,5.678285991067863,True
9,2017-08-09 19:30:00+00:00,2017-08-10 13:50:00+00:00,2017-08-09 19:35:00+00:00,2017-08-11 19:05:00+00:00,xau_cheap_uup_rich,long_xau_short_uup,xau_down_uup_up,Wednesday,19,15,us_close,-3.038294901406658,-3.720642221943164,-3.028898690455698,-0.49568758847844185,0.5452717029954959,151,755,150,750,-0.0008238928939237056,0.0006191950464395912,0.009470310929751685,0.009470310929751685,2.6682694347245027e-05,354.9233374450991,354.9233374450991,True
10,2017-09-22 18:30:00+00:00,2017-09-22 18:30:00+00:00,2017-09-22 18:35:00+00:00,2017-09-25 13:30:00+00:00,xau_cheap_uup_rich,long_xau_short_uup,xau_up_uup_up,Friday,18,14,us_close,-3.0862987058070694,-3.0862987058070694,-3.055469540820992,0.34686968594022344,0.2849680335646931,18,90,17,85,0.0004466460938767902,0.00041814760610492385,-0.0032185677414227113,0.0006318849272796132,0.0032185677414227113,-1.0,0.19632488051977418,False
11,2017-10-06 19:00:00+00:00,2017-10-06 19:10:00+00:00,2017-10-06 19:05:00+00:00,2017-10-11 19:00:00+00:00,xau_rich_uup_cheap,short_xau_long_uup,xau_up_uup_down,Friday,19,15,us_close,4.392798106524488,4.629104327026924,4.34531495095776,-0.1530043212752905,-1.1668712428562191,234,1170,233,1165,0.0008678761829978843,-0.0004102564102564932,-0.010106759306859798,0.00013339654833585354,0.011010189019296634,-0.9179460306400308,0.012115736442131975,False
12,2017-10-25 13:30:00+00:00,2017-10-25 13:30:00+00:00,2017-10-25 13:35:00+00:00,2017-10-31 13:30:00+00:00,xau_cheap_uup_rich,long_xau_short_uup,xau_down_uup_down,Wednesday,13,9,us_open,-3.7304086826612686,-3.7304086826612686,-3.683212321766828,-0.4868990882694362,-0.23348408031834547,312,1560,311,1555,-0.0011946939111807664,-0.0020487604998975506,-0.004479512671350694,0.00216166974250227,0.009029074905630187,-0.49612088925715314,0.23941209538026262,False
13,2017-11-02 19:05:00+00:00,2017-11-03 15:00:00+00:00,2017-11-02 19:15:00+00:00,2017-11-07 14:30:00+00:00,xau_rich_uup_cheap,short_xau_long_uup,xau_up_uup_down,Thursday,19,15,us_close,3.288205676070866,3.4491374801668973,3.2224901896882723,0.39233355754692434,-1.1108743999569297,167,835,165,825,0.0010311829731066702,-0.00020304568527917954,0.0003128390386437953,0.005081972340446776,0.0019735798640773293,0.1585134933417306,2.5750021232723994,True
14,2017-11-14 14:30:00+00:00,2017-11-14 15:10:00+00:00,2017-11-14 14:35:00+00:00,2017-11-15 18:20:00+00:00,xau_cheap_uup_rich,long_xau_short_uup,xau_down_uup_down,Tuesday,14,9,us_open,-4.1740344810294765,-4.266879323721901,-4.107769485001988,-0.49713680795145554,0.4022634028083556,124,620,123,615,-0.003996539079559991,-0.004070832485243314,0.00320814006509832,0.009454906834032838,0.0009427436997553199,3.402982237835121,10.029138180914673,True
15,2017-11-15 20:00:00+00:00,2017-11-15 20:00:00+00:00,2017-11-15 20:05:00+00:00,2017-11-21 20:00:00+00:00,xau_rich_uup_cheap,short_xau_long_uup,xau_up_uup_up,Wednesday,20,15,us_close,3.7039131026820145,3.7039131026820145,3.6354666006442398,0.28199771699106807,-1.8715386906978668,312,1560,311,1555,0.0002473003050036393,0.0,1.6954138952332836e-05,0.002458855305634741,0.006577893867234245,0.002577441852138215,0.3738058648046561,True
16,2017-12-26 14:30:00+00:00,2017-12-26 15:10:00+00:00,2017-12-26 14:40:00+00:00,2017-12-27 20:00:00+00:00,xau_rich_uup_cheap,short_xau_long_uup,xau_up_uup_down,Tuesday,14,9,us_open,4.547998413968835,4.9343270267486545,4.560442426848074,0.3248560350676065,-1.78369548876843,144,720,142,710,0.00508495597172276,-0.0006179196704426682,-0.00362357624956875,0.0002215765625907254,0.003726978645444433,-0.9722557047644816,0.05945206121896171,False
17,2018-01-16 14:30:00+00:00,2018-01-16 14:30:00+00:00,2018-01-16 14:35:00+00:00,2018-01-17 16:00:00+00:00,xau_cheap_uup_rich,long_xau_short_uup,xau_down_uup_down,Tuesday,14,9,us_open,-3.6024386360214256,-3.6024386360214256,-3.54543012502619,-0.499943836205215,0.24930664063034283,96,480,95,475,-0.002992597259411034,-0.001897933361450943,0.0014338231167074556,0.0045638518996165885,0.0005585402504401316,2.5670900451267356,8.17103493619351,True
18,2018-02-05 20:00:00+00:00,2018-02-05 20:00:00+00:00,2018-02-05 20:05:00+00:00,2018-02-12 16:40:00+00:00,xau_cheap_uup_rich,long_xau_short_uup,xau_down_uup_up,Monday,20,15,us_close,-3.346381247719993,-3.346381247719993,-2.514231061767187,-0.4532692328243177,-0.4113631665807433,350,1750,349,1745,-0.00035533796588760325,0.00042780748663107104,-0.011428432467523373,0.0,0.018715557555413515,-0.6106380979399502,0.0,False
19,2018-02-15 20:00:00+00:00,2018-02-15 20:00:00+00:00,2018-02-15 20:05:00+00:00,2018-02-16 20:30:00+00:00,xau_rich_uup_cheap,short_xau_long_uup,xau_down_uup_down,Thursday,20,15,us_close,3.4225655749857546,3.4225655749857546,3.27941330574072,-0.4944453937729054,-1.0084467943678892,84,420,83,415,-0.00011674514534787406,-0.0004318721658389535,0.005652636257093474,0.006694666204822139,-0.0,inf,inf,True
20,2018-02-19 20:00:00+00:00,2018-02-19 20:00:00+00:00,2018-02-19 20:05:00+00:00,2018-02-23 18:25:00+00:00,xau_rich_uup_cheap,short_xau_long_uup,xau_up_uup_up,Monday,20,15,us_close,4.304421928952519,4.304421928952519,4.025188116929925,0.46230651974573583,-1.0548402426138674,293,1465,292,1460,0.0,0.0,0.011673881552253672,0.015107583297476426,-0.0,inf,inf,True
21,2018-03-01 20:55:00+00:00,2018-03-02 14:30:00+00:00,2018-03-02 14:35:00+00:00,2018-03-05 19:30:00+00:00,xau_rich_uup_cheap,short_xau_long_uup,xau_down_uup_up,Thursday,20,15,us_close,3.05250249158667,3.6614351041780036,3.6274455377978354,0.4439943653863179,-1.8993015922344834,139,695,137,685,-0.002878388102662499,0.0,0.0008802249650021562,0.0011002812062526665,0.0014599108093469862,0.602930644369897,0.7536633054623515,True
22,2018-03-29 19:00:00+00:00,2018-03-29 19:00:00+00:00,2018-03-29 19:05:00+00:00,2018-04-02 19:00:00+00:00,xau_cheap_uup_rich,long_xau_short_uup,xau_up_uup_up,Thursday,19,15,us_close,-3.1859052780797104,-3.1859052780797104,-3.059507652627822,-0.15711493162868895,-0.47666642364674344,78,390,77,385,0.00027884002549405373,0.00021186440677967155,0.008753220212679984,0.010778006095413144,-0.0,inf,inf,True
23,2018-06-06 13:30:00+00:00,2018-06-06 13:30:00+00:00,2018-06-06 13:35:00+00:00,2018-06-08 19:10:00+00:00,xau_rich_uup_cheap,short_xau_long_uup,xau_up_uup_down,Wednesday,13,9,us_open,3.8311813260903262,3.8311813260903262,3.7672804857047466,0.3508460436979975,-0.23664262817346776,224,1120,223,1115,0.0011794371238000867,-0.0036385688295936802,5.674959029744464e-05,0.0024538022918009442,0.0015274144479068721,0.037154022194311936,1.6065071894295417,True
24,2018-06-28 19:05:00+00:00,2018-06-28 19:10:00+00:00,2018-06-28 19:15:00+00:00,2018-07-02 19:00:00+00:00,xau_rich_uup_cheap,short_xau_long_uup,xau_up_uup_up,Thursday,19,15,us_close,3.5070897970859534,3.511052284654621,3.408578002600114,0.21783906284243118,-0.30377107600016007,155,775,153,765,0.00029647198339755043,0.0015926737009757108,0.0019640537898276827,0.003170724529279756,0.0073882976336523305,0.2658330629347931,0.42915495375249796,True
25,2018-07-04 19:10:00+00:00,2018-07-04 19:10:00+00:00,2018-07-04 19:15:00+00:00,2018-07-05 13:40:00+00:00,xau_rich_uup_cheap,short_xau_long_uup,xau_up_uup_up,Wednesday,19,15,us_close,10.033554722811864,10.033554722811864,9.246991485987031,-0.19456552413918796,-0.8917528387573109,12,60,11,55,0.0,0.0,-0.0026234565122103715,0.0,0.0026234565122103715,-1.0,0.0,False
26,2018-07-31 19:25:00+00:00,2018-08-03 19:00:00+00:00,2018-07-31 19:30:00+00:00,2018-08-06 19:30:00+00:00,xau_rich_uup_cheap,short_xau_long_uup,xau_up_uup_up,Tuesday,19,15,us_close,3.514171908305369,8.854516337480858,3.505888203001608,-0.4711790175438128,-0.2825803475075807,313,1565,312,1560,8.620689655169933e-05,0.00020028039254960106,0.013274613660508887,0.013442640523435835,0.00016802686292694864,79.00292506371531,80.00292506371531,True
27,2018-08-16 13:45:00+00:00,2018-08-16 14:00:00+00:00,2018-08-16 13:50:00+00:00,2018-08-17 19:15:00+00:00,xau_rich_uup_cheap,short_xau_long_uup,xau_up_uup_down,Thursday,13,9,us_open,3.7538624082827834,3.822499269272127,3.727482875309836,0.39614225467029235,-0.7666109791644986,144,720,143,715,0.004679204535229076,-0.0031250000000000444,-0.002331016428459177,0.003928038437093086,0.002475707790236763,-0.9415555574255601,1.5866324986267584,False
28,2018-09-11 19:00:00+00:00,2018-09-11 19:00:00+00:00,2018-09-11 19:05:00+00:00,2018-09-12 19:00:00+00:00,xau_rich_uup_cheap,short_xau_long_uup,xau_up_uup_up,Tuesday,19,15,us_close,3.8987094833893305,3.8987094833893305,3.8400698945759157,-0.2352707243899944,-1.941713699387286,78,390,77,385,0.0,0.0001979805979015481,-0.006257688170960184,0.0,0.006679668276372107,-0.9368261883745654,0.0,False
29,2018-09-21 19:00:00+00:00,2018-09-21 19:05:00+00:00,2018-09-21 19:10:00+00:00,2018-09-24 19:00:00+00:00,xau_rich_uup_cheap,short_xau_long_uup,xau_up_uup_down,Friday,19,15,us_close,5.966362842277722,6.018312390489218,5.850209169433759,-0.3741155480273165,-2.413543824168362,78,390,76,380,0.00039733345106185425,-0.0003198976327575265,-0.0003997893696545212,0.0,0.004313180559054755,-0.09269015386226633,0.0,False
30,2018-10-02 13:30:00+00:00,2018-10-02 13:30:00+00:00,2018-10-02 13:35:00+00:00,2018-10-03 19:00:00+00:00,xau_cheap_uup_rich,long_xau_short_uup,xau_up_uup_up,Tuesday,13,9,us_open,-4.884832289177726,-4.884832289177726,-4.751033459229614,0.11466070184243866,1.6136593119765326,144,720,143,715,0.00981655043752494,0.0027662517289073207,-0.0023475362055919227,0.0035968283755895307,0.0026336654822455034,-0.8913570160741817,1.36571193260384,False
31,2018-12-03 14:30:00+00:00,2018-12-03 14:35:00+00:00,2018-12-03 14:40:00+00:00,2018-12-05 20:00:00+00:00,xau_rich_uup_cheap,short_xau_long_uup,xau_up_uup_down,Monday,14,9,us_open,3.3191970056029074,3.3655461381600587,3.316353553232979,-0.23091259275466547,-1.6918732307378181,222,1110,220,1100,0.009475187124129203,-0.0023103581055062827,-0.0011842571380688324,0.001536178910092824,0.004719431129142723,-0.2509321792527039,0.32550086399329836,False
32,2018-12-26 14:30:00+00:00,2018-12-26 14:40:00+00:00,2018-12-26 14:35:00+00:00,2018-12-27 19:00:00+00:00,xau_cheap_uup_rich,long_xau_short_uup,xau_up_uup_up,Wednesday,14,9,us_open,-4.318871023447365,-4.333521975344803,-4.2854387561819,0.49996639306671303,1.026033925273184,132,660,131,655,0.004332611231461447,0.0015640273704788932,0.0030814548850348522,0.003644457290003303,0.005058654009488364,0.6091452151610014,0.7204401177007766,True
33,2019-01-18 14:30:00+00:00,2019-01-18 14:30:00+00:00,2019-01-18 14:35:00+00:00,2019-01-21 20:00:00+00:00,xau_rich_uup_cheap,short_xau_long_uup,xau_down_uup_up,Friday,14,9,us_open,3.789976825079425,3.789976825079425,3.766792492597961,-0.08872475853972617,-1.7154402655992889,144,720,143,715,-0.00716713764999799,0.001176701313982953,0.0019359034287431383,0.0019989197084190787,0.00019281108334184773,10.040415702197187,10.367244837658319,True
34,2019-02-11 14:30:00+00:00,2019-02-11 14:30:00+00:00,2019-02-11 14:35:00+00:00,2019-02-12 20:00:00+00:00,xau_rich_uup_cheap,short_xau_long_uup,xau_down_uup_up,Monday,14,9,us_open,3.2674407850341196,3.2674407850341196,3.2129681612895316,0.43572036272003695,-1.8966006661941903,144,720,143,715,-0.007967486217858366,0.0036950602878256245,-0.0030627265590715148,0.0007372738907975282,0.003203641543733194,-0.9560141224484586,0.2301361999252841,False
35,2019-03-01 20:35:00+00:00,2019-03-04 15:20:00+00:00,2019-03-01 20:40:00+00:00,2019-03-05 18:10:00+00:00,xau_rich_uup_cheap,short_xau_long_uup,xau_down_uup_down,Friday,20,15,us_close,3.0265426266487525,3.6689337564551,2.9363653821236597,0.46814292371952976,-1.4474157098479685,127,635,126,630,-0.0003681885125184081,-0.00019421246844053552,0.005489051672000474,0.006431573083075795,-0.0,inf,inf,True
36,2019-03-11 19:00:00+00:00,2019-03-11 19:00:00+00:00,2019-03-11 19:05:00+00:00,2019-03-12 19:00:00+00:00,xau_cheap_uup_rich,long_xau_short_uup,xau_down_uup_up,Monday,19,15,us_close,-4.091545642456495,-4.091545642456495,-4.016012261244741,-0.41743496327460644,0.21532101353731173,78,390,77,385,-4.094333442528075e-05,0.0005782575173476356,0.006161829014575604,0.006238915158341274,-0.0,inf,inf,True
37,2019-09-03 13:30:00+00:00,2019-09-03 13:30:00+00:00,2019-09-03 13:35:00+00:00,2019-09-04 19:00:00+00:00,xau_cheap_uup_rich,long_xau_short_uup,xau_up_uup_up,Tuesday,13,9,us_open,-6.253418101663958,-6.253418101663958,-5.980993222118193,0.24439475948868092,1.2977593997785173,144,720,143,715,0.008175619259671585,0.004839009864135546,0.009642377329085662,0.01009364251904905,5.867613916099693e-05,164.33217091241616,172.02294941993173,True
38,2019-10-10 13:30:00+00:00,2019-10-10 13:30:00+00:00,2019-10-10 13:35:00+00:00,2019-10-15 13:30:00+00:00,xau_cheap_uup_rich,long_xau_short_uup,xau_down_uup_down,Thursday,13,9,us_open,-4.68606230368998,-4.68606230368998,-4.511753766653154,-0.4093747748617023,0.6485537948674434,234,1170,233,1165,-0.005243340254073248,-0.0031423290203327348,-0.003831380931842674,0.0010815059702994705,0.0070011470503457615,-0.5472504582878966,0.15447553986829327,False
39,2019-11-29 14:30:00+00:00,2019-11-29 14:30:00+00:00,2019-11-29 14:35:00+00:00,2019-12-04 14:30:00+00:00,xau_cheap_uup_rich,long_xau_short_uup,xau_up_uup_up,Friday,14,9,us_open,-3.014156979766951,-3.014156979766951,-2.930061505456711,0.4598603680724419,0.4732746927077473,234,1170,233,1165,0.0010946508063927052,0.0009276437847867136,0.012726373257967749,0.014527573281678518,-0.0,inf,inf,True
40,2019-12-06 14:30:00+00:00,2019-12-06 14:35:00+00:00,2019-12-06 14:40:00+00:00,2019-12-09 20:00:00+00:00,xau_rich_uup_cheap,short_xau_long_uup,xau_down_uup_up,Friday,14,9,us_open,3.2415094354477008,3.2819130795535356,3.256434911242985,-0.004788766676338662,-2.331625912716883,144,720,142,710,-0.00895715673225661,0.0020599250936328417,0.0004251533418423877,0.0016786549663346535,0.0006323514665901625,0.6723370851576385,2.6546233463907147,True
41,2019-12-26 16:15:00+00:00,2019-12-26 16:15:00+00:00,2019-12-26 16:20:00+00:00,2019-12-27 14:30:00+00:00,xau_rich_uup_cheap,short_xau_long_uup,xau_down_uup_down,Thursday,16,11,us_midday,8.131193297914553,8.131193297914553,7.721037095278017,-0.43404446352929354,-1.3472886248597031,57,285,56,280,-0.0015451065772377204,-0.0001905487804877426,-0.003216369732146741,0.00028491536660722603,0.003216369732146741,-1.0,0.08858290256856181,False
42,2020-01-02 14:30:00+00:00,2020-01-02 14:30:00+00:00,2020-01-02 14:35:00+00:00,2020-01-07 20:00:00+00:00,xau_cheap_uup_rich,long_xau_short_uup,xau_up_uup_up,Thursday,14,9,us_open,-5.035283861153429,-5.035283861153429,-4.9708424573997645,-0.3322155288991137,1.752040273154427,300,1500,299,1495,0.007171844388469184,0.0032730073161340023,0.007987289043637495,0.011423023868662324,0.0017623720508252033,4.532124212874104,6.481618829187441,True
43,2020-01-21 14:30:00+00:00,2020-01-21 14:45:00+00:00,2020-01-21 14:35:00+00:00,2020-01-22 20:00:00+00:00,xau_cheap_uup_rich,long_xau_short_uup,xau_down_uup_down,Tuesday,14,9,us_open,-4.44803914074415,-4.690117079140787,-4.38521443351493,0.05195041709056767,2.45424109785588,144,720,143,715,-0.005186651197706893,-0.0015200456013680919,0.0011622197952597404,0.0015020353691031023,0.0003954927263468528,2.9386628826150822,3.797883675326549,True
44,2020-02-04 20:00:00+00:00,2020-02-04 20:00:00+00:00,2020-02-04 20:05:00+00:00,2020-02-05 14:30:00+00:00,xau_rich_uup_cheap,short_xau_long_uup,xau_up_uup_up,Tuesday,20,15,us_close,4.303967487127181,4.303967487127181,4.208365136380566,-0.27261501428640394,-2.7260507956239772,12,60,11,55,0.0006159742659639367,0.000378286362776592,0.0017364877850819288,0.0017364877850819288,0.0003395365075836589,5.114288879978755,5.114288879978755,True
45,2020-02-18 14:30:00+00:00,2020-02-18 14:30:00+00:00,2020-02-18 14:35:00+00:00,2020-02-19 20:00:00+00:00,xau_cheap_uup_rich,long_xau_short_uup,xau_up_uup_up,Tuesday,14,9,us_open,-4.362610480380665,-4.362610480380665,-4.276512787286522,0.19484308823613256,1.2910931133190662,144,720,143,715,0.004664899150921276,0.002988419872992143,0.003014219483884434,0.004539131533253693,0.0007638184279563758,3.9462513256574456,5.942683977130933,True
46,2020-02-21 14:30:00+00:00,2020-02-21 14:30:00+00:00,2020-02-21 14:35:00+00:00,2020-02-24 14:30:00+00:00,xau_rich_uup_cheap,short_xau_long_uup,xau_up_uup_down,Friday,14,9,us_open,3.2782947540625846,3.2782947540625846,3.2151134648212225,0.4240742158372622,-2.6520227716377955,78,390,77,385,0.013379681248770092,-0.0020381693533444434,-0.007105087800539407,0.0001417429774369018,0.007105087800539407,-1.0,0.019949503991511675,False
47,2020-03-24 13:30:00+00:00,2020-03-24 13:30:00+00:00,2020-03-24 13:35:00+00:00,2020-03-26 13:30:00+00:00,xau_rich_uup_cheap,short_xau_long_uup,xau_up_uup_down,Tuesday,13,9,us_open,4.648853930486499,4.648853930486499,4.5946221974142505,-0.3980980072145523,-2.599067543106955,156,780,155,775,0.05536723163841817,-0.01431639226914827,-0.01413576719477045,0.0026663399016611843,0.01413576719477045,-1.0,0.18862364277247018,False
48,2020-04-09 13:30:00+00:00,2020-04-09 13:30:00+00:00,2020-04-09 13:35:00+00:00,2020-04-10 19:00:00+00:00,xau_rich_uup_cheap,short_xau_long_uup,xau_up_uup_down,Thursday,13,9,us_open,4.699034198766049,4.699034198766049,4.594620934136802,0.22354657400441288,-2.715062786183081,144,720,143,715,0.017524079502625467,-0.005714285714285783,-0.0009848828782620497,0.0022174269112156123,0.002163260647356016,-0.4552770279743196,1.0250391758967183,False
49,2020-05-06 13:30:00+00:00,2020-05-06 13:30:00+00:00,2020-05-06 13:35:00+00:00,2020-05-07 19:00:00+00:00,xau_rich_uup_cheap,short_xau_long_uup,xau_down_uup_up,Wednesday,13,9,us_open,3.2482381696054694,3.2482381696054694,3.209489487110256,0.34202707851865394,-1.9250482397632789,144,720,143,715,-0.007849489160229428,0.001851166234727808,-0.0055067318478022025,0.0030968169663718745,0.0064866006607315115,-0.8489395502853714,0.47741754554420773,False
50,2020-05-22 13:30:00+00:00,2020-05-22 13:30:00+00:00,2020-05-22 13:35:00+00:00,2020-05-25 19:05:00+00:00,xau_cheap_uup_rich,long_xau_short_uup,xau_up_uup_up,Friday,13,9,us_open,-4.645402089121342,-4.645402089121342,-4.423786692264226,0.47432182713443943,0.5882808984809358,145,725,144,720,0.003939188773312008,0.004460966542751077,-0.0005925753091071231,4.701301366110342e-05,0.0022429963950291345,-0.26418914913121205,0.02095991494471072,False
51,2020-06-22 13:35:00+00:00,2020-06-22 13:40:00+00:00,2020-06-22 13:45:00+00:00,2020-06-25 17:40:00+00:00,xau_rich_uup_cheap,short_xau_long_uup,xau_up_uup_down,Monday,13,9,us_open,3.01045188729139,3.0441942467313416,2.606164347976923,-0.43332722512316113,-1.114026184915283,221,1105,219,1095,0.009558419348928204,-0.002842524161455473,0.000617009969807186,0.0018303154767501514,0.005869032712962942,0.10512975476255143,0.31185981851958855,True
52,2020-07-08 13:30:00+00:00,2020-07-08 13:30:00+00:00,2020-07-08 13:35:00+00:00,2020-07-10 19:05:00+00:00,xau_rich_uup_cheap,short_xau_long_uup,xau_up_uup_down,Wednesday,13,9,us_open,4.211323617429802,4.211323617429802,4.028340597837505,0.49166282093105385,-1.81048949265834,223,1115,222,1110,0.01012673220419269,-0.0028631418209581483,0.0033736601198610587,0.004510505276274971,0.0015211102368348957,2.2178932454500617,2.9652717909915367,True
53,2020-07-15 13:30:00+00:00,2020-07-15 13:30:00+00:00,2020-07-15 13:35:00+00:00,2020-07-16 19:00:00+00:00,xau_cheap_uup_rich,long_xau_short_uup,xau_down_uup_down,Wednesday,13,9,us_open,-3.2873201554266727,-3.2873201554266727,-3.23067177081665,-0.40338786791116577,0.268934604028013,144,720,143,715,-0.0027919826015400107,-0.0048049202383240175,-0.00406334051177334,0.003974291098035248,0.004342407768085625,-0.9357344424530373,0.9152275212945598,False
54,2020-08-11 13:30:00+00:00,2020-08-11 13:30:00+00:00,2020-08-11 13:35:00+00:00,2020-08-12 13:30:00+00:00,xau_cheap_uup_rich,long_xau_short_uup,xau_down_uup_down,Tuesday,13,9,us_open,-5.286703117296602,-5.286703117296602,-5.006677111787438,0.38853739786035213,1.914687981580187,78,390,77,385,-0.0373794951272689,-0.0007909827961242177,-0.00243851209463578,0.00034288853582653886,0.008799376575538559,-0.2771232795530782,0.03896736693594144,False
55,2020-08-25 13:30:00+00:00,2020-08-25 13:35:00+00:00,2020-08-25 13:40:00+00:00,2020-08-26 19:00:00+00:00,xau_cheap_uup_rich,long_xau_short_uup,xau_down_uup_down,Tuesday,13,9,us_open,-3.6563881028813183,-3.7522931142887352,-3.6907919988749307,0.01780418273950494,-0.20497880391423742,144,720,142,710,-0.0008287292817680258,-0.00376759865159626,0.008484309816919167,0.010527714414979685,0.004719655634831499,1.7976544208658296,2.2306107117824805,True
56,2020-09-18 19:00:00+00:00,2020-09-18 19:20:00+00:00,2020-09-18 19:25:00+00:00,2020-09-22 19:00:00+00:00,xau_cheap_uup_rich,long_xau_short_uup,xau_down_uup_up,Friday,19,15,us_close,-3.8666482841516867,-4.153599081968096,-4.1046420619780895,-0.07107779043962727,-0.39336292636312736,156,780,151,755,-0.001063162772946602,0.00019924287706718502,-0.020209270040804913,0.00013456740098068652,0.026667304416135816,-0.7578295025790727,0.005046156854881165,False
57,2020-10-09 13:30:00+00:00,2020-10-09 13:30:00+00:00,2020-10-09 13:35:00+00:00,2020-10-14 19:05:00+00:00,xau_rich_uup_cheap,short_xau_long_uup,xau_up_uup_down,Friday,13,9,us_open,3.7305284814153956,3.7305284814153956,3.6847152062658157,0.35386418277332854,-2.427477359374403,301,1505,300,1500,0.013928752321458626,-0.00474495848161316,0.003051643341761224,0.007150062590572576,0.0033035099952931028,0.9237578654550032,2.1643835195776937,True
58,2020-11-13 14:30:00+00:00,2020-11-13 14:30:00+00:00,2020-11-13 14:35:00+00:00,2020-11-19 14:30:00+00:00,xau_rich_uup_cheap,short_xau_long_uup,xau_up_uup_down,Friday,14,9,us_open,5.2513802416009945,5.2513802416009945,5.103582964283236,0.46050489486876695,-2.6876650652086838,312,1560,311,1555,0.009066621191450741,-0.001394978078915865,0.003447516468442784,0.003447516468442784,0.003500583618136678,0.9848404850497069,0.9848404850497069,True
59,2020-11-27 14:30:00+00:00,2020-11-27 15:00:00+00:00,2020-11-27 14:40:00+00:00,2020-12-02 20:00:00+00:00,xau_cheap_uup_rich,long_xau_short_uup,xau_down_uup_down,Friday,14,9,us_open,-4.446156361904729,-5.865677300038417,-4.793601548817561,0.2830465013411659,2.010633505867348,300,1500,298,1490,-0.014484203073837021,-0.0008064516129031585,0.014280938625627591,0.014395872368141546,0.002137482806461093,6.681194619418585,6.734965223872824,True
60,2020-12-15 20:00:00+00:00,2020-12-15 20:35:00+00:00,2020-12-15 20:05:00+00:00,2020-12-16 20:00:00+00:00,xau_rich_uup_cheap,short_xau_long_uup,xau_up_uup_down,Tuesday,20,15,us_close,4.006247380506186,4.335784375624086,3.9980069927809576,0.34611380891609045,-1.9805504137515055,78,390,77,385,0.0001727016291519501,-0.0004096681687832948,-0.0032909330932678208,0.00227938216675508,0.0032909330932678208,-1.0,0.6926248884907308,False
61,2020-12-28 14:35:00+00:00,2020-12-28 14:35:00+00:00,2020-12-28 14:40:00+00:00,2020-12-29 14:55:00+00:00,xau_rich_uup_cheap,short_xau_long_uup,xau_up_uup_down,Monday,14,9,us_open,3.1082426675007007,3.1082426675007007,2.8953235107401025,-0.4903066782814414,-3.0794472655026333,82,410,81,405,0.0079954635667705,-0.0016433853738700988,0.0001410536196370098,0.004598765012706098,0.0002766901743825054,0.509789044557877,16.620629998767562,True
62,2021-01-04 14:30:00+00:00,2021-01-04 14:30:00+00:00,2021-01-04 14:35:00+00:00,2021-01-06 14:30:00+00:00,xau_rich_uup_cheap,short_xau_long_uup,xau_up_uup_down,Monday,14,9,us_open,4.554500152329173,4.554500152329173,4.334170245793303,0.1009249936607968,-3.8348072105439286,156,780,155,775,0.019115957059169686,-0.003918333677046859,0.0017766006638537351,0.003364567368640859,0.002879943411825534,0.6168873515218086,1.1682755136178637,True
63,2021-01-18 20:00:00+00:00,2021-01-18 20:40:00+00:00,2021-01-18 20:05:00+00:00,2021-01-27 14:30:00+00:00,xau_rich_uup_cheap,short_xau_long_uup,xau_up_uup_up,Monday,20,15,us_close,4.515822552438112,5.697895502272313,4.444282732954609,-0.39210300936233755,-2.005709748803785,480,2400,479,2395,0.0,0.0,-0.0033156112270068235,0.0,0.013587673496678544,-0.24401610973484994,0.0,False
64,2021-03-16 13:35:00+00:00,2021-03-16 13:45:00+00:00,2021-03-16 13:50:00+00:00,2021-03-16 19:00:00+00:00,xau_cheap_uup_rich,long_xau_short_uup,xau_up_uup_down,Tuesday,13,9,us_open,-3.0318640895224425,-3.133805034890583,-3.101825862265152,0.38575875499533147,1.1096373037902894,65,325,62,310,0.0006167129201355426,-0.00040404040404051766,-0.0008547635338518594,0.001874410062573236,0.002215991588532421,-0.3857250804900128,0.8458561270147223,False
65,2021-03-30 13:30:00+00:00,2021-03-30 13:30:00+00:00,2021-03-30 13:35:00+00:00,2021-04-01 17:55:00+00:00,xau_rich_uup_cheap,short_xau_long_uup,xau_down_uup_up,Tuesday,13,9,us_open,10.950557685059538,10.950557685059538,9.896278768691609,0.4996957455575374,-2.822457407256903,209,1045,208,1040,-0.015414378432351494,0.003795445465441416,-0.009600225844920828,0.0003399386492472335,0.009724593643425863,-0.987211003043905,0.034956591680007414,False
66,2021-06-02 13:30:00+00:00,2021-06-02 19:10:00+00:00,2021-06-02 13:35:00+00:00,2021-06-03 13:45:00+00:00,xau_cheap_uup_rich,long_xau_short_uup,xau_up_uup_up,Wednesday,13,9,us_open,-3.2849127023579534,-3.63380422199702,-3.2553399114855677,0.3726131530340835,0.676607329644948,81,405,80,400,0.0036271615352172493,0.002275548200248334,-0.013894777827352999,0.0015849024335474382,0.013894777827352999,-1.0,0.11406461141303238,False
67,2021-06-14 19:10:00+00:00,2021-06-14 19:10:00+00:00,2021-06-14 19:15:00+00:00,2021-06-22 18:40:00+00:00,xau_rich_uup_cheap,short_xau_long_uup,xau_down_uup_up,Monday,19,15,us_close,10.265987680657036,10.265987680657036,9.177967724940144,-0.12120745847040944,-1.1086784331505684,322,1610,321,1605,-0.0005152868430092772,0.0002054231717336652,0.028579723563739057,0.03497191526350515,0.000651109259925894,43.89389818690623,53.7112853647412,True
68,2021-07-06 13:30:00+00:00,2021-07-06 13:30:00+00:00,2021-07-06 13:35:00+00:00,2021-07-09 19:00:00+00:00,xau_cheap_uup_rich,long_xau_short_uup,xau_up_uup_up,Tuesday,13,9,us_open,-12.015180744312472,-12.015180744312472,-10.820223013249379,0.09255811951099274,3.4267570969725543,300,1500,299,1495,0.012372982665869614,0.0018137847642081262,0.0027029167891074253,0.0028163735072129076,0.004458149888789199,0.6062866562437446,0.6317359392278786,True
69,2021-08-03 19:00:00+00:00,2021-08-03 19:00:00+00:00,2021-08-03 19:05:00+00:00,2021-08-04 13:30:00+00:00,xau_rich_uup_cheap,short_xau_long_uup,xau_down_uup_up,Tuesday,19,15,us_close,3.0347276518976147,3.0347276518976147,3.0224086966857175,-0.07270979703524445,-1.0313201721610787,12,60,11,55,-0.00011805330106529066,0.0,-0.001668432282385448,0.0,0.001668432282385448,-1.0,0.0,False
70,2021-08-13 13:30:00+00:00,2021-08-13 15:55:00+00:00,2021-08-13 13:35:00+00:00,2021-08-16 19:00:00+00:00,xau_rich_uup_cheap,short_xau_long_uup,xau_up_uup_down,Friday,13,9,us_open,3.69304949308738,3.9374666288006694,3.648912029192974,0.0967374740993954,-0.9732937316720471,144,720,143,715,0.006097189195780839,-0.0030012004801920344,-0.007489627347378808,0.00023036954576007606,0.008337776437790122,-0.8982763454094109,0.02762961413980226,False
71,2021-08-23 13:30:00+00:00,2021-08-23 13:30:00+00:00,2021-08-23 13:35:00+00:00,2021-08-25 19:00:00+00:00,xau_rich_uup_cheap,short_xau_long_uup,xau_up_uup_down,Monday,13,9,us_open,3.707322805622038,3.707322805622038,3.658692525494716,-0.4990960356797058,-2.5085485688959857,222,1110,221,1105,0.012413793103448256,-0.004179936305732546,-0.0003360047370685659,0.002577018313938463,0.0027687362103116075,-0.12135671712501288,0.9307561711154969,False
72,2021-09-03 13:30:00+00:00,2021-09-03 14:55:00+00:00,2021-09-03 13:35:00+00:00,2021-09-06 19:00:00+00:00,xau_rich_uup_cheap,short_xau_long_uup,xau_up_uup_down,Friday,13,9,us_open,4.018162580994729,5.127142957770705,3.8731874493745844,0.2546630592904908,-1.78147319817578,144,720,143,715,0.00815313718539512,-0.002220427937020597,-0.0009062864064864885,0.0009755345920456021,0.002557766285124843,-0.35432729399756446,0.38140098949579626,False
73,2021-09-20 19:45:00+00:00,2021-09-20 19:45:00+00:00,2021-09-20 19:50:00+00:00,2021-09-21 13:45:00+00:00,xau_cheap_uup_rich,long_xau_short_uup,xau_up_uup_down,Monday,19,15,us_close,-3.9165563517640605,-3.9165563517640605,-3.9071591642883967,0.195526125995243,0.099105982806383,6,30,5,25,0.0010620543164920893,-0.00039936102236415305,0.0038203033666348364,0.004370683182362867,0.00021817520681182147,17.5102543614403,20.032904958502595,True
74,2021-09-21 14:10:00+00:00,2021-09-21 14:10:00+00:00,2021-09-21 14:15:00+00:00,2021-09-22 13:40:00+00:00,xau_rich_uup_cheap,short_xau_long_uup,xau_down_uup_up,Tuesday,14,10,us_open,4.126015300406225,4.126015300406225,4.062178438554431,0.49864032612707,-0.5443645452938872,72,360,71,355,-0.00024112363614436916,0.00039968025579550925,-0.001264695752444707,0.0,0.002850083353087231,-0.4437399176675936,0.0,False
75,2021-09-22 18:00:00+00:00,2021-09-22 18:40:00+00:00,2021-09-22 18:10:00+00:00,2021-09-24 17:35:00+00:00,xau_rich_uup_cheap,short_xau_long_uup,xau_up_uup_down,Wednesday,18,14,us_close,4.069615604525961,8.21731613736426,3.8329866435546274,-0.44157829638754753,-0.7634437346590651,151,755,149,745,0.0029475457170355934,-0.0011990407673860837,0.012003241495630028,0.015196688264391977,0.0005841615164033048,20.547812819875993,26.01453166233599,True
76,2021-10-13 17:00:00+00:00,2021-10-13 19:15:00+00:00,2021-10-13 17:05:00+00:00,2021-10-14 19:00:00+00:00,xau_rich_uup_cheap,short_xau_long_uup,xau_down_uup_up,Wednesday,17,13,us_midday,3.2447094345321137,3.3820797239304086,3.210749834184863,-0.04992743715833459,-1.2661511790310744,102,510,101,505,-0.0005364007509610635,0.0,-0.002364445448691011,0.0008810808009364171,0.0028667912077843236,-0.8247707200547877,0.30734041549450125,False
77,2021-10-19 13:50:00+00:00,2021-10-22 13:30:00+00:00,2021-10-19 13:55:00+00:00,2021-11-02 13:40:00+00:00,xau_rich_uup_cheap,short_xau_long_uup,xau_up_uup_down,Tuesday,13,9,us_open,3.1195639927073877,4.624568487109063,3.088282587751612,-0.487039882820938,-2.1903705270394314,778,3890,777,3885,0.007637289368408462,-0.002974419988102328,-0.0005163692659385889,0.004171829376280409,0.0071012413031020455,-0.07271535269658032,0.587478892522357,False
78,2021-11-04 13:30:00+00:00,2021-11-04 14:55:00+00:00,2021-11-04 13:45:00+00:00,2021-11-05 19:15:00+00:00,xau_cheap_uup_rich,long_xau_short_uup,xau_up_uup_up,Thursday,13,9,us_open,-4.221131864937059,-4.8106522551471596,-4.167587394534692,0.446043698957494,1.4753456416766606,147,735,144,720,0.011839323467230267,0.0029761904761904656,0.005340801156931285,0.0054010810796957815,0.001171754119501562,4.5579538130432535,4.609397987005397,True
79,2021-12-29 14:30:00+00:00,2021-12-29 14:50:00+00:00,2021-12-29 14:35:00+00:00,2021-12-31 14:35:00+00:00,xau_cheap_uup_rich,long_xau_short_uup,xau_down_uup_down,Wednesday,14,9,us_open,-5.827492460050137,-6.039046324447231,-5.681816046715975,0.33156839179973413,1.929655970103842,157,785,156,780,-0.00861941293208146,-0.0021334367726919545,0.00656161076772563,0.00656161076772563,0.000234120155013137,28.026680434059358,28.026680434059358,True
80,2022-01-03 14:30:00+00:00,2022-01-03 14:30:00+00:00,2022-01-03 14:35:00+00:00,2022-01-04 20:00:00+00:00,xau_rich_uup_cheap,short_xau_long_uup,xau_down_uup_up,Monday,14,9,us_open,3.756946010831321,3.756946010831321,3.7075852641129576,-0.2187925632186996,-2.135431914171919,144,720,143,715,-0.01322720355846907,0.004682926829268297,0.00028448085937512113,0.0033901353877004332,0.0012834991878165531,0.22164475215529406,2.6413225811756225,True
81,2022-01-19 20:00:00+00:00,2022-01-19 20:00:00+00:00,2022-01-19 20:05:00+00:00,2022-01-20 20:00:00+00:00,xau_rich_uup_cheap,short_xau_long_uup,xau_up_uup_down,Wednesday,20,15,us_close,3.391402356941332,3.391402356941332,3.354114038698192,-0.3912744987287993,-1.7271220197697255,78,390,77,385,0.00029061319383894,-0.00019535065442466415,0.0015650834292867026,0.0015650834292867026,0.0014281749002014199,1.0958625789222134,1.0958625789222134,True
82,2022-02-14 15:25:00+00:00,2022-02-14 15:35:00+00:00,2022-02-14 15:40:00+00:00,2022-02-18 16:00:00+00:00,xau_rich_uup_cheap,short_xau_long_uup,xau_down_uup_up,Monday,15,10,us_open,3.1595910662075193,3.1775765240775145,3.1395637267072174,0.29418051525374844,-0.6089005780690452,319,1595,316,1580,-8.605851979359702e-05,0.0005820721769500548,-0.009105526049010795,0.006718871163164764,0.012126324419970901,-0.7508892005243453,0.5540731824805399,False
83,2022-03-09 14:30:00+00:00,2022-03-09 14:30:00+00:00,2022-03-09 14:35:00+00:00,2022-03-10 20:00:00+00:00,xau_cheap_uup_rich,long_xau_short_uup,xau_down_uup_down,Wednesday,14,9,us_open,-3.3535211206020428,-3.3535211206020428,-3.34995292841283,0.23127193297252496,2.6997983256032496,144,720,143,715,-0.028964688675302885,-0.009238310708899022,-0.0007939167047675444,0.004371465297275929,0.001308046380083647,-0.6069484361225593,3.3419803485839563,False
84,2022-03-28 13:30:00+00:00,2022-03-28 14:20:00+00:00,2022-03-28 13:35:00+00:00,2022-03-29 13:40:00+00:00,xau_rich_uup_cheap,short_xau_long_uup,xau_down_uup_up,Monday,13,9,us_open,4.120439863781964,4.234956076808124,4.106492792875656,-0.1431508759048034,-1.702706946451363,80,400,79,395,-0.011969323473021154,0.0037842951750235443,0.0002455139301937928,0.007014605940597596,0.0023972444594817944,0.10241505793149892,2.9261120670663363,True
85,2022-04-25 13:30:00+00:00,2022-04-25 13:30:00+00:00,2022-04-25 13:35:00+00:00,2022-04-27 13:30:00+00:00,xau_rich_uup_cheap,short_xau_long_uup,xau_down_uup_up,Monday,13,9,us_open,5.896518048103919,5.896518048103919,5.694683894155705,-0.4230111685069904,-2.4827788337990464,156,780,155,775,-0.01845335402177839,0.004623636027371925,0.010089706993802136,0.010089706993802136,0.0008314063175144768,12.135711241605343,12.135711241605343,True
86,2022-05-26 19:00:00+00:00,2022-05-26 19:00:00+00:00,2022-05-26 19:05:00+00:00,2022-05-27 19:50:00+00:00,xau_cheap_uup_rich,long_xau_short_uup,xau_up_uup_up,Thursday,19,15,us_close,-3.37579377525258,-3.37579377525258,-3.3146411331731196,-0.4716755055207451,0.5608986621402847,88,440,87,435,0.0011006835824354244,0.0,0.0006498735248838449,0.0024277247609905466,0.0007829662894100405,0.8300146937022281,3.1006759726779807,True
87,2022-06-13 19:00:00+00:00,2022-06-13 19:00:00+00:00,2022-06-13 19:05:00+00:00,2022-06-15 13:40:00+00:00,xau_rich_uup_cheap,short_xau_long_uup,xau_down_uup_up,Monday,19,15,us_close,3.1327795510533707,3.1327795510533707,3.0987109988388615,-0.4849608272895999,-2.5793430707323735,92,460,91,455,-0.00038176905908604564,0.0005345687811832978,0.0002821405946762935,0.005873679624972622,0.0007915548894991793,0.35643844592357365,7.420432496714067,True
88,2022-07-14 13:30:00+00:00,2022-07-14 13:30:00+00:00,2022-07-14 13:35:00+00:00,2022-07-15 19:00:00+00:00,xau_rich_uup_cheap,short_xau_long_uup,xau_down_uup_up,Thursday,13,9,us_open,3.3592315931611463,3.3592315931611463,3.330844101883094,-0.3775550458620576,-1.5009259728598534,144,720,143,715,-0.017271264083199123,0.010747096550528745,-0.006661730231923626,0.000827391587095952,0.008547461530926281,-0.7793811306222632,0.09679968539224162,False
89,2022-08-15 19:30:00+00:00,2022-08-15 19:30:00+00:00,2022-08-15 19:35:00+00:00,2022-08-16 19:00:00+00:00,xau_rich_uup_cheap,short_xau_long_uup,xau_up_uup_up,Monday,19,15,us_close,3.20565083295999,3.20565083295999,3.181997222498083,-0.01194279228986742,-2.1920093122946183,72,360,71,355,0.0007236544549977797,0.0,0.0008551107731926122,0.0019230507229869573,0.0006362809657414364,1.3439200907042395,3.0223294841864274,True
90,2022-10-10 13:30:00+00:00,2022-10-10 13:30:00+00:00,2022-10-10 13:35:00+00:00,2022-10-11 19:00:00+00:00,xau_rich_uup_cheap,short_xau_long_uup,xau_down_uup_up,Monday,13,9,us_open,6.1225105126981045,6.1225105126981045,5.95799031185051,-0.1038427112932506,-1.7700803736213355,144,720,143,715,-0.01244497925836796,0.0026372177352891324,0.0018803221041387786,0.0024735061499983084,0.006380017813916121,0.29472051003328115,0.3876958062096765,True
91,2022-10-21 13:30:00+00:00,2022-10-21 13:30:00+00:00,2022-10-21 13:35:00+00:00,2022-10-26 19:00:00+00:00,xau_cheap_uup_rich,long_xau_short_uup,xau_up_uup_up,Friday,13,9,us_open,-3.4541931555248855,-3.4541931555248855,-3.2000856255051673,-0.2626866651694207,-0.3929477104856047,300,1500,299,1495,0.0049235039487163235,0.0019740088830400015,0.020249079854331227,0.023312392081280463,0.0006076188917490389,33.32529671031786,38.3667993175384,True
92,2022-11-30 14:30:00+00:00,2022-11-30 14:45:00+00:00,2022-11-30 14:35:00+00:00,2022-12-05 20:00:00+00:00,xau_rich_uup_cheap,short_xau_long_uup,xau_up_uup_down,Wednesday,14,9,us_open,3.5895488117626297,3.6975686264456114,3.569341166771902,-0.29980476960739155,-1.136941797211778,300,1500,299,1495,0.0055893372642958905,-0.003816793893129722,-0.00788024423208368,0.006066718840427675,0.020750644733242077,-0.3797590066905103,0.29236290816106186,False
93,2022-12-09 14:30:00+00:00,2022-12-09 14:40:00+00:00,2022-12-09 14:45:00+00:00,2022-12-14 20:00:00+00:00,xau_cheap_uup_rich,long_xau_short_uup,xau_up_uup_up,Friday,14,9,us_open,-3.821834543676644,-4.172214493550422,-4.00394316597755,0.19584648745071212,-0.18826229189420465,300,1500,297,1485,0.005107252298263587,0.0010595090941196705,0.006011417068792557,0.013627242258997852,0.009787748827860864,0.6141777005638964,1.392275435206087,True
94,2023-01-03 14:30:00+00:00,2023-01-03 14:30:00+00:00,2023-01-03 14:35:00+00:00,2023-01-09 16:00:00+00:00,xau_cheap_uup_rich,long_xau_short_uup,xau_up_uup_up,Tuesday,14,9,us_open,-5.9245476894600015,-5.9245476894600015,-5.716244510077449,0.4977960224713963,1.170642214551569,330,1650,329,1645,0.012025465692053983,0.008811364862434834,0.013442847372038685,0.013942974605121294,0.01003797880877114,1.339198620372897,1.3890221199648267,True
95,2023-01-16 14:55:00+00:00,2023-01-16 15:55:00+00:00,2023-01-16 15:10:00+00:00,2023-01-16 20:30:00+00:00,xau_cheap_uup_rich,long_xau_short_uup,xau_up_uup_up,Monday,14,9,us_open,-3.0157229930352676,-3.4016435942604466,-3.04803778695288,-0.3648794637983896,-0.08873074134534946,67,335,64,320,0.0,0.0,0.0,0.0,-0.0,,,False
96,2023-01-30 20:45:00+00:00,2023-01-30 20:45:00+00:00,2023-01-30 20:50:00+00:00,2023-02-01 19:35:00+00:00,xau_cheap_uup_rich,long_xau_short_uup,xau_down_uup_up,Monday,20,15,us_close,-3.066908611372264,-3.066908611372264,-2.9755317780377517,-0.376419079631894,-0.6840502576121927,142,710,141,705,-0.00019577133907588973,0.0001814552712755546,0.005927369486358191,0.005927369486358191,0.0010494814705323914,5.64790294329951,5.64790294329951,True
97,2023-02-06 20:30:00+00:00,2023-02-06 20:45:00+00:00,2023-02-06 20:50:00+00:00,2023-02-07 20:00:00+00:00,xau_cheap_uup_rich,long_xau_short_uup,xau_down_uup_up,Monday,20,15,us_close,-3.3923240059764717,-3.812700135215449,-3.7762990440449924,0.038774537742879304,0.2261267350516167,72,360,68,340,-0.0003743700503959779,0.0,0.0007463578282067785,0.007092245902215023,0.0014006584658840192,0.5328621119179957,5.063508396201914,True
98,2023-03-07 14:30:00+00:00,2023-03-07 14:35:00+00:00,2023-03-07 14:40:00+00:00,2023-03-08 20:00:00+00:00,xau_rich_uup_cheap,short_xau_long_uup,xau_down_uup_up,Tuesday,14,9,us_open,3.193609643707006,3.200695799337766,3.1304558988292848,-0.08998516985996888,-1.4279453953312102,144,720,142,710,-0.007832061957724346,0.0030072527861313425,0.008918183518276002,0.009633621016509025,0.0005598562816314591,15.929415835592327,17.20731075560321,True
99,2023-03-15 13:30:00+00:00,2023-03-15 13:30:00+00:00,2023-03-15 13:35:00+00:00,2023-03-16 19:00:00+00:00,xau_cheap_uup_rich,long_xau_short_uup,xau_up_uup_up,Wednesday,13,9,us_open,-4.949083227272995,-4.949083227272995,-4.847287320894719,-0.07098802000270359,0.6110646147993589,144,720,143,715,0.01021848359961619,0.012275395837039627,0.0018517172181281769,0.005668941166185578,0.002015960548672475,0.9185284996512192,2.812029813737485,True
100,2023-04-13 19:00:00+00:00,2023-04-14 13:30:00+00:00,2023-04-13 19:05:00+00:00,2023-04-17 13:30:00+00:00,xau_rich_uup_cheap,short_xau_long_uup,xau_down_uup_up,Thursday,19,15,us_close,3.052588610193379,3.1632118944690903,3.043127950894177,0.37972831974275745,-2.045143786500375,90,450,89,445,-0.0013447593935398405,0.0,0.012604655212959531,0.012604655212959531,0.0006161790271914605,20.45615747490053,20.45615747490053,True
101,2023-05-04 19:00:00+00:00,2023-05-05 13:30:00+00:00,2023-05-04 19:05:00+00:00,2023-05-08 19:00:00+00:00,xau_rich_uup_cheap,short_xau_long_uup,xau_up_uup_down,Thursday,19,15,us_close,3.313367156726467,8.12569369127132,3.244472454473224,-0.3146103929480119,-1.3900836157268708,156,780,155,775,0.0005519053876477109,-0.00018050541516245744,0.005695860571759564,0.010741669163563047,0.0003737832712192538,15.238404204607878,28.737693713591046,True
102,2023-05-31 13:30:00+00:00,2023-05-31 13:30:00+00:00,2023-05-31 13:35:00+00:00,2023-06-01 19:00:00+00:00,xau_cheap_uup_rich,long_xau_short_uup,xau_up_uup_up,Wednesday,13,9,us_open,-4.176754808387206,-4.176754808387206,-4.141601349332408,0.08174877152795423,-0.297213194603862,144,720,143,715,0.001894615447980419,0.002976711609175231,0.007168909721640864,0.009371617827857486,0.000609160911759567,11.76849923107082,15.384470091469723,True
103,2023-06-20 13:30:00+00:00,2023-06-20 13:30:00+00:00,2023-06-20 13:35:00+00:00,2023-06-21 19:00:00+00:00,xau_rich_uup_cheap,short_xau_long_uup,xau_down_uup_up,Tuesday,13,9,us_open,4.449006882119589,4.449006882119589,4.336750931864704,0.24628271988307798,-3.134467022508891,144,720,143,715,-0.00933061763734444,0.002486236902859096,-0.0034899791525629903,0.002682531933080127,0.004188763939316169,-0.8331763744921711,0.640411341374864,False
104,2023-08-01 13:30:00+00:00,2023-08-01 13:30:00+00:00,2023-08-01 13:35:00+00:00,2023-08-03 19:00:00+00:00,xau_rich_uup_cheap,short_xau_long_uup,xau_down_uup_up,Tuesday,13,9,us_open,3.2863571033548826,3.2863571033548826,3.2321854828023517,0.08745590973735229,-1.6566386894314569,222,1110,221,1105,-0.008605097286927932,0.004428697962798989,0.004593702212367941,0.006147160489757941,0.0007198608794180566,6.381374990236363,8.539372905952845,True
105,2023-08-23 13:30:00+00:00,2023-08-23 13:30:00+00:00,2023-08-23 13:35:00+00:00,2023-08-24 19:00:00+00:00,xau_cheap_uup_rich,long_xau_short_uup,xau_up_uup_up,Wednesday,13,9,us_open,-3.5470734075428307,-3.5470734075428307,-3.3896514942906917,-0.14403059286544495,0.14003394421832904,144,720,143,715,0.007582426944594323,0.0010405827263266776,0.0021985950271147473,0.005419886070608082,0.000552010564645955,3.9828857777837423,9.818446272100344,True
106,2023-09-22 19:00:00+00:00,2023-09-22 19:00:00+00:00,2023-09-22 19:05:00+00:00,2023-09-26 13:30:00+00:00,xau_cheap_uup_rich,long_xau_short_uup,xau_down_uup_down,Friday,19,15,us_close,-4.276693674969497,-4.276693674969497,-4.24195694162358,-0.290161079757467,0.013608153406191934,90,450,89,445,-0.00033596505963384704,-0.0003384667456423074,-0.00930368908113075,0.000279747422752763,0.00930368908113075,-1.0,0.03006844062750677,False
107,2023-11-16 20:00:00+00:00,2023-11-16 20:15:00+00:00,2023-11-16 20:05:00+00:00,2023-11-22 14:30:00+00:00,xau_rich_uup_cheap,short_xau_long_uup,xau_up_uup_up,Thursday,20,15,us_close,3.498370498962573,3.560701829559355,3.4421864487889158,0.4903737969839973,-1.6014506156469903,246,1230,245,1225,0.00040790797596046424,0.00016986580601341394,-0.004775700333694372,0.0010554943813505999,0.010597709033762674,-0.4506351626072885,0.09959646731080811,False
108,2023-12-18 14:30:00+00:00,2023-12-18 14:30:00+00:00,2023-12-18 14:35:00+00:00,2023-12-19 20:00:00+00:00,xau_cheap_uup_rich,long_xau_short_uup,xau_up_uup_down,Monday,14,9,us_open,-3.572284916190947,-3.572284916190947,-3.5377861235790324,-0.061119027326912,-0.046252838251655666,144,720,143,715,0.0012550066755674383,-0.06003784620677799,0.007251440641622109,0.01012878470379328,0.0007316337591410261,9.911298584876205,13.844064160851422,True
109,2024-01-30 20:00:00+00:00,2024-01-30 20:00:00+00:00,2024-01-30 20:05:00+00:00,2024-02-06 20:00:00+00:00,xau_rich_uup_cheap,short_xau_long_uup,xau_up_uup_down,Tuesday,20,15,us_close,3.8299080608799856,3.8299080608799856,3.77437120147101,0.15768615209373052,-1.8530217557093323,390,1950,389,1945,0.0002120890774124362,-0.00036003600360023924,0.005871086134942259,0.011611624320925402,0.006711026201076258,0.8748417841075785,1.7302308131449742,True
110,2024-02-26 14:30:00+00:00,2024-02-26 14:30:00+00:00,2024-02-26 14:35:00+00:00,2024-02-27 20:00:00+00:00,xau_cheap_uup_rich,long_xau_short_uup,xau_down_uup_down,Monday,14,9,us_open,-4.468298305441738,-4.468298305441738,-4.386606090139565,-0.46362206723313215,0.5291085004941447,144,720,143,715,-0.004110642586257263,-0.0016048502139799359,0.00043353610657724474,0.002692525275819877,0.0009784482044636817,0.44308539235848415,2.751832200760933,True
111,2024-03-28 13:30:00+00:00,2024-03-28 13:30:00+00:00,2024-03-28 13:35:00+00:00,2024-03-29 19:00:00+00:00,xau_cheap_uup_rich,long_xau_short_uup,xau_up_uup_up,Thursday,13,9,us_open,-3.7000701217790617,-3.7000701217790617,-3.6106907032505693,0.36994088140404796,1.5829630238087355,144,720,143,715,0.00791322568716879,0.0010604453870626251,0.0024239423817954196,0.0036886889373815967,-0.0,inf,inf,True
112,2024-07-12 19:00:00+00:00,2024-07-12 19:20:00+00:00,2024-07-12 19:15:00+00:00,2024-07-17 19:00:00+00:00,xau_cheap_uup_rich,long_xau_short_uup,xau_down_uup_down,Friday,19,15,us_close,-3.466903608284102,-3.592390736319531,-3.453960795051453,-0.036698877506023214,0.464695878173042,234,1170,231,1155,-0.0006045137023105163,-0.00017418568193694473,0.01367583211082225,0.020549664108899718,0.00033056645097136303,41.37090158615941,62.16500206997696,True
113,2024-08-16 19:00:00+00:00,2024-08-16 19:00:00+00:00,2024-08-16 19:05:00+00:00,2024-08-19 19:00:00+00:00,xau_rich_uup_cheap,short_xau_long_uup,xau_up_uup_down,Friday,19,15,us_close,4.437838119219329,4.437838119219329,4.3587516019550065,-0.09243999067722215,-3.804253342558942,78,390,77,385,0.0014280768564998159,-0.0007033585370141981,-0.003991367210066974,0.0001393368133224372,0.004238563083747025,-0.941679321789987,0.03287359668108538,False
114,2024-10-01 13:30:00+00:00,2024-10-01 14:00:00+00:00,2024-10-01 13:35:00+00:00,2024-10-02 19:00:00+00:00,xau_cheap_uup_rich,long_xau_short_uup,xau_up_uup_up,Tuesday,13,9,us_open,-3.322021570894771,-3.5331208682378312,-3.2707425192070145,0.19542770480825059,0.9514443619879861,144,720,143,715,0.013781311799604401,0.0028378857750974706,-0.004109594520292675,0.0015599921822665958,0.006461419658270455,-0.6360203697700546,0.2414318005594707,False
115,2024-10-21 19:00:00+00:00,2024-10-22 13:30:00+00:00,2024-10-21 19:05:00+00:00,2024-10-22 19:00:00+00:00,xau_cheap_uup_rich,long_xau_short_uup,xau_down_uup_up,Monday,19,15,us_close,-3.6214401124783446,-4.7351793840008725,-3.6079241856365294,-0.4725587287679077,1.1576470461548425,78,390,77,385,-0.001492329426746486,0.0,0.004567358325828764,0.00528727324423998,-0.0,inf,inf,True
116,2024-12-10 19:40:00+00:00,2024-12-10 19:40:00+00:00,2024-12-10 19:45:00+00:00,2024-12-13 20:00:00+00:00,xau_cheap_uup_rich,long_xau_short_uup,xau_up_uup_up,Tuesday,19,14,us_close,-5.9113537208089255,-5.9113537208089255,-5.730157322184155,0.38558366668127864,2.501589643236905,238,1190,237,1185,0.02122849920881187,0.0035064284521622024,-0.009245753688933801,0.0016785444991536766,0.009245753688933801,-1.0,0.1815476115443913,False
117,2024-12-26 17:00:00+00:00,2024-12-27 14:30:00+00:00,2024-12-26 17:05:00+00:00,2024-12-30 14:30:00+00:00,xau_cheap_uup_rich,long_xau_short_uup,xau_down_uup_down,Thursday,17,12,us_midday,-3.0802434296605563,-3.4508294944422233,-3.0506882995462496,0.19179478355985358,1.4773993951559476,126,630,125,625,-8.235197232975278e-05,-0.00034123869646807137,-0.004837363823747174,0.00087060456866288,0.004837363823747174,-1.0,0.17997500299418917,False
118,2025-01-02 14:30:00+00:00,2025-01-02 14:30:00+00:00,2025-01-02 14:35:00+00:00,2025-01-06 14:30:00+00:00,xau_cheap_uup_rich,long_xau_short_uup,xau_up_uup_up,Thursday,14,9,us_open,-3.6009269326992426,-3.6009269326992426,-3.495791986470574,-0.01364614944473079,2.061815747662699,156,780,155,775,0.009520465903927855,0.0033996260411355284,0.0003178683302541836,0.0003178683302541836,0.003276938606979004,0.0970016129008975,0.0970016129008975,True
119,2025-01-09 20:00:00+00:00,2025-01-13 20:20:00+00:00,2025-01-09 20:05:00+00:00,2025-01-15 18:30:00+00:00,xau_rich_uup_cheap,short_xau_long_uup,xau_up_uup_up,Thursday,20,15,us_close,3.0088877391155684,3.6902765344593416,2.9691038154258047,0.49825549439115646,-1.198068957064075,294,1470,293,1465,0.0,0.0,-0.004353275125510521,0.005934482282692744,0.004435665016394459,-0.9814255831810065,1.3379013655807135,False
120,2025-01-27 20:35:00+00:00,2025-01-27 20:50:00+00:00,2025-01-27 20:40:00+00:00,2025-01-29 20:00:00+00:00,xau_cheap_uup_rich,long_xau_short_uup,xau_up_uup_down,Monday,20,15,us_close,-3.1703404230775205,-3.190029651177879,-3.1131690126325235,0.4983558489582627,1.0876776367878696,149,745,148,740,0.0007910766553280713,-0.00017132088401572432,-0.0014798349634366124,0.0014195762219434372,0.003613854957904979,-0.4094893073114647,0.39281494096442454,False
121,2025-02-18 14:30:00+00:00,2025-02-18 14:30:00+00:00,2025-02-18 14:35:00+00:00,2025-02-20 20:55:00+00:00,xau_cheap_uup_rich,long_xau_short_uup,xau_up_uup_up,Tuesday,14,9,us_open,-4.321736479951945,-4.321736479951945,-4.2954584333870285,0.4985258080933752,4.0,233,1165,232,1160,0.0132011342084013,0.002232909653040238,0.006209527124941384,0.006268867702770243,0.0026190809605134424,2.3708801745953183,2.3935371976975084,True
122,2025-04-01 14:10:00+00:00,2025-04-01 14:10:00+00:00,2025-04-01 14:15:00+00:00,2025-04-02 13:30:00+00:00,xau_cheap_uup_rich,long_xau_short_uup,xau_down_uup_down,Tuesday,14,10,us_open,-3.0423600908298876,-3.0423600908298876,-3.013379048696597,-0.16260582535576276,0.5783359924825525,70,350,69,345,-0.0023712268069786546,-0.0019237495627841827,0.0010992921311770139,0.0010992921311770139,0.005471527555917327,0.2009113762002634,0.2009113762002634,True
123,2025-04-09 13:30:00+00:00,2025-04-09 13:30:00+00:00,2025-04-09 13:35:00+00:00,2025-04-10 16:20:00+00:00,xau_rich_uup_cheap,short_xau_long_uup,xau_up_uup_down,Wednesday,13,9,us_open,3.3060662826201797,3.3060662826201797,3.3013009317166975,0.4980877336453983,-2.8241179067293185,112,560,111,555,0.031227821149751644,-0.006379585326953707,-0.015835918441739788,0.01003974127284702,0.01739934206115743,-0.9101446701879691,0.57701844343068,False
124,2025-05-14 13:30:00+00:00,2025-05-14 13:30:00+00:00,2025-05-14 13:35:00+00:00,2025-05-15 19:00:00+00:00,xau_cheap_uup_rich,long_xau_short_uup,xau_down_uup_down,Wednesday,13,9,us_open,-3.9457164785527254,-3.9457164785527254,-3.9161804372656674,-0.34207547252231885,0.8910452075177914,144,720,143,715,-0.01788308370485403,-0.0032345013477088624,0.004327483629708961,0.005162223013154825,0.005321349273878826,0.8132305186114163,0.9700966329150555,True
125,2025-05-27 13:30:00+00:00,2025-05-27 13:30:00+00:00,2025-05-27 13:35:00+00:00,2025-05-28 14:10:00+00:00,xau_rich_uup_cheap,short_xau_long_uup,xau_down_uup_up,Tuesday,13,9,us_open,3.524897017590032,3.524897017590032,3.495317993210035,0.4935601121379027,-4.0,86,430,85,425,-0.017205758925689096,0.002193383293730422,0.003495674422385076,0.005132841095084562,8.878950310764466e-05,39.3703568556642,57.80909809644639,True
126,2025-06-13 19:00:00+00:00,2025-06-13 19:00:00+00:00,2025-06-13 19:05:00+00:00,2025-06-17 19:00:00+00:00,xau_cheap_uup_rich,long_xau_short_uup,xau_up_uup_up,Friday,19,15,us_close,-4.585813982074389,-4.585813982074389,-4.524727951243221,0.04332380324859485,1.7765698275010813,156,780,155,775,0.0002210887039464371,0.0003678499172339311,-0.010009524636744899,0.00029618741653685346,0.010313049294814398,-0.9705688735316995,0.028719674275752977,False
127,2025-07-11 13:30:00+00:00,2025-07-11 13:30:00+00:00,2025-07-11 13:35:00+00:00,2025-07-14 19:00:00+00:00,xau_cheap_uup_rich,long_xau_short_uup,xau_up_uup_up,Friday,13,9,us_open,-3.1577577266592454,-3.1577577266592454,-3.0448623896632943,-0.16994718183969476,1.046417293241893,144,720,143,715,0.010077911895856051,0.0018426386585590482,-0.0033106585347194946,0.0008175384471879396,0.004211091936909759,-0.786175791058356,0.19413930150094913,False
128,2025-07-31 19:05:00+00:00,2025-07-31 19:35:00+00:00,2025-07-31 19:10:00+00:00,2025-08-04 19:00:00+00:00,xau_cheap_uup_rich,long_xau_short_uup,xau_down_uup_up,Thursday,19,15,us_close,-3.0112511426566217,-3.1980298712730586,-2.9887676210365273,-0.21321614709337322,0.5710593676992117,155,775,154,770,-8.238725304410277e-05,0.00035887313834570556,0.019907856660668743,0.02194191132399518,0.0011677516866826932,17.04802218459839,18.789877654835138,True
129,2025-09-02 13:30:00+00:00,2025-09-02 13:30:00+00:00,2025-09-02 13:35:00+00:00,2025-09-09 19:00:00+00:00,xau_cheap_uup_rich,long_xau_short_uup,xau_up_uup_up,Tuesday,13,9,us_open,-7.798720893620036,-7.798720893620036,-7.3936406004026844,-0.194569012191171,1.1195596718625853,456,2280,455,2275,0.008191437510809196,0.006575342465753309,0.023273597262980786,0.028719692578890767,-0.0,inf,inf,True
130,2025-09-29 13:30:00+00:00,2025-09-29 13:30:00+00:00,2025-09-29 13:35:00+00:00,2025-09-30 19:10:00+00:00,xau_rich_uup_cheap,short_xau_long_uup,xau_up_uup_down,Monday,13,9,us_open,3.7791397139007086,3.7791397139007086,3.6955086451588746,-0.48968889162513346,-3.0062513660392556,146,730,145,725,0.014118189414239257,-0.0032602789349754913,-0.0018780540693233718,0.001013220097743993,0.002919473511130817,-0.6432851889777668,0.34705575984196424,False
131,2025-12-26 14:30:00+00:00,2025-12-26 14:40:00+00:00,2025-12-26 14:35:00+00:00,2025-12-31 20:00:00+00:00,xau_rich_uup_cheap,short_xau_long_uup,xau_up_uup_down,Friday,14,9,us_open,4.4152133912710125,4.846659798459875,4.238361452628473,0.15682627315202408,-3.5014507370300767,300,1500,299,1495,0.0115945900007286,-0.0003711263685285404,0.014506542717401125,0.014645721462415693,0.0007070781192638799,20.51618105861273,20.713017505990656,True
132,2026-02-18 20:00:00+00:00,2026-02-18 20:00:00+00:00,2026-02-18 20:05:00+00:00,2026-02-19 20:00:00+00:00,xau_cheap_uup_rich,long_xau_short_uup,xau_up_uup_down,Wednesday,20,15,us_close,-3.40294651278582,-3.40294651278582,-3.336488599516674,-0.3862907111732372,2.848575072534352,78,390,77,385,0.0,-0.00036948087936450325,-0.001238414612005842,0.0007449591311661824,0.0031615303124420406,-0.39171366067000046,0.23563244933456243,False
133,2026-03-18 13:30:00+00:00,2026-03-18 13:30:00+00:00,2026-03-18 13:35:00+00:00,2026-03-19 14:30:00+00:00,xau_rich_uup_cheap,short_xau_long_uup,xau_down_uup_up,Wednesday,13,9,us_open,3.829084136777411,3.829084136777411,3.7977012298860733,-0.3970090041341838,-3.7985624747868947,90,450,89,445,-0.028253816170546453,0.0032532080245797346,0.010378224415438848,0.01475310885511339,0.0015839204804029515,6.552238287113135,9.314298942179333,True
